Variable	Table	SASLabel	EnglishText	EnglishInstructions	Target	UseConstraints	IsPhenotype	OntologyMapped
SEQN	DEMO_L	"Respondent sequence number
            English Text: 
            Respondent sequence number.
            Target: 
             Both males and females 0 YEARS -
			150 YEARS"	"Respondent sequence number
            English Text: 
            Respondent sequence number.
            Target: 
             Both males and females 0 YEARS -
			150 YEARS"				FALSE	False
SDDSRVYR	DEMO_L	"Data release cycle
            English Text: 
            Data release cycle
            Target: 
             Both males and females 0 YEARS -
			150 YEARS"	"Data release cycle
            English Text: 
            Data release cycle
            Target: 
             Both males and females 0 YEARS -
			150 YEARS"				FALSE	False
RIDSTATR	DEMO_L	"Interview/Examination status
            English Text: 
            Interview and examination status of the participant.
            Target: 
             Both males and females 0 YEARS -
			150 YEARS"	"Interview/Examination status
            English Text: 
            Interview and examination status of the participant.
            Target: 
             Both males and females 0 YEARS -
			150 YEARS"				FALSE	False
RIAGENDR	DEMO_L	"Gender
            English Text: 
            Gender of the participant.
            Target: 
             Both males and females 0 YEARS -
			150 YEARS"	"Gender
            English Text: 
            Gender of the participant.
            Target: 
             Both males and females 0 YEARS -
			150 YEARS"				FALSE	False
RIDAGEYR	DEMO_L	"Age in years at screening
            English Text: 
            Age in years of the participant at the time of screening. Individuals 80 and over are top-coded at 80 years of age.
            Target: 
             Both males and females 0 YEARS -
			150 YEARS"	"Age in years at screening
            English Text: 
            Age in years of the participant at the time of screening. Individuals 80 and over are top-coded at 80 years of age.
            Target: 
             Both males and females 0 YEARS -
			150 YEARS"				FALSE	False
RIDAGEMN	DEMO_L	"Age in months at screening - 0 to 24 mos
            English Text: 
            Age in months of the participant at the time of screening. Reported for persons aged 24 months or younger at the time of exam (or screening if not examined).
            Target: 
             Both males and females 0 YEARS -
			2 YEARS"	"Age in months at screening - 0 to 24 mos
            English Text: 
            Age in months of the participant at the time of screening. Reported for persons aged 24 months or younger at the time of exam (or screening if not examined).
            Target: 
             Both males and females 0 YEARS -
			2 YEARS"				FALSE	False
RIDRETH1	DEMO_L	"Race/Hispanic origin
            English Text: 
            Recode of reported race and Hispanic origin information
            Target: 
             Both males and females 0 YEARS -
			150 YEARS"	"Race/Hispanic origin
            English Text: 
            Recode of reported race and Hispanic origin information
            Target: 
             Both males and females 0 YEARS -
			150 YEARS"				FALSE	False
RIDRETH3	DEMO_L	"Race/Hispanic origin w/ NH Asian
            English Text: 
            Recode of reported race and Hispanic origin information, with Non-Hispanic Asian Category
            Target: 
             Both males and females 0 YEARS -
			150 YEARS"	"Race/Hispanic origin w/ NH Asian
            English Text: 
            Recode of reported race and Hispanic origin information, with Non-Hispanic Asian Category
            Target: 
             Both males and females 0 YEARS -
			150 YEARS"				FALSE	False
RIDEXMON	DEMO_L	"Six-month time period
            English Text: 
            Six month time period when the examination was performed - two categories: November 1 through April 30, May 1 through October 31.
            Target: 
             Both males and females 0 YEARS -
			150 YEARS"	"Six-month time period
            English Text: 
            Six month time period when the examination was performed - two categories: November 1 through April 30, May 1 through October 31.
            Target: 
             Both males and females 0 YEARS -
			150 YEARS"				FALSE	False
RIDEXAGM	DEMO_L	"Age in months at exam - 0 to 19 years
            English Text: 
            Age in months of the participant at the time of examination. Reported for persons aged 19 years or younger at the time of examination.
            Target: 
             Both males and females 0 YEARS -
			19 YEARS"	"Age in months at exam - 0 to 19 years
            English Text: 
            Age in months of the participant at the time of examination. Reported for persons aged 19 years or younger at the time of examination.
            Target: 
             Both males and females 0 YEARS -
			19 YEARS"				FALSE	False
DMQMILIZ	DEMO_L	"Served active duty in US Armed Forces
            English Text: 
            {Have you/Has SP} ever served on active duty in the U.S. Armed Forces, military Reserves, or National Guard? (Active duty does not include training for the Reserves or National Guard, but does include activation, for service in the U.S. or in a foreign country, in support of military or humanitarian operations.)
            Target: 
             Both males and females 17 YEARS -
			150 YEARS"	"Served active duty in US Armed Forces
            English Text: 
            {Have you/Has SP} ever served on active duty in the U.S. Armed Forces, military Reserves, or National Guard? (Active duty does not include training for the Reserves or National Guard, but does include activation, for service in the U.S. or in a foreign country, in support of military or humanitarian operations.)
            Target: 
             Both males and females 17 YEARS -
			150 YEARS"				FALSE	False
DMDBORN4	DEMO_L	"Country of birth
            English Text: 
            Country of birth
            Target: 
             Both males and females 0 YEARS -
			150 YEARS"	"Country of birth
            English Text: 
            Country of birth
            Target: 
             Both males and females 0 YEARS -
			150 YEARS"				FALSE	False
DMDYRUSR	DEMO_L	"Length of time in US
            English Text: 
            Length of time the participant has been in the US.
            Target: 
             Both males and females 0 YEARS -
			150 YEARS"	"Length of time in US
            English Text: 
            Length of time the participant has been in the US.
            Target: 
             Both males and females 0 YEARS -
			150 YEARS"				FALSE	False
DMDEDUC2	DEMO_L	"Education level - Adults 20+
            English Text: 
            What is the highest grade or level of school {you have/SP has} completed or the highest degree {you have/s/he has} received?
            English Instructions: 
            HAND CARD DMQ1
READ HAND CARD CATEGORIES IF NECESSARY
ENTER HIGHEST LEVEL OF SCHOOL
            Target: 
             Both males and females 20 YEARS -
			150 YEARS"	"Education level - Adults 20+
            English Text: 
            What is the highest grade or level of school {you have/SP has} completed or the highest degree {you have/s/he has} received?
            English Instructions: 
            HAND CARD DMQ1
READ HAND CARD CATEGORIES IF NECESSARY
ENTER HIGHEST LEVEL OF SCHOOL
            Target: 
             Both males and females 20 YEARS -
			150 YEARS"				FALSE	False
DMDMARTZ	DEMO_L	"Marital status
            English Text: 
            Marital status
            Target: 
             Both males and females 20 YEARS -
			150 YEARS"	"Marital status
            English Text: 
            Marital status
            Target: 
             Both males and females 20 YEARS -
			150 YEARS"				FALSE	False
RIDEXPRG	DEMO_L	"Pregnancy status at exam
            English Text: 
            Pregnancy status for females between 20 and 44 years of age at the time of MEC exam.
            Target: 
             Females only 20 YEARS -
			44 YEARS"	"Pregnancy status at exam
            English Text: 
            Pregnancy status for females between 20 and 44 years of age at the time of MEC exam.
            Target: 
             Females only 20 YEARS -
			44 YEARS"				FALSE	False
DMDHHSIZ	DEMO_L	"Total number of people in the Household
            English Text: 
            Total number of people in the Household
            Target: 
             Both males and females 0 YEARS -
			150 YEARS"	"Total number of people in the Household
            English Text: 
            Total number of people in the Household
            Target: 
             Both males and females 0 YEARS -
			150 YEARS"				FALSE	False
DMDHRGND	DEMO_L	"HH ref person’s gender
            English Text: 
            HH ref person’s gender
            Target: 
             Both males and females 0 YEARS -
			19 YEARS"	"HH ref person’s gender
            English Text: 
            HH ref person’s gender
            Target: 
             Both males and females 0 YEARS -
			19 YEARS"				FALSE	False
DMDHRAGZ	DEMO_L	"HH ref person’s age in years
            English Text: 
            HH ref person’s age in years
            Target: 
             Both males and females 0 YEARS -
			19 YEARS"	"HH ref person’s age in years
            English Text: 
            HH ref person’s age in years
            Target: 
             Both males and females 0 YEARS -
			19 YEARS"				FALSE	False
DMDHREDZ	DEMO_L	"HH ref person’s education level
            English Text: 
            HH ref person’s education level
            Target: 
             Both males and females 0 YEARS -
			19 YEARS"	"HH ref person’s education level
            English Text: 
            HH ref person’s education level
            Target: 
             Both males and females 0 YEARS -
			19 YEARS"				FALSE	False
DMDHRMAZ	DEMO_L	"HH ref person’s marital status
            English Text: 
            HH ref person’s marital status
            Target: 
             Both males and females 0 YEARS -
			19 YEARS"	"HH ref person’s marital status
            English Text: 
            HH ref person’s marital status
            Target: 
             Both males and females 0 YEARS -
			19 YEARS"				FALSE	False
DMDHSEDZ	DEMO_L	"HH ref person’s spouse’s education level
            English Text: 
            HH ref person’s spouse’s education level
            Target: 
             Both males and females 0 YEARS -
			19 YEARS"	"HH ref person’s spouse’s education level
            English Text: 
            HH ref person’s spouse’s education level
            Target: 
             Both males and females 0 YEARS -
			19 YEARS"				FALSE	False
WTINT2YR	DEMO_L	"Full sample 2-year interview weight
            English Text: 
            Full sample 2 year interview weight.
            Target: 
             Both males and females 0 YEARS -
			150 YEARS"	"Full sample 2-year interview weight
            English Text: 
            Full sample 2 year interview weight.
            Target: 
             Both males and females 0 YEARS -
			150 YEARS"				FALSE	False
WTMEC2YR	DEMO_L	"Full sample 2-year MEC exam weight
            English Text: 
            Full sample 2 year MEC exam weight.
            Target: 
             Both males and females 0 YEARS -
			150 YEARS"	"Full sample 2-year MEC exam weight
            English Text: 
            Full sample 2 year MEC exam weight.
            Target: 
             Both males and females 0 YEARS -
			150 YEARS"				FALSE	False
SDMVSTRA	DEMO_L	"Masked variance pseudo-stratum
            English Text: 
            Masked variance unit pseudo-stratum variable for variance estimation
            Target: 
             Both males and females 0 YEARS -
			150 YEARS"	"Masked variance pseudo-stratum
            English Text: 
            Masked variance unit pseudo-stratum variable for variance estimation
            Target: 
             Both males and females 0 YEARS -
			150 YEARS"				FALSE	False
SDMVPSU	DEMO_L	"Masked variance pseudo-PSU
            English Text: 
            Masked variance unit pseudo-PSU variable for variance estimation
            Target: 
             Both males and females 0 YEARS -
			150 YEARS"	"Masked variance pseudo-PSU
            English Text: 
            Masked variance unit pseudo-PSU variable for variance estimation
            Target: 
             Both males and females 0 YEARS -
			150 YEARS"				FALSE	False
INDFMPIR	DEMO_L	"Ratio of family income to poverty
            English Text: 
            Ratio of family income to poverty
            Target: 
             Both males and females 0 YEARS -
			150 YEARS"	"Ratio of family income to poverty
            English Text: 
            Ratio of family income to poverty
            Target: 
             Both males and females 0 YEARS -
			150 YEARS"				FALSE	False
SEQN	BAX_L	"Respondent sequence number
            English Text: 
            Respondent sequence number.
            Target: 
             Both males and females 20 YEARS -
			69 YEARS"	"Respondent sequence number
            English Text: 
            Respondent sequence number.
            Target: 
             Both males and females 20 YEARS -
			69 YEARS"				FALSE	False
BAXMSTAT	BAX_L	"MRT exam status
            English Text: 
            MRT exam status
            Target: 
             Both males and females 20 YEARS -
			69 YEARS"	"MRT exam status
            English Text: 
            MRT exam status
            Target: 
             Both males and females 20 YEARS -
			69 YEARS"				FALSE	False
BAXRXNC	BAX_L	"Reason for partial MRT exam
            English Text: 
            Reason for partial MRT exam
            Target: 
             Both males and females 20 YEARS -
			69 YEARS"	"Reason for partial MRT exam
            English Text: 
            Reason for partial MRT exam
            Target: 
             Both males and females 20 YEARS -
			69 YEARS"				FALSE	False
BAXRXND	BAX_L	"Reason for not done MRT exam
            English Text: 
            Reason for not done MRT exam
            Target: 
             Both males and females 20 YEARS -
			69 YEARS"	"Reason for not done MRT exam
            English Text: 
            Reason for not done MRT exam
            Target: 
             Both males and females 20 YEARS -
			69 YEARS"				FALSE	False
BAX5STAT	BAX_L	"Eligibility for Condition 5
            English Text: 
            Eligibility for Condition 5
            Target: 
             Both males and females 20 YEARS -
			69 YEARS"	"Eligibility for Condition 5
            English Text: 
            Eligibility for Condition 5
            Target: 
             Both males and females 20 YEARS -
			69 YEARS"				FALSE	False
BAQ110	BAX_L	"Can stand on your own?
            English Text: 
            Can stand on your own?
            Target: 
             Both males and females 20 YEARS -
			69 YEARS"	"Can stand on your own?
            English Text: 
            Can stand on your own?
            Target: 
             Both males and females 20 YEARS -
			69 YEARS"				FALSE	False
BAQ121	BAX_L	"Are you currently wearing a leg brace?
            English Text: 
            Are you currently wearing a leg brace?
            Target: 
             Both males and females 20 YEARS -
			69 YEARS"	"Are you currently wearing a leg brace?
            English Text: 
            Are you currently wearing a leg brace?
            Target: 
             Both males and females 20 YEARS -
			69 YEARS"				FALSE	False
BAQ125	BAX_L	"Injury to foot, leg, or hip
            English Text: 
            Injury to foot, leg, or hip
            Target: 
             Both males and females 20 YEARS -
			69 YEARS"	"Injury to foot, leg, or hip
            English Text: 
            Injury to foot, leg, or hip
            Target: 
             Both males and females 20 YEARS -
			69 YEARS"				FALSE	False
BAQ132	BAX_L	"Problems with dizzy, past 24 hours
            English Text: 
            Problems with dizzy, past 24 hours
            Target: 
             Both males and females 20 YEARS -
			69 YEARS"	"Problems with dizzy, past 24 hours
            English Text: 
            Problems with dizzy, past 24 hours
            Target: 
             Both males and females 20 YEARS -
			69 YEARS"				FALSE	False
BAQ140	BAX_L	"Last 12 months, fallen due to dizziness
            English Text: 
            Last 12 months, fallen due to dizziness
            Target: 
             Both males and females 20 YEARS -
			69 YEARS"	"Last 12 months, fallen due to dizziness
            English Text: 
            Last 12 months, fallen due to dizziness
            Target: 
             Both males and females 20 YEARS -
			69 YEARS"				FALSE	False
BAQ150	BAX_L	"Do you have neck pain now?
            English Text: 
            Do you have neck pain now?
            Target: 
             Both males and females 20 YEARS -
			69 YEARS"	"Do you have neck pain now?
            English Text: 
            Do you have neck pain now?
            Target: 
             Both males and females 20 YEARS -
			69 YEARS"				FALSE	False
BAQ160	BAX_L	"Have you ever had surgery on your neck?
            English Text: 
            Have you ever had surgery on your neck?
            Target: 
             Both males and females 20 YEARS -
			69 YEARS"	"Have you ever had surgery on your neck?
            English Text: 
            Have you ever had surgery on your neck?
            Target: 
             Both males and females 20 YEARS -
			69 YEARS"				FALSE	False
BAQ170	BAX_L	"Neck problem lasted more than 6 weeks
            English Text: 
            Neck problem lasted more than 6 weeks
            Target: 
             Both males and females 20 YEARS -
			69 YEARS"	"Neck problem lasted more than 6 weeks
            English Text: 
            Neck problem lasted more than 6 weeks
            Target: 
             Both males and females 20 YEARS -
			69 YEARS"				FALSE	False
BAQ201	BAX_L	"Can you move head 30 degrees left/right?
            English Text: 
            Can you move head 30 degrees left/right?
            Target: 
             Both males and females 20 YEARS -
			69 YEARS"	"Can you move head 30 degrees left/right?
            English Text: 
            Can you move head 30 degrees left/right?
            Target: 
             Both males and females 20 YEARS -
			69 YEARS"				FALSE	False
BAQ173	BAX_L	"Are you okay to begin this balance test?
            English Text: 
            Are you okay to begin this balance test?
            Target: 
             Both males and females 20 YEARS -
			69 YEARS"	"Are you okay to begin this balance test?
            English Text: 
            Are you okay to begin this balance test?
            Target: 
             Both males and females 20 YEARS -
			69 YEARS"				FALSE	False
BAXPF11	BAX_L	"MRT cond. 1, trial 1, eyes open
            English Text: 
            MRT cond. 1, trial 1, eyes open
            Target: 
             Both males and females 20 YEARS -
			69 YEARS"	"MRT cond. 1, trial 1, eyes open
            English Text: 
            MRT cond. 1, trial 1, eyes open
            Target: 
             Both males and females 20 YEARS -
			69 YEARS"				FALSE	False
BAXTC11	BAX_L	"MRT cond. 1, trial 1, time
            English Text: 
            MRT cond. 1, trial 1, time
            Target: 
             Both males and females 20 YEARS -
			69 YEARS"	"MRT cond. 1, trial 1, time
            English Text: 
            MRT cond. 1, trial 1, time
            Target: 
             Both males and females 20 YEARS -
			69 YEARS"				FALSE	False
BAARFC11	BAX_L	"MRT cond. 1, trial 1, reason stopped
            English Text: 
            MRT cond. 1, trial 1, reason stopped
            Target: 
             Both males and females 20 YEARS -
			69 YEARS"	"MRT cond. 1, trial 1, reason stopped
            English Text: 
            MRT cond. 1, trial 1, reason stopped
            Target: 
             Both males and females 20 YEARS -
			69 YEARS"				FALSE	False
BAXPF12	BAX_L	"MRT cond. 1, trial 2, eyes open
            English Text: 
            MRT cond. 1, trial 2, eyes open
            Target: 
             Both males and females 20 YEARS -
			69 YEARS"	"MRT cond. 1, trial 2, eyes open
            English Text: 
            MRT cond. 1, trial 2, eyes open
            Target: 
             Both males and females 20 YEARS -
			69 YEARS"				FALSE	False
BAXTC12	BAX_L	"MRT cond. 1, trial 2, time
            English Text: 
            MRT cond. 1, trial 2, time
            Target: 
             Both males and females 20 YEARS -
			69 YEARS"	"MRT cond. 1, trial 2, time
            English Text: 
            MRT cond. 1, trial 2, time
            Target: 
             Both males and females 20 YEARS -
			69 YEARS"				FALSE	False
BAARFC12	BAX_L	"MRT cond. 1, trial 2, reason stopped
            English Text: 
            MRT cond. 1, trial 2, reason stopped
            Target: 
             Both males and females 20 YEARS -
			69 YEARS"	"MRT cond. 1, trial 2, reason stopped
            English Text: 
            MRT cond. 1, trial 2, reason stopped
            Target: 
             Both males and females 20 YEARS -
			69 YEARS"				FALSE	False
BAXPF21	BAX_L	"MRT cond. 2, trial 1, eyes closed
            English Text: 
            MRT cond. 2, trial 1, eyes closed
            Target: 
             Both males and females 20 YEARS -
			69 YEARS"	"MRT cond. 2, trial 1, eyes closed
            English Text: 
            MRT cond. 2, trial 1, eyes closed
            Target: 
             Both males and females 20 YEARS -
			69 YEARS"				FALSE	False
BAXTC21	BAX_L	"MRT cond. 2, trial 1, time
            English Text: 
            MRT cond. 2, trial 1, time
            Target: 
             Both males and females 20 YEARS -
			69 YEARS"	"MRT cond. 2, trial 1, time
            English Text: 
            MRT cond. 2, trial 1, time
            Target: 
             Both males and females 20 YEARS -
			69 YEARS"				FALSE	False
BAARFC21	BAX_L	"MRT cond. 2, trial 1, reason stopped
            English Text: 
            MRT cond. 2, trial 1, reason stopped
            Target: 
             Both males and females 20 YEARS -
			69 YEARS"	"MRT cond. 2, trial 1, reason stopped
            English Text: 
            MRT cond. 2, trial 1, reason stopped
            Target: 
             Both males and females 20 YEARS -
			69 YEARS"				FALSE	False
BAXPF22	BAX_L	"MRT cond. 2, trial 2, eyes closed
            English Text: 
            MRT cond. 2, trial 2,  eyes closed
            Target: 
             Both males and females 20 YEARS -
			69 YEARS"	"MRT cond. 2, trial 2, eyes closed
            English Text: 
            MRT cond. 2, trial 2,  eyes closed
            Target: 
             Both males and females 20 YEARS -
			69 YEARS"				FALSE	False
BAXTC22	BAX_L	"MRT cond. 2, trial 2, time
            English Text: 
            MRT cond. 2, trial 2, time
            Target: 
             Both males and females 20 YEARS -
			69 YEARS"	"MRT cond. 2, trial 2, time
            English Text: 
            MRT cond. 2, trial 2, time
            Target: 
             Both males and females 20 YEARS -
			69 YEARS"				FALSE	False
BAARFC22	BAX_L	"MRT cond. 2, trial 2, reason stopped
            English Text: 
            MRT cond. 2, trial 2, reason stopped
            Target: 
             Both males and females 20 YEARS -
			69 YEARS"	"MRT cond. 2, trial 2, reason stopped
            English Text: 
            MRT cond. 2, trial 2, reason stopped
            Target: 
             Both males and females 20 YEARS -
			69 YEARS"				FALSE	False
BAXPF31	BAX_L	"MRT cond. 3, trial 1, eyes open
            English Text: 
            MRT cond. 3, trial 1,  eyes open
            Target: 
             Both males and females 20 YEARS -
			69 YEARS"	"MRT cond. 3, trial 1, eyes open
            English Text: 
            MRT cond. 3, trial 1,  eyes open
            Target: 
             Both males and females 20 YEARS -
			69 YEARS"				FALSE	False
BAXTC31	BAX_L	"MRT cond. 3, trial 1, time
            English Text: 
            MRT cond. 3, trial 1, time
            Target: 
             Both males and females 20 YEARS -
			69 YEARS"	"MRT cond. 3, trial 1, time
            English Text: 
            MRT cond. 3, trial 1, time
            Target: 
             Both males and females 20 YEARS -
			69 YEARS"				FALSE	False
BAARFC31	BAX_L	"MRT cond. 3, trial 1, reason stopped
            English Text: 
            MRT cond. 3, trial 1, reason stopped
            Target: 
             Both males and females 20 YEARS -
			69 YEARS"	"MRT cond. 3, trial 1, reason stopped
            English Text: 
            MRT cond. 3, trial 1, reason stopped
            Target: 
             Both males and females 20 YEARS -
			69 YEARS"				FALSE	False
BAXPF32	BAX_L	"MRT cond. 3, trial 2, eyes open
            English Text: 
            MRT cond. 3, trial 2, eyes open
            Target: 
             Both males and females 20 YEARS -
			69 YEARS"	"MRT cond. 3, trial 2, eyes open
            English Text: 
            MRT cond. 3, trial 2, eyes open
            Target: 
             Both males and females 20 YEARS -
			69 YEARS"				FALSE	False
BAXTC32	BAX_L	"MRT cond. 3, trial 2, time
            English Text: 
            MRT cond. 3, trial 2, time
            Target: 
             Both males and females 20 YEARS -
			69 YEARS"	"MRT cond. 3, trial 2, time
            English Text: 
            MRT cond. 3, trial 2, time
            Target: 
             Both males and females 20 YEARS -
			69 YEARS"				FALSE	False
BAARFC32	BAX_L	"MRT cond. 3, trial 2, reason stopped
            English Text: 
            MRT cond. 3, trial 2, reason stopped
            Target: 
             Both males and females 20 YEARS -
			69 YEARS"	"MRT cond. 3, trial 2, reason stopped
            English Text: 
            MRT cond. 3, trial 2, reason stopped
            Target: 
             Both males and females 20 YEARS -
			69 YEARS"				FALSE	False
BAXPF41	BAX_L	"MRT cond. 4, trial 1, eyes closed
            English Text: 
            MRT cond. 4, trial 1, eyes closed
            Target: 
             Both males and females 20 YEARS -
			69 YEARS"	"MRT cond. 4, trial 1, eyes closed
            English Text: 
            MRT cond. 4, trial 1, eyes closed
            Target: 
             Both males and females 20 YEARS -
			69 YEARS"				FALSE	False
BAXTC41	BAX_L	"MRT cond. 4, trial 1, time
            English Text: 
            MRT cond. 4, trial 1, time
            Target: 
             Both males and females 20 YEARS -
			69 YEARS"	"MRT cond. 4, trial 1, time
            English Text: 
            MRT cond. 4, trial 1, time
            Target: 
             Both males and females 20 YEARS -
			69 YEARS"				FALSE	False
BAARFC41	BAX_L	"MRT cond. 4, trial 1, reason stopped
            English Text: 
            MRT cond. 4, trial 1, reason stopped
            Target: 
             Both males and females 20 YEARS -
			69 YEARS"	"MRT cond. 4, trial 1, reason stopped
            English Text: 
            MRT cond. 4, trial 1, reason stopped
            Target: 
             Both males and females 20 YEARS -
			69 YEARS"				FALSE	False
BAXPF42	BAX_L	"MRT cond. 4, trial 2, eyes closed
            English Text: 
            MRT cond. 4, trial 2,  eyes closed
            Target: 
             Both males and females 20 YEARS -
			69 YEARS"	"MRT cond. 4, trial 2, eyes closed
            English Text: 
            MRT cond. 4, trial 2,  eyes closed
            Target: 
             Both males and females 20 YEARS -
			69 YEARS"				FALSE	False
BAXTC42	BAX_L	"MRT cond. 4, trial 2, time
            English Text: 
            MRT cond. 4, trial 2, time
            Target: 
             Both males and females 20 YEARS -
			69 YEARS"	"MRT cond. 4, trial 2, time
            English Text: 
            MRT cond. 4, trial 2, time
            Target: 
             Both males and females 20 YEARS -
			69 YEARS"				FALSE	False
BAARFC42	BAX_L	"MRT cond. 4, trial 2, reason stopped
            English Text: 
            MRT cond. 4, trial 2, reason stopped
            Target: 
             Both males and females 20 YEARS -
			69 YEARS"	"MRT cond. 4, trial 2, reason stopped
            English Text: 
            MRT cond. 4, trial 2, reason stopped
            Target: 
             Both males and females 20 YEARS -
			69 YEARS"				FALSE	False
BAXPF51	BAX_L	"MRT cond. 5, trial 1, eyes closed
            English Text: 
            MRT cond. 5, trial 1, eyes closed
            Target: 
             Both males and females 20 YEARS -
			69 YEARS"	"MRT cond. 5, trial 1, eyes closed
            English Text: 
            MRT cond. 5, trial 1, eyes closed
            Target: 
             Both males and females 20 YEARS -
			69 YEARS"				FALSE	False
BAXTC51	BAX_L	"MRT cond. 5, trial 1, time
            English Text: 
            MRT cond. 5, trial 1, time
            Target: 
             Both males and females 20 YEARS -
			69 YEARS"	"MRT cond. 5, trial 1, time
            English Text: 
            MRT cond. 5, trial 1, time
            Target: 
             Both males and females 20 YEARS -
			69 YEARS"				FALSE	False
BAARFC51	BAX_L	"MRT cond. 5, trial 1, reason stopped
            English Text: 
            MRT cond. 5, trial 1, reason stopped
            Target: 
             Both males and females 20 YEARS -
			69 YEARS"	"MRT cond. 5, trial 1, reason stopped
            English Text: 
            MRT cond. 5, trial 1, reason stopped
            Target: 
             Both males and females 20 YEARS -
			69 YEARS"				FALSE	False
BAXPF52	BAX_L	"MRT cond. 5, trial 2, eyes closed
            English Text: 
            MRT cond. 5, trial 2, eyes closed
            Target: 
             Both males and females 20 YEARS -
			69 YEARS"	"MRT cond. 5, trial 2, eyes closed
            English Text: 
            MRT cond. 5, trial 2, eyes closed
            Target: 
             Both males and females 20 YEARS -
			69 YEARS"				FALSE	False
BAXTC52	BAX_L	"MRT cond. 5, trial 2, time
            English Text: 
            MRT cond. 5, trial 2, time
            Target: 
             Both males and females 20 YEARS -
			69 YEARS"	"MRT cond. 5, trial 2, time
            English Text: 
            MRT cond. 5, trial 2, time
            Target: 
             Both males and females 20 YEARS -
			69 YEARS"				FALSE	False
BAARFC52	BAX_L	"MRT cond. 5, trial 2, reason stopped
            English Text: 
            MRT cond. 5, trial 2, reason stopped
            Target: 
             Both males and females 20 YEARS -
			69 YEARS"	"MRT cond. 5, trial 2, reason stopped
            English Text: 
            MRT cond. 5, trial 2, reason stopped
            Target: 
             Both males and females 20 YEARS -
			69 YEARS"				FALSE	False
SEQN	BPXO_L	"Respondent sequence number
            English Text: 
            Respondent sequence number.
            Target: 
             Both males and females 8 YEARS -
			150 YEARS"	"Respondent sequence number
            English Text: 
            Respondent sequence number.
            Target: 
             Both males and females 8 YEARS -
			150 YEARS"				FALSE	False
BPAOARM	BPXO_L	"Arm selected - oscillometric
            English Text: 
            Arm selected - oscillometric
            Target: 
             Both males and females 8 YEARS -
			150 YEARS"	"Arm selected - oscillometric
            English Text: 
            Arm selected - oscillometric
            Target: 
             Both males and females 8 YEARS -
			150 YEARS"				FALSE	False
BPAOCSZ	BPXO_L	"Coded cuff size - oscillometric
            English Text: 
            Mid arm circumference (cm) cuffing parameters - oscillometric
            Target: 
             Both males and females 8 YEARS -
			150 YEARS"	"Coded cuff size - oscillometric
            English Text: 
            Mid arm circumference (cm) cuffing parameters - oscillometric
            Target: 
             Both males and females 8 YEARS -
			150 YEARS"				FALSE	False
BPXOSY1	BPXO_L	"Systolic - 1st oscillometric reading
            English Text: 
            Systolic - 1st oscillometric reading
            Target: 
             Both males and females 8 YEARS -
			150 YEARS"	"Systolic - 1st oscillometric reading
            English Text: 
            Systolic - 1st oscillometric reading
            Target: 
             Both males and females 8 YEARS -
			150 YEARS"				FALSE	False
BPXODI1	BPXO_L	"Diastolic - 1st oscillometric reading
            English Text: 
            Diastolic - 1st oscillometric reading
            Target: 
             Both males and females 8 YEARS -
			150 YEARS"	"Diastolic - 1st oscillometric reading
            English Text: 
            Diastolic - 1st oscillometric reading
            Target: 
             Both males and females 8 YEARS -
			150 YEARS"				FALSE	False
BPXOSY2	BPXO_L	"Systolic - 2nd oscillometric reading
            English Text: 
            Systolic - 2nd oscillometric reading
            Target: 
             Both males and females 8 YEARS -
			150 YEARS"	"Systolic - 2nd oscillometric reading
            English Text: 
            Systolic - 2nd oscillometric reading
            Target: 
             Both males and females 8 YEARS -
			150 YEARS"				FALSE	False
BPXODI2	BPXO_L	"Diastolic - 2nd oscillometric reading
            English Text: 
            Diastolic - 2nd oscillometric reading
            Target: 
             Both males and females 8 YEARS -
			150 YEARS"	"Diastolic - 2nd oscillometric reading
            English Text: 
            Diastolic - 2nd oscillometric reading
            Target: 
             Both males and females 8 YEARS -
			150 YEARS"				FALSE	False
BPXOSY3	BPXO_L	"Systolic - 3rd oscillometric reading
            English Text: 
            Systolic - 3rd oscillometric reading
            Target: 
             Both males and females 8 YEARS -
			150 YEARS"	"Systolic - 3rd oscillometric reading
            English Text: 
            Systolic - 3rd oscillometric reading
            Target: 
             Both males and females 8 YEARS -
			150 YEARS"				FALSE	False
BPXODI3	BPXO_L	"Diastolic - 3rd oscillometric reading
            English Text: 
            Diastolic - 3rd oscillometric reading
            Target: 
             Both males and females 8 YEARS -
			150 YEARS"	"Diastolic - 3rd oscillometric reading
            English Text: 
            Diastolic - 3rd oscillometric reading
            Target: 
             Both males and females 8 YEARS -
			150 YEARS"				FALSE	False
BPXOPLS1	BPXO_L	"Pulse - 1st oscillometric reading
            English Text: 
            Pulse - 1st oscillometric reading
            Target: 
             Both males and females 8 YEARS -
			150 YEARS"	"Pulse - 1st oscillometric reading
            English Text: 
            Pulse - 1st oscillometric reading
            Target: 
             Both males and females 8 YEARS -
			150 YEARS"				FALSE	False
BPXOPLS2	BPXO_L	"Pulse - 2nd oscillometric reading
            English Text: 
            Pulse - 2nd oscillometric reading
            Target: 
             Both males and females 8 YEARS -
			150 YEARS"	"Pulse - 2nd oscillometric reading
            English Text: 
            Pulse - 2nd oscillometric reading
            Target: 
             Both males and females 8 YEARS -
			150 YEARS"				FALSE	False
BPXOPLS3	BPXO_L	"Pulse - 3rd oscillometric reading
            English Text: 
            Pulse - 3rd oscillometric reading
            Target: 
             Both males and females 8 YEARS -
			150 YEARS"	"Pulse - 3rd oscillometric reading
            English Text: 
            Pulse - 3rd oscillometric reading
            Target: 
             Both males and females 8 YEARS -
			150 YEARS"				FALSE	False
SEQN	BMX_L	"Respondent sequence number
            English Text: 
            Respondent sequence number.
            Target: 
             Both males and females 0 YEARS -
			150 YEARS"	"Respondent sequence number
            English Text: 
            Respondent sequence number.
            Target: 
             Both males and females 0 YEARS -
			150 YEARS"				FALSE	False
BMDSTATS	BMX_L	"Body Measures Component Status Code
            English Text: 
            Body Measures Component status Code
            Target: 
             Both males and females 0 YEARS -
			150 YEARS"	"Body Measures Component Status Code
            English Text: 
            Body Measures Component status Code
            Target: 
             Both males and females 0 YEARS -
			150 YEARS"				FALSE	False
BMXWT	BMX_L	"Weight (kg)
            English Text: 
            Weight (kg)
            Target: 
             Both males and females 0 YEARS -
			150 YEARS"	"Weight (kg)
            English Text: 
            Weight (kg)
            Target: 
             Both males and females 0 YEARS -
			150 YEARS"				FALSE	False
BMIWT	BMX_L	"Weight Comment
            English Text: 
            Weight Comment
            Target: 
             Both males and females 0 YEARS -
			150 YEARS"	"Weight Comment
            English Text: 
            Weight Comment
            Target: 
             Both males and females 0 YEARS -
			150 YEARS"				FALSE	False
BMXRECUM	BMX_L	"Recumbent Length (cm)
            English Text: 
            Recumbent Length (cm)
            Target: 
             Both males and females 0 MONTHS -
			47 MONTHS"	"Recumbent Length (cm)
            English Text: 
            Recumbent Length (cm)
            Target: 
             Both males and females 0 MONTHS -
			47 MONTHS"				FALSE	False
BMIRECUM	BMX_L	"Recumbent Length Comment
            English Text: 
            Recumbent Length Comment
            Target: 
             Both males and females 0 MONTHS -
			47 MONTHS"	"Recumbent Length Comment
            English Text: 
            Recumbent Length Comment
            Target: 
             Both males and females 0 MONTHS -
			47 MONTHS"				FALSE	False
BMXHEAD	BMX_L	"Head Circumference (cm)
            English Text: 
            Head Circumference (cm)
            Target: 
             Both males and females 0 MONTHS -
			6 MONTHS"	"Head Circumference (cm)
            English Text: 
            Head Circumference (cm)
            Target: 
             Both males and females 0 MONTHS -
			6 MONTHS"				FALSE	False
BMIHEAD	BMX_L	"Head Circumference Comment
            English Text: 
            Head Circumference Comment
            Target: 
             Both males and females 0 MONTHS -
			6 MONTHS"	"Head Circumference Comment
            English Text: 
            Head Circumference Comment
            Target: 
             Both males and females 0 MONTHS -
			6 MONTHS"				FALSE	False
BMXHT	BMX_L	"Standing Height (cm)
            English Text: 
            Standing Height (cm)
            Target: 
             Both males and females 2 YEARS -
			150 YEARS"	"Standing Height (cm)
            English Text: 
            Standing Height (cm)
            Target: 
             Both males and females 2 YEARS -
			150 YEARS"				FALSE	False
BMIHT	BMX_L	"Standing Height Comment
            English Text: 
            Standing Height Comment
            Target: 
             Both males and females 2 YEARS -
			150 YEARS"	"Standing Height Comment
            English Text: 
            Standing Height Comment
            Target: 
             Both males and females 2 YEARS -
			150 YEARS"				FALSE	False
BMXBMI	BMX_L	"Body Mass Index (kg/m**2)
            English Text: 
            Body Mass Index (kg/m**2)
            Target: 
             Both males and females 2 YEARS -
			150 YEARS"	"Body Mass Index (kg/m**2)
            English Text: 
            Body Mass Index (kg/m**2)
            Target: 
             Both males and females 2 YEARS -
			150 YEARS"				FALSE	False
BMDBMIC	BMX_L	"BMI Category - Children/Youth
            English Text: 
            BMI Category - Children/Youth
            Target: 
             Both males and females 2 YEARS -
			19 YEARS"	"BMI Category - Children/Youth
            English Text: 
            BMI Category - Children/Youth
            Target: 
             Both males and females 2 YEARS -
			19 YEARS"				FALSE	False
BMXLEG	BMX_L	"Upper Leg Length (cm)
            English Text: 
            Upper Leg Length (cm)
            Target: 
             Both males and females 8 YEARS -
			150 YEARS"	"Upper Leg Length (cm)
            English Text: 
            Upper Leg Length (cm)
            Target: 
             Both males and females 8 YEARS -
			150 YEARS"				FALSE	False
BMILEG	BMX_L	"Upper Leg Length Comment
            English Text: 
            Upper Leg Length Comment
            Target: 
             Both males and females 8 YEARS -
			150 YEARS"	"Upper Leg Length Comment
            English Text: 
            Upper Leg Length Comment
            Target: 
             Both males and females 8 YEARS -
			150 YEARS"				FALSE	False
BMXARML	BMX_L	"Upper Arm Length (cm)
            English Text: 
            Upper Arm Length (cm)
            Target: 
             Both males and females 2 MONTHS -
			150 YEARS"	"Upper Arm Length (cm)
            English Text: 
            Upper Arm Length (cm)
            Target: 
             Both males and females 2 MONTHS -
			150 YEARS"				FALSE	False
BMIARML	BMX_L	"Upper Arm Length Comment
            English Text: 
            Upper Arm Length Comment
            Target: 
             Both males and females 2 MONTHS -
			150 YEARS"	"Upper Arm Length Comment
            English Text: 
            Upper Arm Length Comment
            Target: 
             Both males and females 2 MONTHS -
			150 YEARS"				FALSE	False
BMXARMC	BMX_L	"Arm Circumference (cm)
            English Text: 
            Arm Circumference (cm)
            Target: 
             Both males and females 2 MONTHS -
			150 YEARS"	"Arm Circumference (cm)
            English Text: 
            Arm Circumference (cm)
            Target: 
             Both males and females 2 MONTHS -
			150 YEARS"				FALSE	False
BMIARMC	BMX_L	"Arm Circumference Comment
            English Text: 
            Arm Circumference Comment
            Target: 
             Both males and females 2 MONTHS -
			150 YEARS"	"Arm Circumference Comment
            English Text: 
            Arm Circumference Comment
            Target: 
             Both males and females 2 MONTHS -
			150 YEARS"				FALSE	False
BMXWAIST	BMX_L	"Waist Circumference (cm)
            English Text: 
            Waist Circumference (cm)
            Target: 
             Both males and females 2 YEARS -
			150 YEARS"	"Waist Circumference (cm)
            English Text: 
            Waist Circumference (cm)
            Target: 
             Both males and females 2 YEARS -
			150 YEARS"				FALSE	False
BMIWAIST	BMX_L	"Waist Circumference Comment
            English Text: 
            Waist Circumference Comment
            Target: 
             Both males and females 2 YEARS -
			150 YEARS"	"Waist Circumference Comment
            English Text: 
            Waist Circumference Comment
            Target: 
             Both males and females 2 YEARS -
			150 YEARS"				FALSE	False
BMXHIP	BMX_L	"Hip Circumference (cm)
            English Text: 
            Hip Circumference (cm)
            Target: 
             Both males and females 12 YEARS -
			150 YEARS"	"Hip Circumference (cm)
            English Text: 
            Hip Circumference (cm)
            Target: 
             Both males and females 12 YEARS -
			150 YEARS"				FALSE	False
BMIHIP	BMX_L	"Hip Circumference Comment
            English Text: 
            Hip Circumference Comment
            Target: 
             Both males and females 12 YEARS -
			150 YEARS"	"Hip Circumference Comment
            English Text: 
            Hip Circumference Comment
            Target: 
             Both males and females 12 YEARS -
			150 YEARS"				FALSE	False
SEQN	LUX_L	"Respondent sequence number
            English Text: 
            Respondent sequence number.
            Target: 
             Both males and females 12 YEARS -
			150 YEARS"	"Respondent sequence number
            English Text: 
            Respondent sequence number.
            Target: 
             Both males and females 12 YEARS -
			150 YEARS"				FALSE	False
LUAXSTAT	LUX_L	"Elastography exam status
            English Text: 
            Elastography exam status.
            Target: 
             Both males and females 12 YEARS -
			150 YEARS"	"Elastography exam status
            English Text: 
            Elastography exam status.
            Target: 
             Both males and females 12 YEARS -
			150 YEARS"				FALSE	False
LUARXNC	LUX_L	"Reason for partial exam
            English Text: 
            Reason for partial exam.
            Target: 
             Both males and females 12 YEARS -
			150 YEARS"	"Reason for partial exam
            English Text: 
            Reason for partial exam.
            Target: 
             Both males and females 12 YEARS -
			150 YEARS"				FALSE	False
LUARXND	LUX_L	"Reason exam not done
            English Text: 
            Reason exam not done.
            Target: 
             Both males and females 12 YEARS -
			150 YEARS"	"Reason exam not done
            English Text: 
            Reason exam not done.
            Target: 
             Both males and females 12 YEARS -
			150 YEARS"				FALSE	False
LUARXIN	LUX_L	"Reason ineligible
            English Text: 
            Reason ineligible.
            Target: 
             Both males and females 12 YEARS -
			150 YEARS"	"Reason ineligible
            English Text: 
            Reason ineligible.
            Target: 
             Both males and females 12 YEARS -
			150 YEARS"				FALSE	False
LUAPNME	LUX_L	"Exam wand type
            English Text: 
            Exam wand type.
            Target: 
             Both males and females 12 YEARS -
			150 YEARS"	"Exam wand type
            English Text: 
            Exam wand type.
            Target: 
             Both males and females 12 YEARS -
			150 YEARS"				FALSE	False
LUANMVGP	LUX_L	"Count:complete measures from final wand
            English Text: 
            Total number of complete measures retained (using final wand).
            Target: 
             Both males and females 12 YEARS -
			150 YEARS"	"Count:complete measures from final wand
            English Text: 
            Total number of complete measures retained (using final wand).
            Target: 
             Both males and females 12 YEARS -
			150 YEARS"				FALSE	False
LUANMTGP	LUX_L	"Count:measures attempted with final wand
            English Text: 
            Total number of measures attempted (using final wand).
            Target: 
             Both males and females 12 YEARS -
			150 YEARS"	"Count:measures attempted with final wand
            English Text: 
            Total number of measures attempted (using final wand).
            Target: 
             Both males and females 12 YEARS -
			150 YEARS"				FALSE	False
LUXSMED	LUX_L	"Median stiffness (E), kilopascals (kPa)
            English Text: 
            Median liver stiffness (E). This indicator is presented with one digit to the right of the decimal ratio (e.g. XX.X), and the units for this measure are kilopascals (kPa).
            Target: 
             Both males and females 12 YEARS -
			150 YEARS"	"Median stiffness (E), kilopascals (kPa)
            English Text: 
            Median liver stiffness (E). This indicator is presented with one digit to the right of the decimal ratio (e.g. XX.X), and the units for this measure are kilopascals (kPa).
            Target: 
             Both males and females 12 YEARS -
			150 YEARS"				FALSE	False
LUXSIQR	LUX_L	"Stiffness E interquartile range (IQRe)
            English Text: 
            Stiffness (E) interquartile range (IQRe) of final stiffness measures. This indicator is presented with one digit to the right of the decimal (e.g., XX.X).
            Target: 
             Both males and females 12 YEARS -
			150 YEARS"	"Stiffness E interquartile range (IQRe)
            English Text: 
            Stiffness (E) interquartile range (IQRe) of final stiffness measures. This indicator is presented with one digit to the right of the decimal (e.g., XX.X).
            Target: 
             Both males and females 12 YEARS -
			150 YEARS"				FALSE	False
LUXSIQRM	LUX_L	"Ratio: Stiffness IQRe / median E
            English Text: 
            Ratio of the stiffness IQRe / median E stiffness value. This indicator is presented as a percent with one digit to the right of the decimal (e.g., XX.X%).
            Target: 
             Both males and females 12 YEARS -
			150 YEARS"	"Ratio: Stiffness IQRe / median E
            English Text: 
            Ratio of the stiffness IQRe / median E stiffness value. This indicator is presented as a percent with one digit to the right of the decimal (e.g., XX.X%).
            Target: 
             Both males and females 12 YEARS -
			150 YEARS"				FALSE	False
LUXCAPM	LUX_L	"Median CAP, decibels per meter (dB/m)
            English Text: 
            Median controlled attenuated parameter (CAP). This indicator is presented as a whole number (e.g., XXX), and the units for this measure are decibels per meter (dB/m).
            Target: 
             Both males and females 12 YEARS -
			150 YEARS"	"Median CAP, decibels per meter (dB/m)
            English Text: 
            Median controlled attenuated parameter (CAP). This indicator is presented as a whole number (e.g., XXX), and the units for this measure are decibels per meter (dB/m).
            Target: 
             Both males and females 12 YEARS -
			150 YEARS"				FALSE	False
LUXCPIQR	LUX_L	"CAP interquartile range (IQRc)
            English Text: 
            Controlled attenuated parameter (CAP) interquartile range (IQRc) of final CAP measures. This indicator is presented as a whole number (e.g., XX).
            Target: 
             Both males and females 12 YEARS -
			150 YEARS"	"CAP interquartile range (IQRc)
            English Text: 
            Controlled attenuated parameter (CAP) interquartile range (IQRc) of final CAP measures. This indicator is presented as a whole number (e.g., XX).
            Target: 
             Both males and females 12 YEARS -
			150 YEARS"				FALSE	False
SEQN	ALB_CR_L	"Respondent sequence number
            English Text: 
            Respondent sequence number.
            Target: 
             Both males and females 3 YEARS -
			150 YEARS"	"Respondent sequence number
            English Text: 
            Respondent sequence number.
            Target: 
             Both males and females 3 YEARS -
			150 YEARS"				FALSE	False
URXUMA	ALB_CR_L	"Albumin, urine (ug/mL)
            English Text: 
            Albumin, urine (ug/mL)
            Target: 
             Both males and females 3 YEARS -
			150 YEARS"	"Albumin, urine (ug/mL)
            English Text: 
            Albumin, urine (ug/mL)
            Target: 
             Both males and females 3 YEARS -
			150 YEARS"				FALSE	False
URXUMS	ALB_CR_L	"Albumin, urine (mg/L)
            English Text: 
            Albumin, urine (mg/L)
            Target: 
             Both males and females 3 YEARS -
			150 YEARS"	"Albumin, urine (mg/L)
            English Text: 
            Albumin, urine (mg/L)
            Target: 
             Both males and females 3 YEARS -
			150 YEARS"				FALSE	False
URDUMALC	ALB_CR_L	"Albumin, urine comment code
            English Text: 
            Albumin, urine comment code
            Target: 
             Both males and females 3 YEARS -
			150 YEARS"	"Albumin, urine comment code
            English Text: 
            Albumin, urine comment code
            Target: 
             Both males and females 3 YEARS -
			150 YEARS"				FALSE	False
URXUCR	ALB_CR_L	"Creatinine, urine (mg/dL)
            English Text: 
            Creatinine, urine (mg/dL)
            Target: 
             Both males and females 3 YEARS -
			150 YEARS"	"Creatinine, urine (mg/dL)
            English Text: 
            Creatinine, urine (mg/dL)
            Target: 
             Both males and females 3 YEARS -
			150 YEARS"				FALSE	False
URXCRS	ALB_CR_L	"Creatinine, urine (umol/L)
            English Text: 
            Creatinine, urine (umol/L)
            Target: 
             Both males and females 3 YEARS -
			150 YEARS"	"Creatinine, urine (umol/L)
            English Text: 
            Creatinine, urine (umol/L)
            Target: 
             Both males and females 3 YEARS -
			150 YEARS"				FALSE	False
URDUCRLC	ALB_CR_L	"Creatinine, urine comment code
            English Text: 
            Creatinine, urine comment code
            Target: 
             Both males and females 3 YEARS -
			150 YEARS"	"Creatinine, urine comment code
            English Text: 
            Creatinine, urine comment code
            Target: 
             Both males and females 3 YEARS -
			150 YEARS"				FALSE	False
URDACT	ALB_CR_L	"Albumin creatinine ratio (mg/g)
            English Text: 
            Albumin creatinine ratio (mg/g)
            Target: 
             Both males and females 3 YEARS -
			150 YEARS"	"Albumin creatinine ratio (mg/g)
            English Text: 
            Albumin creatinine ratio (mg/g)
            Target: 
             Both males and females 3 YEARS -
			150 YEARS"				FALSE	False
SEQN	AGP_L	"Respondent sequence number
            English Text: 
            Respondent sequence number.
            Target: 
             Both males and females 1 YEARS -
			5 YEARS
            Target: 
             Females only 12 YEARS -
			49 YEARS"	"Respondent sequence number
            English Text: 
            Respondent sequence number.
            Target: 
             Both males and females 1 YEARS -
			5 YEARS
            Target: 
             Females only 12 YEARS -
			49 YEARS"				FALSE	False
WTPH2YR	AGP_L	"Phlebotomy 2 Year Weight
            English Text: 
            Phlebotomy 2 Year Weight
            Target: 
             Both males and females 1 YEARS -
			5 YEARS
            Target: 
             Females only 12 YEARS -
			49 YEARS"	"Phlebotomy 2 Year Weight
            English Text: 
            Phlebotomy 2 Year Weight
            Target: 
             Both males and females 1 YEARS -
			5 YEARS
            Target: 
             Females only 12 YEARS -
			49 YEARS"				FALSE	False
LBXAGP	AGP_L	"alpha-1-acid glycoprotein (g/L)
            English Text: 
            alpha-1-acid glycoprotein (g/L)
            Target: 
             Both males and females 1 YEARS -
			5 YEARS
            Target: 
             Females only 12 YEARS -
			49 YEARS"	"alpha-1-acid glycoprotein (g/L)
            English Text: 
            alpha-1-acid glycoprotein (g/L)
            Target: 
             Both males and females 1 YEARS -
			5 YEARS
            Target: 
             Females only 12 YEARS -
			49 YEARS"				FALSE	False
SEQN	HDL_L	"Respondent Sequence Number
            English Text: 
            Respondent Sequence Number
            Target: 
             Both males and females 6 YEARS -
			150 YEARS"	"Respondent Sequence Number
            English Text: 
            Respondent Sequence Number
            Target: 
             Both males and females 6 YEARS -
			150 YEARS"				FALSE	False
WTPH2YR	HDL_L	"Phlebotomy 2 Year Weight
            English Text: 
            Phlebotomy 2 Year Weight
            Target: 
             Both males and females 6 YEARS -
			150 YEARS"	"Phlebotomy 2 Year Weight
            English Text: 
            Phlebotomy 2 Year Weight
            Target: 
             Both males and females 6 YEARS -
			150 YEARS"				FALSE	False
LBDHDD	HDL_L	"Direct HDL-Cholesterol (mg/dL)
            English Text: 
            Direct HDL-Cholesterol (mg/dL)
            Target: 
             Both males and females 6 YEARS -
			150 YEARS"	"Direct HDL-Cholesterol (mg/dL)
            English Text: 
            Direct HDL-Cholesterol (mg/dL)
            Target: 
             Both males and females 6 YEARS -
			150 YEARS"				FALSE	False
LBDHDDSI	HDL_L	"Direct HDL-Cholesterol (mmol/L)
            English Text: 
            Direct HDL-Cholesterol (mmol/L)
            Target: 
             Both males and females 6 YEARS -
			150 YEARS"	"Direct HDL-Cholesterol (mmol/L)
            English Text: 
            Direct HDL-Cholesterol (mmol/L)
            Target: 
             Both males and females 6 YEARS -
			150 YEARS"				FALSE	False
SEQN	TRIGLY_L	"Respondent sequence number
            English Text: 
            Respondent sequence number
            Target: 
             Both males and females 12 YEARS -
			150 YEARS"	"Respondent sequence number
            English Text: 
            Respondent sequence number
            Target: 
             Both males and females 12 YEARS -
			150 YEARS"				FALSE	False
WTSAF2YR	TRIGLY_L	"Fasting Subsample 2 Year MEC Weight
            English Text: 
            Fasting Subsample 2 Year MEC Weight
            Target: 
             Both males and females 12 YEARS -
			150 YEARS"	"Fasting Subsample 2 Year MEC Weight
            English Text: 
            Fasting Subsample 2 Year MEC Weight
            Target: 
             Both males and females 12 YEARS -
			150 YEARS"				FALSE	False
LBXTLG	TRIGLY_L	"Triglyceride (mg/dL)
            English Text: 
            Triglyceride (mg/dL)
            Target: 
             Both males and females 12 YEARS -
			150 YEARS"	"Triglyceride (mg/dL)
            English Text: 
            Triglyceride (mg/dL)
            Target: 
             Both males and females 12 YEARS -
			150 YEARS"				FALSE	False
LBDTRSI	TRIGLY_L	"Triglyceride (mmol/L)
            English Text: 
            Triglyceride (mmol/L)
            Target: 
             Both males and females 12 YEARS -
			150 YEARS"	"Triglyceride (mmol/L)
            English Text: 
            Triglyceride (mmol/L)
            Target: 
             Both males and females 12 YEARS -
			150 YEARS"				FALSE	False
LBDLDL	TRIGLY_L	"LDL-Cholesterol, Friedewald (mg/dL)
            English Text: 
            LDL-Cholesterol, Friedewald equation (mg/dL).

LBDLDL = (LBXTC-(LBDHDD + LBXTR/5), round to 0 decimal places) for LBXTR less than 400 mg/dL, and missing for LBXTR greater than 400 mg/dL.

LBDHDD from public release file HDL_J
            Target: 
             Both males and females 12 YEARS -
			150 YEARS"	"LDL-Cholesterol, Friedewald (mg/dL)
            English Text: 
            LDL-Cholesterol, Friedewald equation (mg/dL).

LBDLDL = (LBXTC-(LBDHDD + LBXTR/5), round to 0 decimal places) for LBXTR less than 400 mg/dL, and missing for LBXTR greater than 400 mg/dL.

LBDHDD from public release file HDL_J
            Target: 
             Both males and females 12 YEARS -
			150 YEARS"				FALSE	False
LBDLDLSI	TRIGLY_L	"LDL-Cholesterol, Friedewald (mmol/L)
            English Text: 
            LDL-Cholesterol, Friedewald equation (mmol/L)
            Target: 
             Both males and females 12 YEARS -
			150 YEARS"	"LDL-Cholesterol, Friedewald (mmol/L)
            English Text: 
            LDL-Cholesterol, Friedewald equation (mmol/L)
            Target: 
             Both males and females 12 YEARS -
			150 YEARS"				FALSE	False
LBDLDLM	TRIGLY_L	"LDL-Cholesterol, Martin-Hopkins (mg/dL)
            English Text: 
            LDL-Cholesterol, Martin-Hopkins equation (mg/dL).

LBDLDLM = (LBXTC-(LBDHDD + LBXTR/Adjustable Factor), round to 0 decimal places) for LBXTR less than 400 mg/dL, and missing for LBXTR greater than 400 mg/dL.

LBDHDD from public release file HDL_J
            Target: 
             Both males and females 12 YEARS -
			150 YEARS"	"LDL-Cholesterol, Martin-Hopkins (mg/dL)
            English Text: 
            LDL-Cholesterol, Martin-Hopkins equation (mg/dL).

LBDLDLM = (LBXTC-(LBDHDD + LBXTR/Adjustable Factor), round to 0 decimal places) for LBXTR less than 400 mg/dL, and missing for LBXTR greater than 400 mg/dL.

LBDHDD from public release file HDL_J
            Target: 
             Both males and females 12 YEARS -
			150 YEARS"				FALSE	False
LBDLDMSI	TRIGLY_L	"LDL-Cholesterol, Martin-Hopkins (mmol/L)
            English Text: 
            LDL-Cholesterol, Martin-Hopkins equation (mmol/L)
            Target: 
             Both males and females 12 YEARS -
			150 YEARS"	"LDL-Cholesterol, Martin-Hopkins (mmol/L)
            English Text: 
            LDL-Cholesterol, Martin-Hopkins equation (mmol/L)
            Target: 
             Both males and females 12 YEARS -
			150 YEARS"				FALSE	False
LBDLDLN	TRIGLY_L	"LDL-Cholesterol, NIH equation 2 (mg/dL)
            English Text: 
            LBDLDLN = 
 (LBXTC/0.948  – LBDHDD/0.971 – (LBXTR/8.56 + (LBXTR * (LBXTC – LBDHDD))/2140 – LBXTR^2/16100) – 9.44), round 0 decimal places) for LBXTR less than 800 mg/dL, and missing for LBXTR GE 800 mg/dL.

^2 stands for power=2, or squared. 
LBDHDD from public release file HDL_J
            Target: 
             Both males and females 12 YEARS -
			150 YEARS"	"LDL-Cholesterol, NIH equation 2 (mg/dL)
            English Text: 
            LBDLDLN = 
 (LBXTC/0.948  – LBDHDD/0.971 – (LBXTR/8.56 + (LBXTR * (LBXTC – LBDHDD))/2140 – LBXTR^2/16100) – 9.44), round 0 decimal places) for LBXTR less than 800 mg/dL, and missing for LBXTR GE 800 mg/dL.

^2 stands for power=2, or squared. 
LBDHDD from public release file HDL_J
            Target: 
             Both males and females 12 YEARS -
			150 YEARS"				FALSE	False
LBDLDNSI	TRIGLY_L	"LDL-Cholesterol, NIH equation 2 (mmol/L)
            English Text: 
            LDL-Cholesterol, NIH equation 2 (mmol/L)
            Target: 
             Both males and females 12 YEARS -
			150 YEARS"	"LDL-Cholesterol, NIH equation 2 (mmol/L)
            English Text: 
            LDL-Cholesterol, NIH equation 2 (mmol/L)
            Target: 
             Both males and females 12 YEARS -
			150 YEARS"				FALSE	False
SEQN	TCHOL_L	"Respondent Sequence Number
            English Text: 
            Respondent Sequence Number
            Target: 
             Both males and females 6 YEARS -
			150 YEARS"	"Respondent Sequence Number
            English Text: 
            Respondent Sequence Number
            Target: 
             Both males and females 6 YEARS -
			150 YEARS"				FALSE	False
WTPH2YR	TCHOL_L	"Phlebotomy 2 Year Weight
            English Text: 
            Phlebotomy 2 Year Weight
            Target: 
             Both males and females 6 YEARS -
			150 YEARS"	"Phlebotomy 2 Year Weight
            English Text: 
            Phlebotomy 2 Year Weight
            Target: 
             Both males and females 6 YEARS -
			150 YEARS"				FALSE	False
LBXTC	TCHOL_L	"Total Cholesterol (mg/dL)
            English Text: 
            Total Cholesterol (mg/dL)
            Target: 
             Both males and females 6 YEARS -
			150 YEARS"	"Total Cholesterol (mg/dL)
            English Text: 
            Total Cholesterol (mg/dL)
            Target: 
             Both males and females 6 YEARS -
			150 YEARS"				FALSE	False
LBDTCSI	TCHOL_L	"Total Cholesterol (mmol/L)
            English Text: 
            Total Cholesterol (mmol/L)
            Target: 
             Both males and females 6 YEARS -
			150 YEARS"	"Total Cholesterol (mmol/L)
            English Text: 
            Total Cholesterol (mmol/L)
            Target: 
             Both males and females 6 YEARS -
			150 YEARS"				FALSE	False
SEQN	CBC_L	"Respondent sequence number
            English Text: 
            Respondent sequence number.
            Target: 
             Both males and females 1 YEARS -
			150 YEARS"	"Respondent sequence number
            English Text: 
            Respondent sequence number.
            Target: 
             Both males and females 1 YEARS -
			150 YEARS"				FALSE	False
WTPH2YR	CBC_L	"Phlebotomy 2 Year Weight
            English Text: 
            Phlebotomy 2 Year Weight
            Target: 
             Both males and females 1 YEARS -
			150 YEARS"	"Phlebotomy 2 Year Weight
            English Text: 
            Phlebotomy 2 Year Weight
            Target: 
             Both males and females 1 YEARS -
			150 YEARS"				FALSE	False
LBXWBCSI	CBC_L	"White blood cell count (1000 cells/uL)
            English Text: 
            White blood cell count (1000 cells/uL)
            Target: 
             Both males and females 1 YEARS -
			150 YEARS"	"White blood cell count (1000 cells/uL)
            English Text: 
            White blood cell count (1000 cells/uL)
            Target: 
             Both males and females 1 YEARS -
			150 YEARS"				FALSE	False
LBXLYPCT	CBC_L	"Lymphocyte percent (%)
            English Text: 
            Lymphocyte percent (%)
            Target: 
             Both males and females 1 YEARS -
			150 YEARS"	"Lymphocyte percent (%)
            English Text: 
            Lymphocyte percent (%)
            Target: 
             Both males and females 1 YEARS -
			150 YEARS"				FALSE	False
LBXMOPCT	CBC_L	"Monocyte percent (%)
            English Text: 
            Monocyte percent (%)
            Target: 
             Both males and females 1 YEARS -
			150 YEARS"	"Monocyte percent (%)
            English Text: 
            Monocyte percent (%)
            Target: 
             Both males and females 1 YEARS -
			150 YEARS"				FALSE	False
LBXNEPCT	CBC_L	"Segmented neutrophils percent (%)
            English Text: 
            Segmented neutrophils percent (%)
            Target: 
             Both males and females 1 YEARS -
			150 YEARS"	"Segmented neutrophils percent (%)
            English Text: 
            Segmented neutrophils percent (%)
            Target: 
             Both males and females 1 YEARS -
			150 YEARS"				FALSE	False
LBXEOPCT	CBC_L	"Eosinophils percent (%)
            English Text: 
            Eosinophils percent (%)
            Target: 
             Both males and females 1 YEARS -
			150 YEARS"	"Eosinophils percent (%)
            English Text: 
            Eosinophils percent (%)
            Target: 
             Both males and females 1 YEARS -
			150 YEARS"				FALSE	False
LBXBAPCT	CBC_L	"Basophils percent (%)
            English Text: 
            Basophils percent (%)
            Target: 
             Both males and females 1 YEARS -
			150 YEARS"	"Basophils percent (%)
            English Text: 
            Basophils percent (%)
            Target: 
             Both males and females 1 YEARS -
			150 YEARS"				FALSE	False
LBDLYMNO	CBC_L	"Lymphocyte number (1000 cells/uL)
            English Text: 
            Lymphocyte number (1000 cells/uL)
            Target: 
             Both males and females 1 YEARS -
			150 YEARS"	"Lymphocyte number (1000 cells/uL)
            English Text: 
            Lymphocyte number (1000 cells/uL)
            Target: 
             Both males and females 1 YEARS -
			150 YEARS"				FALSE	False
LBDMONO	CBC_L	"Monocyte number (1000 cells/uL)
            English Text: 
            Monocyte number (1000 cells/uL)
            Target: 
             Both males and females 1 YEARS -
			150 YEARS"	"Monocyte number (1000 cells/uL)
            English Text: 
            Monocyte number (1000 cells/uL)
            Target: 
             Both males and females 1 YEARS -
			150 YEARS"				FALSE	False
LBDNENO	CBC_L	"Segmented neutrophils num (1000 cell/uL)
            English Text: 
            Segmented neutrophils number (1000 cell/uL)
            Target: 
             Both males and females 1 YEARS -
			150 YEARS"	"Segmented neutrophils num (1000 cell/uL)
            English Text: 
            Segmented neutrophils number (1000 cell/uL)
            Target: 
             Both males and females 1 YEARS -
			150 YEARS"				FALSE	False
LBDEONO	CBC_L	"Eosinophils number (1000 cells/uL)
            English Text: 
            Eosinophils number (1000 cells/uL)
            Target: 
             Both males and females 1 YEARS -
			150 YEARS"	"Eosinophils number (1000 cells/uL)
            English Text: 
            Eosinophils number (1000 cells/uL)
            Target: 
             Both males and females 1 YEARS -
			150 YEARS"				FALSE	False
LBDBANO	CBC_L	"Basophils number (1000 cells/uL)
            English Text: 
            Basophils number (1000 cells/uL)
            Target: 
             Both males and females 1 YEARS -
			150 YEARS"	"Basophils number (1000 cells/uL)
            English Text: 
            Basophils number (1000 cells/uL)
            Target: 
             Both males and females 1 YEARS -
			150 YEARS"				FALSE	False
LBXRBCSI	CBC_L	"Red blood cell count (million cells/uL)
            English Text: 
            Red blood cell count (million cells/uL)
            Target: 
             Both males and females 1 YEARS -
			150 YEARS"	"Red blood cell count (million cells/uL)
            English Text: 
            Red blood cell count (million cells/uL)
            Target: 
             Both males and females 1 YEARS -
			150 YEARS"				FALSE	False
LBXHGB	CBC_L	"Hemoglobin (g/dL)
            English Text: 
            Hemoglobin (g/dL)
            Target: 
             Both males and females 1 YEARS -
			150 YEARS"	"Hemoglobin (g/dL)
            English Text: 
            Hemoglobin (g/dL)
            Target: 
             Both males and females 1 YEARS -
			150 YEARS"				FALSE	False
LBXHCT	CBC_L	"Hematocrit (%)
            English Text: 
            Hematocrit (%)
            Target: 
             Both males and females 1 YEARS -
			150 YEARS"	"Hematocrit (%)
            English Text: 
            Hematocrit (%)
            Target: 
             Both males and females 1 YEARS -
			150 YEARS"				FALSE	False
LBXMCVSI	CBC_L	"Mean cell volume (fL)
            English Text: 
            Mean cell volume (fL)
            Target: 
             Both males and females 1 YEARS -
			150 YEARS"	"Mean cell volume (fL)
            English Text: 
            Mean cell volume (fL)
            Target: 
             Both males and females 1 YEARS -
			150 YEARS"				FALSE	False
LBXMC	CBC_L	"Mean Cell Hgb Conc. (g/dL) 
            English Text: 
            Mean cell hemoglobin concentration (g/dL)
            Target: 
             Both males and females 1 YEARS -
			150 YEARS"	"Mean Cell Hgb Conc. (g/dL) 
            English Text: 
            Mean cell hemoglobin concentration (g/dL)
            Target: 
             Both males and females 1 YEARS -
			150 YEARS"				FALSE	False
LBXMCHSI	CBC_L	"Mean cell hemoglobin (pg)
            English Text: 
            Mean cell hemoglobin (pg)
            Target: 
             Both males and females 1 YEARS -
			150 YEARS"	"Mean cell hemoglobin (pg)
            English Text: 
            Mean cell hemoglobin (pg)
            Target: 
             Both males and females 1 YEARS -
			150 YEARS"				FALSE	False
LBXRDW	CBC_L	"Red cell distribution width (%)
            English Text: 
            Red cell distribution width (%)
            Target: 
             Both males and females 1 YEARS -
			150 YEARS"	"Red cell distribution width (%)
            English Text: 
            Red cell distribution width (%)
            Target: 
             Both males and females 1 YEARS -
			150 YEARS"				FALSE	False
LBXPLTSI	CBC_L	"Platelet count (1000 cells/uL)
            English Text: 
            Platelet count (1000 cells/uL)
            Target: 
             Both males and females 1 YEARS -
			150 YEARS"	"Platelet count (1000 cells/uL)
            English Text: 
            Platelet count (1000 cells/uL)
            Target: 
             Both males and females 1 YEARS -
			150 YEARS"				FALSE	False
LBXMPSI	CBC_L	"Mean platelet volume (fL)
            English Text: 
            Mean platelet volume (fL)
            Target: 
             Both males and females 1 YEARS -
			150 YEARS"	"Mean platelet volume (fL)
            English Text: 
            Mean platelet volume (fL)
            Target: 
             Both males and females 1 YEARS -
			150 YEARS"				FALSE	False
LBXNRBC	CBC_L	"Nucleated red blood cells (/100 WBC)
            English Text: 
            Nucleated red blood cells (/100 WBC)
            Target: 
             Both males and females 1 YEARS -
			150 YEARS"	"Nucleated red blood cells (/100 WBC)
            English Text: 
            Nucleated red blood cells (/100 WBC)
            Target: 
             Both males and females 1 YEARS -
			150 YEARS"				FALSE	False
SEQN	FASTQX_L	"Respondent sequence number
            English Text: 
            Respondent sequence number.
            Target: 
             Both males and females 1 YEARS -
			150 YEARS"	"Respondent sequence number
            English Text: 
            Respondent sequence number.
            Target: 
             Both males and females 1 YEARS -
			150 YEARS"				FALSE	False
PHQ020	FASTQX_L	"Coffee or tea with cream or sugar?
            English Text: 
            Coffee or tea with cream or sugar?  [Include milk or non-dairy creamers.]
            English Instructions: 
            Have you had any of the following since "" today at"" or ""yesterday at"" fasting time in PHQ010.
            Target: 
             Both males and females 1 YEARS -
			150 YEARS"	"Coffee or tea with cream or sugar?
            English Text: 
            Coffee or tea with cream or sugar?  [Include milk or non-dairy creamers.]
            English Instructions: 
            Have you had any of the following since "" today at"" or ""yesterday at"" fasting time in PHQ010.
            Target: 
             Both males and females 1 YEARS -
			150 YEARS"				FALSE	False
PHACOFHR	FASTQX_L	"Coffee/tea fast time (hours)
            English Text: 
            The time (in hours) since the examinee last drank coffee or tea with cream or sugar.
            Target: 
             Both males and females 1 YEARS -
			150 YEARS"	"Coffee/tea fast time (hours)
            English Text: 
            The time (in hours) since the examinee last drank coffee or tea with cream or sugar.
            Target: 
             Both males and females 1 YEARS -
			150 YEARS"				FALSE	False
PHACOFMN	FASTQX_L	"Coffee/tea fast time (minutes)
            English Text: 
            The time (in minutes) since the examinee last drank coffee or tea with cream or sugar.
            Target: 
             Both males and females 1 YEARS -
			150 YEARS"	"Coffee/tea fast time (minutes)
            English Text: 
            The time (in minutes) since the examinee last drank coffee or tea with cream or sugar.
            Target: 
             Both males and females 1 YEARS -
			150 YEARS"				FALSE	False
PHQ030	FASTQX_L	"Alcohol, such as beer, wine, or liquor?
            English Text: 
            Alcohol, such as beer, wine, or liquor?
            English Instructions: 
            Have you had any of the following since ""today at"" or ""yesterday at"" the fasting time in PHQ010.
            Target: 
             Both males and females 1 YEARS -
			150 YEARS"	"Alcohol, such as beer, wine, or liquor?
            English Text: 
            Alcohol, such as beer, wine, or liquor?
            English Instructions: 
            Have you had any of the following since ""today at"" or ""yesterday at"" the fasting time in PHQ010.
            Target: 
             Both males and females 1 YEARS -
			150 YEARS"				FALSE	False
PHAALCHR	FASTQX_L	"Alcohol fast time (hours)
            English Text: 
            The time (in hours) the examinee last drank alcohol suchs as beer, wine, or liquor.
            Target: 
             Both males and females 1 YEARS -
			150 YEARS"	"Alcohol fast time (hours)
            English Text: 
            The time (in hours) the examinee last drank alcohol suchs as beer, wine, or liquor.
            Target: 
             Both males and females 1 YEARS -
			150 YEARS"				FALSE	False
PHAALCMN	FASTQX_L	"Alcohol fast time (minutes)
            English Text: 
            The time (in minutes) the examinee last drank alcohol such as beer, wine, or liquor.
            Target: 
             Both males and females 1 YEARS -
			150 YEARS"	"Alcohol fast time (minutes)
            English Text: 
            The time (in minutes) the examinee last drank alcohol such as beer, wine, or liquor.
            Target: 
             Both males and females 1 YEARS -
			150 YEARS"				FALSE	False
PHQ040	FASTQX_L	"Gum, mints, lozenges or cough drops
            English Text: 
            Gum, breath mints, lozenges or cough drops, or other cough or cold remedies?
            English Instructions: 
            Have you had any of the following since ""today at"" or ""yesterday at"" the fasting time in PHQ010?
            Target: 
             Both males and females 1 YEARS -
			150 YEARS"	"Gum, mints, lozenges or cough drops
            English Text: 
            Gum, breath mints, lozenges or cough drops, or other cough or cold remedies?
            English Instructions: 
            Have you had any of the following since ""today at"" or ""yesterday at"" the fasting time in PHQ010?
            Target: 
             Both males and females 1 YEARS -
			150 YEARS"				FALSE	False
PHAGUMHR	FASTQX_L	"Gum, mints cough drops fast time (hours)
            English Text: 
            The time (in hours) the examinee last had gum, breath mints, lozenges or cough drops, or other cough or cold remedies.
            Target: 
             Both males and females 1 YEARS -
			150 YEARS"	"Gum, mints cough drops fast time (hours)
            English Text: 
            The time (in hours) the examinee last had gum, breath mints, lozenges or cough drops, or other cough or cold remedies.
            Target: 
             Both males and females 1 YEARS -
			150 YEARS"				FALSE	False
PHAGUMMN	FASTQX_L	"Gum, mints, cough fast time (minutes)
            English Text: 
            The time (in minutes) the examinee last had gum, breath mints, lozenges or cough drops, or other cough or cold remedies.
            Target: 
             Both males and females 1 YEARS -
			150 YEARS"	"Gum, mints, cough fast time (minutes)
            English Text: 
            The time (in minutes) the examinee last had gum, breath mints, lozenges or cough drops, or other cough or cold remedies.
            Target: 
             Both males and females 1 YEARS -
			150 YEARS"				FALSE	False
PHQ050	FASTQX_L	"Antacids, laxatives, or anti-diarrheals?
            English Text: 
            Antacids, laxatives, or anti-diarrheals?
            English Instructions: 
            Have you had any of the following since ""today at"" or ""yesterday at"" the fasting time in PHQ010.
            Target: 
             Both males and females 1 YEARS -
			150 YEARS"	"Antacids, laxatives, or anti-diarrheals?
            English Text: 
            Antacids, laxatives, or anti-diarrheals?
            English Instructions: 
            Have you had any of the following since ""today at"" or ""yesterday at"" the fasting time in PHQ010.
            Target: 
             Both males and females 1 YEARS -
			150 YEARS"				FALSE	False
PHAANTHR	FASTQX_L	"Antacids, laxatives fast time (hours)
            English Text: 
            The time (in hours) the examinee last had antacids, laxatives or anti-diarrheals.
            Target: 
             Both males and females 1 YEARS -
			150 YEARS"	"Antacids, laxatives fast time (hours)
            English Text: 
            The time (in hours) the examinee last had antacids, laxatives or anti-diarrheals.
            Target: 
             Both males and females 1 YEARS -
			150 YEARS"				FALSE	False
PHAANTMN	FASTQX_L	"Antacids, laxatives fast time (minutes)
            English Text: 
            The time (in minutes) the examinee last had antacids, laxatives or anti-diarrheals.
            Target: 
             Both males and females 1 YEARS -
			150 YEARS"	"Antacids, laxatives fast time (minutes)
            English Text: 
            The time (in minutes) the examinee last had antacids, laxatives or anti-diarrheals.
            Target: 
             Both males and females 1 YEARS -
			150 YEARS"				FALSE	False
PHQ060	FASTQX_L	"Dietary supplements?
            English Text: 
            Dietary supplements such as vitamins and minerals? [Include multivitamins and single nutrient supplements.]
            English Instructions: 
            Have you had any of the following since ""today at"" or ""yesterday at"" the fasting time in PHQ010.
            Target: 
             Both males and females 1 YEARS -
			150 YEARS"	"Dietary supplements?
            English Text: 
            Dietary supplements such as vitamins and minerals? [Include multivitamins and single nutrient supplements.]
            English Instructions: 
            Have you had any of the following since ""today at"" or ""yesterday at"" the fasting time in PHQ010.
            Target: 
             Both males and females 1 YEARS -
			150 YEARS"				FALSE	False
PHASUPHR	FASTQX_L	"Dietary supplements fast time (hours)
            English Text: 
            The time (in hours) the examinee last had dietary supplements such as vitamins and minerals.
            Target: 
             Both males and females 1 YEARS -
			150 YEARS"	"Dietary supplements fast time (hours)
            English Text: 
            The time (in hours) the examinee last had dietary supplements such as vitamins and minerals.
            Target: 
             Both males and females 1 YEARS -
			150 YEARS"				FALSE	False
PHASUPMN	FASTQX_L	"Dietary supplements fast time (minutes)
            English Text: 
            The time (in minutes) the examinee last had dietary supplements such as vitamins and minerals.
            Target: 
             Both males and females 1 YEARS -
			150 YEARS"	"Dietary supplements fast time (minutes)
            English Text: 
            The time (in minutes) the examinee last had dietary supplements such as vitamins and minerals.
            Target: 
             Both males and females 1 YEARS -
			150 YEARS"				FALSE	False
PHAFSTHR	FASTQX_L	"Total length of 'food fast' (hours)
            English Text: 
            The time (in hours) between when the examinee last ate or drank anything other than water and the time of the venipuncture.
            Target: 
             Both males and females 1 YEARS -
			150 YEARS"	"Total length of 'food fast' (hours)
            English Text: 
            The time (in hours) between when the examinee last ate or drank anything other than water and the time of the venipuncture.
            Target: 
             Both males and females 1 YEARS -
			150 YEARS"				FALSE	False
PHAFSTMN	FASTQX_L	"Total length of 'food fast' (minutes)
            English Text: 
            The time (in minutes) between when the examinee last ate or drank anything other than water and the time of the venipuncture.
            Target: 
             Both males and females 1 YEARS -
			150 YEARS"	"Total length of 'food fast' (minutes)
            English Text: 
            The time (in minutes) between when the examinee last ate or drank anything other than water and the time of the venipuncture.
            Target: 
             Both males and females 1 YEARS -
			150 YEARS"				FALSE	False
PHDSESNZ	FASTQX_L	"Session in which SP was examined
            English Text: 
            Session in which SP was examined
            Target: 
             Both males and females 1 YEARS -
			150 YEARS"	"Session in which SP was examined
            English Text: 
            Session in which SP was examined
            Target: 
             Both males and females 1 YEARS -
			150 YEARS"				FALSE	False
SEQN	FAR_L	"Respondent sequence number
            English Text: 
            Respondent sequence number.
            Target: 
             Both males and females 6 YEARS -
			150 YEARS"	"Respondent sequence number
            English Text: 
            Respondent sequence number.
            Target: 
             Both males and females 6 YEARS -
			150 YEARS"				FALSE	False
WTPH2YR	FAR_L	"Phlebotomy 2 Year Weight
            English Text: 
            Phlebotomy 2 Year Weight
            Target: 
             Both males and females 6 YEARS -
			150 YEARS"	"Phlebotomy 2 Year Weight
            English Text: 
            Phlebotomy 2 Year Weight
            Target: 
             Both males and females 6 YEARS -
			150 YEARS"				FALSE	False
LBXPAN	FAR_L	"alpha-Linolenic acid (C18:3n-3) (%)
            English Text: 
            alpha-Linolenic acid (C18:3n-3) (%)
            Target: 
             Both males and females 6 YEARS -
			150 YEARS"	"alpha-Linolenic acid (C18:3n-3) (%)
            English Text: 
            alpha-Linolenic acid (C18:3n-3) (%)
            Target: 
             Both males and females 6 YEARS -
			150 YEARS"				FALSE	False
LBDPANLC	FAR_L	"alpha-Linolenic acid (C18:3n-3) cmt code
            English Text: 
            alpha-Linolenic acid (C18:3n-3) comment code
            Target: 
             Both males and females 6 YEARS -
			150 YEARS"	"alpha-Linolenic acid (C18:3n-3) cmt code
            English Text: 
            alpha-Linolenic acid (C18:3n-3) comment code
            Target: 
             Both males and females 6 YEARS -
			150 YEARS"				FALSE	False
LBXP1A	FAR_L	"Arachidic acid (C20:0) (%)
            English Text: 
            Arachidic acid (C20:0) (%)
            Target: 
             Both males and females 6 YEARS -
			150 YEARS"	"Arachidic acid (C20:0) (%)
            English Text: 
            Arachidic acid (C20:0) (%)
            Target: 
             Both males and females 6 YEARS -
			150 YEARS"				FALSE	False
LBDP1ALC	FAR_L	"Arachidic acid (C20:0) comment code
            English Text: 
            Arachidic acid (C20:0) comment code
            Target: 
             Both males and females 6 YEARS -
			150 YEARS"	"Arachidic acid (C20:0) comment code
            English Text: 
            Arachidic acid (C20:0) comment code
            Target: 
             Both males and females 6 YEARS -
			150 YEARS"				FALSE	False
LBXPRA	FAR_L	"Arachidonic acid (C20:4n-6) (%)
            English Text: 
            Arachidonic acid (C20:4n-6) (%)
            Target: 
             Both males and females 6 YEARS -
			150 YEARS"	"Arachidonic acid (C20:4n-6) (%)
            English Text: 
            Arachidonic acid (C20:4n-6) (%)
            Target: 
             Both males and females 6 YEARS -
			150 YEARS"				FALSE	False
LBDPRALC	FAR_L	"Arachidonic acid (C20:4n-6) comment code
            English Text: 
            Arachidonic acid (C20:4n-6) comment code
            Target: 
             Both males and females 6 YEARS -
			150 YEARS"	"Arachidonic acid (C20:4n-6) comment code
            English Text: 
            Arachidonic acid (C20:4n-6) comment code
            Target: 
             Both males and females 6 YEARS -
			150 YEARS"				FALSE	False
LBXPDA	FAR_L	"Docosanoic acid (C22:0) (%)
            English Text: 
            Docosanoic acid (C22:0) (%)
            Target: 
             Both males and females 6 YEARS -
			150 YEARS"	"Docosanoic acid (C22:0) (%)
            English Text: 
            Docosanoic acid (C22:0) (%)
            Target: 
             Both males and females 6 YEARS -
			150 YEARS"				FALSE	False
LBDPDALC	FAR_L	"Docosanoic acid (C22:0) comment code
            English Text: 
            Docosanoic acid (C22:0) comment code
            Target: 
             Both males and females 6 YEARS -
			150 YEARS"	"Docosanoic acid (C22:0) comment code
            English Text: 
            Docosanoic acid (C22:0) comment code
            Target: 
             Both males and females 6 YEARS -
			150 YEARS"				FALSE	False
LBXPHA	FAR_L	"Docosahexaenoic acid (C22:6n-3) (%)
            English Text: 
            Docosahexaenoic acid (C22:6n-3) (%)
            Target: 
             Both males and females 6 YEARS -
			150 YEARS"	"Docosahexaenoic acid (C22:6n-3) (%)
            English Text: 
            Docosahexaenoic acid (C22:6n-3) (%)
            Target: 
             Both males and females 6 YEARS -
			150 YEARS"				FALSE	False
LBDPHALC	FAR_L	"Docosahexaenoic acid (C22:6n-3) cmt code
            English Text: 
            Docosahexaenoic acid (C22:6n-3) comment code
            Target: 
             Both males and females 6 YEARS -
			150 YEARS"	"Docosahexaenoic acid (C22:6n-3) cmt code
            English Text: 
            Docosahexaenoic acid (C22:6n-3) comment code
            Target: 
             Both males and females 6 YEARS -
			150 YEARS"				FALSE	False
LBXPD3	FAR_L	"Docosapentaenoic acid 3 (C22:5n-3) (%)
            English Text: 
            Docosapentaenoic acid 3 (C22:5n-3) (%)
            Target: 
             Both males and females 6 YEARS -
			150 YEARS"	"Docosapentaenoic acid 3 (C22:5n-3) (%)
            English Text: 
            Docosapentaenoic acid 3 (C22:5n-3) (%)
            Target: 
             Both males and females 6 YEARS -
			150 YEARS"				FALSE	False
LBDPD3LC	FAR_L	"Docosapentaenoic acid 3 (C22:5n-3) cmt
            English Text: 
            Docosapentaenoic acid 3 (C22:5n-3) comment code
            Target: 
             Both males and females 6 YEARS -
			150 YEARS"	"Docosapentaenoic acid 3 (C22:5n-3) cmt
            English Text: 
            Docosapentaenoic acid 3 (C22:5n-3) comment code
            Target: 
             Both males and females 6 YEARS -
			150 YEARS"				FALSE	False
LBXPD6	FAR_L	"Docosapentaenoic acid (C22:5n-6) (%)
            English Text: 
            Docosapentaenoic acid (C22:5n-6) (%)
            Target: 
             Both males and females 6 YEARS -
			150 YEARS"	"Docosapentaenoic acid (C22:5n-6) (%)
            English Text: 
            Docosapentaenoic acid (C22:5n-6) (%)
            Target: 
             Both males and females 6 YEARS -
			150 YEARS"				FALSE	False
LBDPD6LC	FAR_L	"Docosapentaenoic acid (C22:5n-6) cmt cd
            English Text: 
            Docosapentaenoic acid (C22:5n-6) comment code
            Target: 
             Both males and females 6 YEARS -
			150 YEARS"	"Docosapentaenoic acid (C22:5n-6) cmt cd
            English Text: 
            Docosapentaenoic acid (C22:5n-6) comment code
            Target: 
             Both males and females 6 YEARS -
			150 YEARS"				FALSE	False
LBXPTA	FAR_L	"Docosatetraenoic acid (C22:4n-6) (%)
            English Text: 
            Docosatetraenoic acid (C22:4n-6) (%)
            Target: 
             Both males and females 6 YEARS -
			150 YEARS"	"Docosatetraenoic acid (C22:4n-6) (%)
            English Text: 
            Docosatetraenoic acid (C22:4n-6) (%)
            Target: 
             Both males and females 6 YEARS -
			150 YEARS"				FALSE	False
LBDPTALC	FAR_L	"Docosatetraenoic acid (C22:4n-6) cmt cd
            English Text: 
            Docosatetraenoic acid (C22:4n-6) comment code
            Target: 
             Both males and females 6 YEARS -
			150 YEARS"	"Docosatetraenoic acid (C22:4n-6) cmt cd
            English Text: 
            Docosatetraenoic acid (C22:4n-6) comment code
            Target: 
             Both males and females 6 YEARS -
			150 YEARS"				FALSE	False
LBXPED	FAR_L	"11,14-Eicosadienoic acid (C20:2n6) (%)
            English Text: 
            11,14-Eicosadienoic acid (C20:2n6) (%)
            Target: 
             Both males and females 6 YEARS -
			150 YEARS"	"11,14-Eicosadienoic acid (C20:2n6) (%)
            English Text: 
            11,14-Eicosadienoic acid (C20:2n6) (%)
            Target: 
             Both males and females 6 YEARS -
			150 YEARS"				FALSE	False
LBDPEDLC	FAR_L	"11,14-Eicosadienoic acid(C20:2n6) cmt cd
            English Text: 
            11,14-Eicosadienoic acid (C20:2n6) comment code
            Target: 
             Both males and females 6 YEARS -
			150 YEARS"	"11,14-Eicosadienoic acid(C20:2n6) cmt cd
            English Text: 
            11,14-Eicosadienoic acid (C20:2n6) comment code
            Target: 
             Both males and females 6 YEARS -
			150 YEARS"				FALSE	False
LBXP1E	FAR_L	"11-Eicosenoic acid (C20:1n-9) (%)
            English Text: 
            11-Eicosenoic acid (C20:1n-9) (%)
            Target: 
             Both males and females 6 YEARS -
			150 YEARS"	"11-Eicosenoic acid (C20:1n-9) (%)
            English Text: 
            11-Eicosenoic acid (C20:1n-9) (%)
            Target: 
             Both males and females 6 YEARS -
			150 YEARS"				FALSE	False
LBDP1ELC	FAR_L	"11-Eicosenoic acid (C20:1n-9) cmt code
            English Text: 
            11-Eicosenoic acid (C20:1n-9) comment code
            Target: 
             Both males and females 6 YEARS -
			150 YEARS"	"11-Eicosenoic acid (C20:1n-9) cmt code
            English Text: 
            11-Eicosenoic acid (C20:1n-9) comment code
            Target: 
             Both males and females 6 YEARS -
			150 YEARS"				FALSE	False
LBXPPE	FAR_L	"Eicosapentaenoic acid (C20:5n-3) (%)
            English Text: 
            Eicosapentaenoic acid (C20:5n-3) (%)
            Target: 
             Both males and females 6 YEARS -
			150 YEARS"	"Eicosapentaenoic acid (C20:5n-3) (%)
            English Text: 
            Eicosapentaenoic acid (C20:5n-3) (%)
            Target: 
             Both males and females 6 YEARS -
			150 YEARS"				FALSE	False
LBDPPELC	FAR_L	"Eicosapentaenoic acid (C20:5n-3) cmt cd
            English Text: 
            Eicosapentaenoic acid (C20:5n-3) comment code
            Target: 
             Both males and females 6 YEARS -
			150 YEARS"	"Eicosapentaenoic acid (C20:5n-3) cmt cd
            English Text: 
            Eicosapentaenoic acid (C20:5n-3) comment code
            Target: 
             Both males and females 6 YEARS -
			150 YEARS"				FALSE	False
LBXPLG	FAR_L	"gamma-Linolenic acid (C18:3n-6) (%)
            English Text: 
            gamma-Linolenic acid (C18:3n-6) (%)
            Target: 
             Both males and females 6 YEARS -
			150 YEARS"	"gamma-Linolenic acid (C18:3n-6) (%)
            English Text: 
            gamma-Linolenic acid (C18:3n-6) (%)
            Target: 
             Both males and females 6 YEARS -
			150 YEARS"				FALSE	False
LBDPLGLC	FAR_L	"gamma-Linolenic acid (C18:3n-6) cmt code
            English Text: 
            gamma-Linolenic acid (C18:3n6) comment code
            Target: 
             Both males and females 6 YEARS -
			150 YEARS"	"gamma-Linolenic acid (C18:3n-6) cmt code
            English Text: 
            gamma-Linolenic acid (C18:3n6) comment code
            Target: 
             Both males and females 6 YEARS -
			150 YEARS"				FALSE	False
LBXPGH	FAR_L	"homo-gamma-Linolenic acid(C20:3n-6) (%)
            English Text: 
            homo-gamma-Linolenic acid(C20:3n-6) (%)
            Target: 
             Both males and females 6 YEARS -
			150 YEARS"	"homo-gamma-Linolenic acid(C20:3n-6) (%)
            English Text: 
            homo-gamma-Linolenic acid(C20:3n-6) (%)
            Target: 
             Both males and females 6 YEARS -
			150 YEARS"				FALSE	False
LBDPGHLC	FAR_L	"homo-gamma-Linolenic acd (C20:3n-6) cmt
            English Text: 
            homo-gamma-Linolenic acd (C20:3n-6) comment code
            Target: 
             Both males and females 6 YEARS -
			150 YEARS"	"homo-gamma-Linolenic acd (C20:3n-6) cmt
            English Text: 
            homo-gamma-Linolenic acd (C20:3n-6) comment code
            Target: 
             Both males and females 6 YEARS -
			150 YEARS"				FALSE	False
LBXP1G	FAR_L	"Tetracosanoic acid (C24:0) (%)
            English Text: 
            Tetracosanoic acid (C24:0) (%)
            Target: 
             Both males and females 6 YEARS -
			150 YEARS"	"Tetracosanoic acid (C24:0) (%)
            English Text: 
            Tetracosanoic acid (C24:0) (%)
            Target: 
             Both males and females 6 YEARS -
			150 YEARS"				FALSE	False
LBDP1GLC	FAR_L	"Tetracosanoic acid (C24:0) comment code
            English Text: 
            Tetracosanoic acid (C24:0) comment code
            Target: 
             Both males and females 6 YEARS -
			150 YEARS"	"Tetracosanoic acid (C24:0) comment code
            English Text: 
            Tetracosanoic acid (C24:0) comment code
            Target: 
             Both males and females 6 YEARS -
			150 YEARS"				FALSE	False
LBXPNL	FAR_L	"Linoleic acid (C18:2n-6) (%)
            English Text: 
            Linoleic acid (C18:2n-6) (%)
            Target: 
             Both males and females 6 YEARS -
			150 YEARS"	"Linoleic acid (C18:2n-6) (%)
            English Text: 
            Linoleic acid (C18:2n-6) (%)
            Target: 
             Both males and females 6 YEARS -
			150 YEARS"				FALSE	False
LBDPNLLC	FAR_L	"Linoleic acid (C18:2n-6) comment code
            English Text: 
            Linoleic acid (C18:2n-6) comment code
            Target: 
             Both males and females 6 YEARS -
			150 YEARS"	"Linoleic acid (C18:2n-6) comment code
            English Text: 
            Linoleic acid (C18:2n-6) comment code
            Target: 
             Both males and females 6 YEARS -
			150 YEARS"				FALSE	False
LBXPMR	FAR_L	"Myristic acid (C14:0) (%)
            English Text: 
            Myristic acid (C14:0) (%)
            Target: 
             Both males and females 6 YEARS -
			150 YEARS"	"Myristic acid (C14:0) (%)
            English Text: 
            Myristic acid (C14:0) (%)
            Target: 
             Both males and females 6 YEARS -
			150 YEARS"				FALSE	False
LBDPMRLC	FAR_L	"Myristic acid (C14:0) comment code
            English Text: 
            Myristic acid (C14:0) comment code
            Target: 
             Both males and females 6 YEARS -
			150 YEARS"	"Myristic acid (C14:0) comment code
            English Text: 
            Myristic acid (C14:0) comment code
            Target: 
             Both males and females 6 YEARS -
			150 YEARS"				FALSE	False
LBXPNR	FAR_L	"15-Tetracosenoic acid (C24:1n9) (%)
            English Text: 
            15-Tetracosenoic acid (C24:1n9) (%)
            Target: 
             Both males and females 6 YEARS -
			150 YEARS"	"15-Tetracosenoic acid (C24:1n9) (%)
            English Text: 
            15-Tetracosenoic acid (C24:1n9) (%)
            Target: 
             Both males and females 6 YEARS -
			150 YEARS"				FALSE	False
LBDPNRLC	FAR_L	"15-Tetracosenoic acid(C24:1n9) comt code
            English Text: 
            15-Tetracosenoic acid (C24:1n9) comment code
            Target: 
             Both males and females 6 YEARS -
			150 YEARS"	"15-Tetracosenoic acid(C24:1n9) comt code
            English Text: 
            15-Tetracosenoic acid (C24:1n9) comment code
            Target: 
             Both males and females 6 YEARS -
			150 YEARS"				FALSE	False
LBXPOL	FAR_L	"Oleic acid (C18:1n-9) (%)
            English Text: 
            Oleic acid (C18:1n-9) (%)
            Target: 
             Both males and females 6 YEARS -
			150 YEARS"	"Oleic acid (C18:1n-9) (%)
            English Text: 
            Oleic acid (C18:1n-9) (%)
            Target: 
             Both males and females 6 YEARS -
			150 YEARS"				FALSE	False
LBDPOLLC	FAR_L	"Oleic acid (C18:1n-9) comment code
            English Text: 
            Oleic acid (C18:1n-9) comment code
            Target: 
             Both males and females 6 YEARS -
			150 YEARS"	"Oleic acid (C18:1n-9) comment code
            English Text: 
            Oleic acid (C18:1n-9) comment code
            Target: 
             Both males and females 6 YEARS -
			150 YEARS"				FALSE	False
LBXPPL	FAR_L	"Palmitoleic acid (16:1n-7) (%)
            English Text: 
            Palmitoleic acid (16:1n-7) (%)
            Target: 
             Both males and females 6 YEARS -
			150 YEARS"	"Palmitoleic acid (16:1n-7) (%)
            English Text: 
            Palmitoleic acid (16:1n-7) (%)
            Target: 
             Both males and females 6 YEARS -
			150 YEARS"				FALSE	False
LBDPPLLC	FAR_L	"Palmitoleic acid (16:1n-7) comment code
            English Text: 
            Palmitoleic acid (16:1n-7) comment code
            Target: 
             Both males and females 6 YEARS -
			150 YEARS"	"Palmitoleic acid (16:1n-7) comment code
            English Text: 
            Palmitoleic acid (16:1n-7) comment code
            Target: 
             Both males and females 6 YEARS -
			150 YEARS"				FALSE	False
LBXPPM	FAR_L	"Palmitic acid (C16:0) (%)
            English Text: 
            Palmitic acid (C16:0) (%)
            Target: 
             Both males and females 6 YEARS -
			150 YEARS"	"Palmitic acid (C16:0) (%)
            English Text: 
            Palmitic acid (C16:0) (%)
            Target: 
             Both males and females 6 YEARS -
			150 YEARS"				FALSE	False
LBDPPMLC	FAR_L	"Palmitic acid (C16:0) comment code
            English Text: 
            Palmitic acid (C16:0) comment code
            Target: 
             Both males and females 6 YEARS -
			150 YEARS"	"Palmitic acid (C16:0) comment code
            English Text: 
            Palmitic acid (C16:0) comment code
            Target: 
             Both males and females 6 YEARS -
			150 YEARS"				FALSE	False
LBXPST	FAR_L	"Stearic acid (C18:0) (%)
            English Text: 
            Stearic acid (C18:0) (%)
            Target: 
             Both males and females 6 YEARS -
			150 YEARS"	"Stearic acid (C18:0) (%)
            English Text: 
            Stearic acid (C18:0) (%)
            Target: 
             Both males and females 6 YEARS -
			150 YEARS"				FALSE	False
LBDPSTLC	FAR_L	"Stearic acid (C18:0) comment code
            English Text: 
            Stearic acid (C18:0) comment code
            Target: 
             Both males and females 6 YEARS -
			150 YEARS"	"Stearic acid (C18:0) comment code
            English Text: 
            Stearic acid (C18:0) comment code
            Target: 
             Both males and females 6 YEARS -
			150 YEARS"				FALSE	False
SEQN	FERTIN_L	"Respondent sequence number
            English Text: 
            Respondent sequence number.
            Target: 
             Both males and females 1 YEARS -
			5 YEARS
            Target: 
             Females only 12 YEARS -
			49 YEARS"	"Respondent sequence number
            English Text: 
            Respondent sequence number.
            Target: 
             Both males and females 1 YEARS -
			5 YEARS
            Target: 
             Females only 12 YEARS -
			49 YEARS"				FALSE	False
WTPH2YR	FERTIN_L	"Phlebotomy 2 Year Weight
            English Text: 
            Phlebotomy 2 Year Weight
            Target: 
             Both males and females 1 YEARS -
			5 YEARS
            Target: 
             Females only 12 YEARS -
			49 YEARS"	"Phlebotomy 2 Year Weight
            English Text: 
            Phlebotomy 2 Year Weight
            Target: 
             Both males and females 1 YEARS -
			5 YEARS
            Target: 
             Females only 12 YEARS -
			49 YEARS"				FALSE	False
LBXFER	FERTIN_L	"Ferritin(ng/mL)
            English Text: 
            Ferritin(ng/mL)
            Target: 
             Both males and females 1 YEARS -
			5 YEARS
            Target: 
             Females only 12 YEARS -
			49 YEARS"	"Ferritin(ng/mL)
            English Text: 
            Ferritin(ng/mL)
            Target: 
             Both males and females 1 YEARS -
			5 YEARS
            Target: 
             Females only 12 YEARS -
			49 YEARS"				FALSE	False
LBDFERSI	FERTIN_L	"Ferritin(µg/L)
            English Text: 
            Ferritin(µg/L)
            Target: 
             Both males and females 1 YEARS -
			5 YEARS
            Target: 
             Females only 12 YEARS -
			49 YEARS"	"Ferritin(µg/L)
            English Text: 
            Ferritin(µg/L)
            Target: 
             Both males and females 1 YEARS -
			5 YEARS
            Target: 
             Females only 12 YEARS -
			49 YEARS"				FALSE	False
SEQN	FOLATE_L	"Respondent sequence number
            English Text: 
            Respondent sequence number
            Target: 
             Both males and females 1 YEARS -
			150 YEARS"	"Respondent sequence number
            English Text: 
            Respondent sequence number
            Target: 
             Both males and females 1 YEARS -
			150 YEARS"				FALSE	False
WTPH2YR	FOLATE_L	"Phlebotomy 2 Year Weight
            English Text: 
            Phlebotomy 2 Year Weight
            Target: 
             Both males and females 1 YEARS -
			150 YEARS"	"Phlebotomy 2 Year Weight
            English Text: 
            Phlebotomy 2 Year Weight
            Target: 
             Both males and females 1 YEARS -
			150 YEARS"				FALSE	False
LBDRFO	FOLATE_L	"RBC folate (ng/mL)
            English Text: 
            RBC folate (ng/mL)
            Target: 
             Both males and females 1 YEARS -
			150 YEARS"	"RBC folate (ng/mL)
            English Text: 
            RBC folate (ng/mL)
            Target: 
             Both males and females 1 YEARS -
			150 YEARS"				FALSE	False
LBDRFOSI	FOLATE_L	"RBC folate (nmol/L)
            English Text: 
            RBC folate (nmol/L)
            Target: 
             Both males and females 1 YEARS -
			150 YEARS"	"RBC folate (nmol/L)
            English Text: 
            RBC folate (nmol/L)
            Target: 
             Both males and females 1 YEARS -
			150 YEARS"				FALSE	False
SEQN	FFMR_L	"Respondent sequence number
            English Text: 
            Respondent sequence number.
            Target: 
             Both males and females 6 YEARS -
			150 YEARS"	"Respondent sequence number
            English Text: 
            Respondent sequence number.
            Target: 
             Both males and females 6 YEARS -
			150 YEARS"				FALSE	False
WTPH2YR	FFMR_L	"Phlebotomy 2 Year Weight
            English Text: 
            Phlebotomy 2 Year Weight
            Target: 
             Both males and females 6 YEARS -
			150 YEARS"	"Phlebotomy 2 Year Weight
            English Text: 
            Phlebotomy 2 Year Weight
            Target: 
             Both males and females 6 YEARS -
			150 YEARS"				FALSE	False
LBDRF7SI	FFMR_L	"Total Folate, RBC (nmol/L)
            English Text: 
            Total folate, washed Red Blood Cells (nmol/L)
            Target: 
             Both males and females 6 YEARS -
			150 YEARS"	"Total Folate, RBC (nmol/L)
            English Text: 
            Total folate, washed Red Blood Cells (nmol/L)
            Target: 
             Both males and females 6 YEARS -
			150 YEARS"				FALSE	False
LBXRF1SI	FFMR_L	"5-Methyl-tetrahydrofolate, RBC (nmol/L)
            English Text: 
            5-Methyl-tetrahydrofolate, RBC (nmol/L)
            Target: 
             Both males and females 6 YEARS -
			150 YEARS"	"5-Methyl-tetrahydrofolate, RBC (nmol/L)
            English Text: 
            5-Methyl-tetrahydrofolate, RBC (nmol/L)
            Target: 
             Both males and females 6 YEARS -
			150 YEARS"				FALSE	False
LBDRF1LC	FFMR_L	"5-Methyl-tetrahydrofolate, RBC cmt
            English Text: 
            5-Methyl-tetrahydrofolate, RBC comment code
            Target: 
             Both males and females 6 YEARS -
			150 YEARS"	"5-Methyl-tetrahydrofolate, RBC cmt
            English Text: 
            5-Methyl-tetrahydrofolate, RBC comment code
            Target: 
             Both males and females 6 YEARS -
			150 YEARS"				FALSE	False
LBXRF2SI	FFMR_L	"Folic acid, RBC (nmol/L)
            English Text: 
            Folic acid, RBC (nmol/L)
            Target: 
             Both males and females 6 YEARS -
			150 YEARS"	"Folic acid, RBC (nmol/L)
            English Text: 
            Folic acid, RBC (nmol/L)
            Target: 
             Both males and females 6 YEARS -
			150 YEARS"				FALSE	False
LBDRF2LC	FFMR_L	"Folic acid, RBC cmt
            English Text: 
            Folic acid, RBC comment code
            Target: 
             Both males and females 6 YEARS -
			150 YEARS"	"Folic acid, RBC cmt
            English Text: 
            Folic acid, RBC comment code
            Target: 
             Both males and females 6 YEARS -
			150 YEARS"				FALSE	False
LBXRF3SI	FFMR_L	"5-Formyl-tetrahydrofolate, RBC (nmol/L)
            English Text: 
            5-Formyl-tetrahydrofolate, RBC (nmol/L)
            Target: 
             Both males and females 6 YEARS -
			150 YEARS"	"5-Formyl-tetrahydrofolate, RBC (nmol/L)
            English Text: 
            5-Formyl-tetrahydrofolate, RBC (nmol/L)
            Target: 
             Both males and females 6 YEARS -
			150 YEARS"				FALSE	False
LBDRF3LC	FFMR_L	"5-Formyl-tetrahydrofolate, RBC cmt
            English Text: 
            5-Formyl-tetrahydrofolate, RBC comment code
            Target: 
             Both males and females 6 YEARS -
			150 YEARS"	"5-Formyl-tetrahydrofolate, RBC cmt
            English Text: 
            5-Formyl-tetrahydrofolate, RBC comment code
            Target: 
             Both males and females 6 YEARS -
			150 YEARS"				FALSE	False
LBXRF4SI	FFMR_L	"Tetrahydrofolate, RBC (nmol/L)
            English Text: 
            Tetrahydrofolate, RBC (nmol/L)
            Target: 
             Both males and females 6 YEARS -
			150 YEARS"	"Tetrahydrofolate, RBC (nmol/L)
            English Text: 
            Tetrahydrofolate, RBC (nmol/L)
            Target: 
             Both males and females 6 YEARS -
			150 YEARS"				FALSE	False
LBDRF4LC	FFMR_L	"Tetrahydrofolate, RBC cmt
            English Text: 
            Tetrahydrofolate, RBC comment code
            Target: 
             Both males and females 6 YEARS -
			150 YEARS"	"Tetrahydrofolate, RBC cmt
            English Text: 
            Tetrahydrofolate, RBC comment code
            Target: 
             Both males and females 6 YEARS -
			150 YEARS"				FALSE	False
LBXRF5SI	FFMR_L	"5,10-Methenyl-tetrahydrofolate (nmol/L)
            English Text: 
            5,10-Methenyl-tetrahydrofolate, RBC (nmol/L)
            Target: 
             Both males and females 6 YEARS -
			150 YEARS"	"5,10-Methenyl-tetrahydrofolate (nmol/L)
            English Text: 
            5,10-Methenyl-tetrahydrofolate, RBC (nmol/L)
            Target: 
             Both males and females 6 YEARS -
			150 YEARS"				FALSE	False
LBDRF5LC	FFMR_L	"5,10-Methenyl-tetrahydrofolate, RBC cmt
            English Text: 
            5,10-Methenyl-tetrahydrofolate, RBC comment code
            Target: 
             Both males and females 6 YEARS -
			150 YEARS"	"5,10-Methenyl-tetrahydrofolate, RBC cmt
            English Text: 
            5,10-Methenyl-tetrahydrofolate, RBC comment code
            Target: 
             Both males and females 6 YEARS -
			150 YEARS"				FALSE	False
LBXRF6SI	FFMR_L	"MeFox oxidation product, RBC (nmol/L)
            English Text: 
            MeFox oxidation product, RBC (nmol/L)
            Target: 
             Both males and females 6 YEARS -
			150 YEARS"	"MeFox oxidation product, RBC (nmol/L)
            English Text: 
            MeFox oxidation product, RBC (nmol/L)
            Target: 
             Both males and females 6 YEARS -
			150 YEARS"				FALSE	False
LBDRF6LC	FFMR_L	"MeFox oxidation product, RBC cmt
            English Text: 
            MeFox oxidation product, RBC comment code
            Target: 
             Both males and females 6 YEARS -
			150 YEARS"	"MeFox oxidation product, RBC cmt
            English Text: 
            MeFox oxidation product, RBC comment code
            Target: 
             Both males and females 6 YEARS -
			150 YEARS"				FALSE	False
SEQN	GHB_L	"Sequence number
            English Text: 
            Respondent sequence number.
            Target: 
             Both males and females 12 YEARS -
			150 YEARS"	"Sequence number
            English Text: 
            Respondent sequence number.
            Target: 
             Both males and females 12 YEARS -
			150 YEARS"				FALSE	False
WTPH2YR	GHB_L	"Phlebotomy 2 Year Weight
            English Text: 
            Phlebotomy 2 Year Weight
            Target: 
             Both males and females 12 YEARS -
			150 YEARS"	"Phlebotomy 2 Year Weight
            English Text: 
            Phlebotomy 2 Year Weight
            Target: 
             Both males and females 12 YEARS -
			150 YEARS"				FALSE	False
LBXGH	GHB_L	"Glycohemoglobin (%)
            English Text: 
            Glycohemoglobin (%)
            Target: 
             Both males and females 12 YEARS -
			150 YEARS"	"Glycohemoglobin (%)
            English Text: 
            Glycohemoglobin (%)
            Target: 
             Both males and females 12 YEARS -
			150 YEARS"				FALSE	False
SEQN	HEPA_L	"Respondent sequence number
            English Text: 
            Respondent sequence number
            Target: 
             Both males and females 2 YEARS -
			150 YEARS"	"Respondent sequence number
            English Text: 
            Respondent sequence number
            Target: 
             Both males and females 2 YEARS -
			150 YEARS"				FALSE	False
WTPH2YR	HEPA_L	"Phlebotomy 2 Year Weight
            English Text: 
            Phlebotomy 2 Year Weight
            Target: 
             Both males and females 2 YEARS -
			150 YEARS"	"Phlebotomy 2 Year Weight
            English Text: 
            Phlebotomy 2 Year Weight
            Target: 
             Both males and females 2 YEARS -
			150 YEARS"				FALSE	False
LBXHA	HEPA_L	"Hepatitis A antibody
            English Text: 
            Hepatitis A antibody
            Target: 
             Both males and females 2 YEARS -
			150 YEARS"	"Hepatitis A antibody
            English Text: 
            Hepatitis A antibody
            Target: 
             Both males and females 2 YEARS -
			150 YEARS"				FALSE	False
SEQN	HEPB_S_L	"Respondent sequence number
            English Text: 
            Respondent sequence number
            Target: 
             Both males and females 2 YEARS -
			150 YEARS"	"Respondent sequence number
            English Text: 
            Respondent sequence number
            Target: 
             Both males and females 2 YEARS -
			150 YEARS"				FALSE	False
WTPH2YR	HEPB_S_L	"Phlebotomy 2 Year Weight
            English Text: 
            Phlebotomy 2 Year Weight
            Target: 
             Both males and females 2 YEARS -
			150 YEARS"	"Phlebotomy 2 Year Weight
            English Text: 
            Phlebotomy 2 Year Weight
            Target: 
             Both males and females 2 YEARS -
			150 YEARS"				FALSE	False
LBXHBS	HEPB_S_L	"Hepatitis B Surface Antibody
            English Text: 
            Hepatitis B Surface Antibody
            Target: 
             Both males and females 2 YEARS -
			150 YEARS"	"Hepatitis B Surface Antibody
            English Text: 
            Hepatitis B Surface Antibody
            Target: 
             Both males and females 2 YEARS -
			150 YEARS"				FALSE	False
SEQN	HEPBD_L	"Respondent sequence number
            English Text: 
            Respondent sequence number
            Target: 
             Both males and females 6 YEARS -
			150 YEARS"	"Respondent sequence number
            English Text: 
            Respondent sequence number
            Target: 
             Both males and females 6 YEARS -
			150 YEARS"				FALSE	False
WTPH2YR	HEPBD_L	"Phlebotomy 2 Year Weight
            English Text: 
            Phlebotomy 2 Year Weight
            Target: 
             Both males and females 6 YEARS -
			150 YEARS"	"Phlebotomy 2 Year Weight
            English Text: 
            Phlebotomy 2 Year Weight
            Target: 
             Both males and females 6 YEARS -
			150 YEARS"				FALSE	False
LBXHBC	HEPBD_L	"Hepatitis B core antibody
            English Text: 
            Hepatitis B core antibody
            Target: 
             Both males and females 6 YEARS -
			150 YEARS"	"Hepatitis B core antibody
            English Text: 
            Hepatitis B core antibody
            Target: 
             Both males and females 6 YEARS -
			150 YEARS"				FALSE	False
LBDHBG	HEPBD_L	"Hepatitis B surface antigen
            English Text: 
            Hepatitis B surface antigen
            Target: 
             Both males and females 6 YEARS -
			150 YEARS"	"Hepatitis B surface antigen
            English Text: 
            Hepatitis B surface antigen
            Target: 
             Both males and females 6 YEARS -
			150 YEARS"				FALSE	False
LBDHD	HEPBD_L	"Hepatitis D antibody (anti-HDV)
            English Text: 
            Hepatitis D antibody (anti-HDV)
            Target: 
             Both males and females 6 YEARS -
			150 YEARS"	"Hepatitis D antibody (anti-HDV)
            English Text: 
            Hepatitis D antibody (anti-HDV)
            Target: 
             Both males and females 6 YEARS -
			150 YEARS"				FALSE	False
SEQN	HEPC_L	"Respondent sequence number
            English Text: 
            Respondent sequence number.
            Target: 
             Both males and females 6 YEARS -
			150 YEARS"	"Respondent sequence number
            English Text: 
            Respondent sequence number.
            Target: 
             Both males and females 6 YEARS -
			150 YEARS"				FALSE	False
WTPH2YR	HEPC_L	"Phlebotomy 2 Year Weight
            English Text: 
            Phlebotomy 2 Year Weight
            Target: 
             Both males and females 6 YEARS -
			150 YEARS"	"Phlebotomy 2 Year Weight
            English Text: 
            Phlebotomy 2 Year Weight
            Target: 
             Both males and females 6 YEARS -
			150 YEARS"				FALSE	False
LBXHCR	HEPC_L	"Hepatitis C RNA
            English Text: 
            Hepatitis C RNA
            Target: 
             Both males and females 6 YEARS -
			150 YEARS"	"Hepatitis C RNA
            English Text: 
            Hepatitis C RNA
            Target: 
             Both males and females 6 YEARS -
			150 YEARS"				FALSE	False
LBDHCI	HEPC_L	"Hepatitis C Antibody (confirmed)
            English Text: 
            Hepatitis C Antibody (confirmed)
            Target: 
             Both males and females 6 YEARS -
			150 YEARS"	"Hepatitis C Antibody (confirmed)
            English Text: 
            Hepatitis C Antibody (confirmed)
            Target: 
             Both males and females 6 YEARS -
			150 YEARS"				FALSE	False
LBXHCG	HEPC_L	"Hepatitis C Genotype
            English Text: 
            Hepatitis C Genotype
            Target: 
             Both males and females 6 YEARS -
			150 YEARS"	"Hepatitis C Genotype
            English Text: 
            Hepatitis C Genotype
            Target: 
             Both males and females 6 YEARS -
			150 YEARS"				FALSE	False
SEQN	HEPE_L	"Respondent sequence number
            English Text: 
            Respondent sequence number
            Target: 
             Both males and females 6 YEARS -
			150 YEARS"	"Respondent sequence number
            English Text: 
            Respondent sequence number
            Target: 
             Both males and females 6 YEARS -
			150 YEARS"				FALSE	False
WTPH2YR	HEPE_L	"Phlebotomy 2 Year Weight
            English Text: 
            Phlebotomy 2 Year Weight
            Target: 
             Both males and females 6 YEARS -
			150 YEARS"	"Phlebotomy 2 Year Weight
            English Text: 
            Phlebotomy 2 Year Weight
            Target: 
             Both males and females 6 YEARS -
			150 YEARS"				FALSE	False
LBDHEG	HEPE_L	"Hepatitis E IgG (anti-HEV)
            English Text: 
            Hepatitis E IgG (anti-HEV)
            Target: 
             Both males and females 6 YEARS -
			150 YEARS"	"Hepatitis E IgG (anti-HEV)
            English Text: 
            Hepatitis E IgG (anti-HEV)
            Target: 
             Both males and females 6 YEARS -
			150 YEARS"				FALSE	False
LBDHEM	HEPE_L	"Hepatitis E IgM (anti-HEV)
            English Text: 
            Hepatitis E IgM (anti-HEV)
            Target: 
             Both males and females 6 YEARS -
			150 YEARS"	"Hepatitis E IgM (anti-HEV)
            English Text: 
            Hepatitis E IgM (anti-HEV)
            Target: 
             Both males and females 6 YEARS -
			150 YEARS"				FALSE	False
SEQN	HSCRP_L	"Respondent Sequence Number
            English Text: 
            Respondent Sequence Number
            Target: 
             Both males and females 1 YEARS -
			150 YEARS"	"Respondent Sequence Number
            English Text: 
            Respondent Sequence Number
            Target: 
             Both males and females 1 YEARS -
			150 YEARS"				FALSE	False
WTPH2YR	HSCRP_L	"Phlebotomy 2 Year Weight
            English Text: 
            Phlebotomy 2 Year Weight
            Target: 
             Both males and females 1 YEARS -
			150 YEARS"	"Phlebotomy 2 Year Weight
            English Text: 
            Phlebotomy 2 Year Weight
            Target: 
             Both males and females 1 YEARS -
			150 YEARS"				FALSE	False
LBXHSCRP	HSCRP_L	"HS C-Reactive Protein (mg/L)
            English Text: 
            High-Sensitivity C-Reactive Protein (hs-CRP) (mg/L)
            Target: 
             Both males and females 1 YEARS -
			150 YEARS"	"HS C-Reactive Protein (mg/L)
            English Text: 
            High-Sensitivity C-Reactive Protein (hs-CRP) (mg/L)
            Target: 
             Both males and females 1 YEARS -
			150 YEARS"				FALSE	False
LBDHRPLC	HSCRP_L	"HS C-Reactive Protein Comment Code
            English Text: 
            High-Sensitivity C-Reactive Protein (hs-CRP) Comment Code
            Target: 
             Both males and females 1 YEARS -
			150 YEARS"	"HS C-Reactive Protein Comment Code
            English Text: 
            High-Sensitivity C-Reactive Protein (hs-CRP) Comment Code
            Target: 
             Both males and females 1 YEARS -
			150 YEARS"				FALSE	False
SEQN	INS_L	"Respondent sequence number
            English Text: 
            Respondent sequence number.
            Target: 
             Both males and females 12 YEARS -
			150 YEARS"	"Respondent sequence number
            English Text: 
            Respondent sequence number.
            Target: 
             Both males and females 12 YEARS -
			150 YEARS"				FALSE	False
WTSAF2YR	INS_L	"Fasting Subsample 2 Year MEC Weight
            English Text: 
            Fasting Subsample 2 Year MEC Weight
            Target: 
             Both males and females 12 YEARS -
			150 YEARS"	"Fasting Subsample 2 Year MEC Weight
            English Text: 
            Fasting Subsample 2 Year MEC Weight
            Target: 
             Both males and females 12 YEARS -
			150 YEARS"				FALSE	False
LBXIN	INS_L	"Insulin (uU/mL)
            English Text: 
            Insulin (uU/mL)
            Target: 
             Both males and females 12 YEARS -
			150 YEARS
            Hard Edits: 
            0 to 9999.99"	"Insulin (uU/mL)
            English Text: 
            Insulin (uU/mL)
            Target: 
             Both males and females 12 YEARS -
			150 YEARS
            Hard Edits: 
            0 to 9999.99"				FALSE	False
LBDINSI	INS_L	"Insulin (pmol/L)
            English Text: 
            Insulin (pmol/L)
            Target: 
             Both males and females 12 YEARS -
			150 YEARS"	"Insulin (pmol/L)
            English Text: 
            Insulin (pmol/L)
            Target: 
             Both males and females 12 YEARS -
			150 YEARS"				FALSE	False
LBDINLC	INS_L	"Insulin Comment Code
            English Text: 
            Insulin Comment Code
            Target: 
             Both males and females 12 YEARS -
			150 YEARS"	"Insulin Comment Code
            English Text: 
            Insulin Comment Code
            Target: 
             Both males and females 12 YEARS -
			150 YEARS"				FALSE	False
SEQN	PBCD_L	"Respondent sequence number
            English Text: 
            Respondent sequence number
            Target: 
             Both males and females 1 YEARS -
			150 YEARS"	"Respondent sequence number
            English Text: 
            Respondent sequence number
            Target: 
             Both males and females 1 YEARS -
			150 YEARS"				FALSE	False
WTPH2YR	PBCD_L	"Phlebotomy 2 Year Weight
            English Text: 
            Phlebotomy 2 Year Weight
            Target: 
             Both males and females 1 YEARS -
			150 YEARS"	"Phlebotomy 2 Year Weight
            English Text: 
            Phlebotomy 2 Year Weight
            Target: 
             Both males and females 1 YEARS -
			150 YEARS"				FALSE	False
LBXBPB	PBCD_L	"Blood lead (ug/dL)
            English Text: 
            Blood lead (ug/dL)
            Target: 
             Both males and females 1 YEARS -
			150 YEARS"	"Blood lead (ug/dL)
            English Text: 
            Blood lead (ug/dL)
            Target: 
             Both males and females 1 YEARS -
			150 YEARS"				FALSE	False
LBDBPBSI	PBCD_L	"Blood lead (umol/L)
            English Text: 
            Blood lead (umol/L)
            Target: 
             Both males and females 1 YEARS -
			150 YEARS"	"Blood lead (umol/L)
            English Text: 
            Blood lead (umol/L)
            Target: 
             Both males and females 1 YEARS -
			150 YEARS"				FALSE	False
LBDBPBLC	PBCD_L	"Blood lead comment code
            English Text: 
            Blood lead comment code
            Target: 
             Both males and females 1 YEARS -
			150 YEARS"	"Blood lead comment code
            English Text: 
            Blood lead comment code
            Target: 
             Both males and females 1 YEARS -
			150 YEARS"				FALSE	False
LBXBCD	PBCD_L	"Blood cadmium (ug/L)
            English Text: 
            Blood cadmium (ug/L)
            Target: 
             Both males and females 1 YEARS -
			150 YEARS"	"Blood cadmium (ug/L)
            English Text: 
            Blood cadmium (ug/L)
            Target: 
             Both males and females 1 YEARS -
			150 YEARS"				FALSE	False
LBDBCDSI	PBCD_L	"Blood cadmium (nmol/L)
            English Text: 
            Blood cadmium (nmol/L)
            Target: 
             Both males and females 1 YEARS -
			150 YEARS"	"Blood cadmium (nmol/L)
            English Text: 
            Blood cadmium (nmol/L)
            Target: 
             Both males and females 1 YEARS -
			150 YEARS"				FALSE	False
LBDBCDLC	PBCD_L	"Blood cadmium comment code
            English Text: 
            Blood cadmium comment code
            Target: 
             Both males and females 1 YEARS -
			150 YEARS"	"Blood cadmium comment code
            English Text: 
            Blood cadmium comment code
            Target: 
             Both males and females 1 YEARS -
			150 YEARS"				FALSE	False
LBXTHG	PBCD_L	"Blood mercury, total (ug/L) 
            English Text: 
            Blood mercury, total (ug/L) 
            Target: 
             Both males and females 1 YEARS -
			150 YEARS"	"Blood mercury, total (ug/L) 
            English Text: 
            Blood mercury, total (ug/L) 
            Target: 
             Both males and females 1 YEARS -
			150 YEARS"				FALSE	False
LBDTHGSI	PBCD_L	"Blood mercury, total (nmol/L)
            English Text: 
            Blood mercury, total (nmol/L)
            Target: 
             Both males and females 1 YEARS -
			150 YEARS"	"Blood mercury, total (nmol/L)
            English Text: 
            Blood mercury, total (nmol/L)
            Target: 
             Both males and females 1 YEARS -
			150 YEARS"				FALSE	False
LBDTHGLC	PBCD_L	"Blood mercury, total comment code
            English Text: 
            Blood mercury, total comment code
            Target: 
             Both males and females 1 YEARS -
			150 YEARS"	"Blood mercury, total comment code
            English Text: 
            Blood mercury, total comment code
            Target: 
             Both males and females 1 YEARS -
			150 YEARS"				FALSE	False
LBXBSE	PBCD_L	"Blood selenium (ug/L)
            English Text: 
            Blood selenium(ug/L)
            Target: 
             Both males and females 1 YEARS -
			150 YEARS"	"Blood selenium (ug/L)
            English Text: 
            Blood selenium(ug/L)
            Target: 
             Both males and females 1 YEARS -
			150 YEARS"				FALSE	False
LBDBSESI	PBCD_L	"Blood selenium (umol/L)
            English Text: 
            Blood selenium (umol/L)
            Target: 
             Both males and females 1 YEARS -
			150 YEARS"	"Blood selenium (umol/L)
            English Text: 
            Blood selenium (umol/L)
            Target: 
             Both males and females 1 YEARS -
			150 YEARS"				FALSE	False
LBDBSELC	PBCD_L	"Blood selenium comment code
            English Text: 
            Blood selenium comment code
            Target: 
             Both males and females 1 YEARS -
			150 YEARS"	"Blood selenium comment code
            English Text: 
            Blood selenium comment code
            Target: 
             Both males and females 1 YEARS -
			150 YEARS"				FALSE	False
LBXBMN	PBCD_L	"Blood manganese (ug/L)
            English Text: 
            Blood manganese (ug/L)
            Target: 
             Both males and females 1 YEARS -
			150 YEARS"	"Blood manganese (ug/L)
            English Text: 
            Blood manganese (ug/L)
            Target: 
             Both males and females 1 YEARS -
			150 YEARS"				FALSE	False
LBDBMNSI	PBCD_L	"Blood manganese (nmol/L)
            English Text: 
            Blood manganese (nmol/L)
            Target: 
             Both males and females 1 YEARS -
			150 YEARS"	"Blood manganese (nmol/L)
            English Text: 
            Blood manganese (nmol/L)
            Target: 
             Both males and females 1 YEARS -
			150 YEARS"				FALSE	False
LBDBMNLC	PBCD_L	"Blood manganese comment code
            English Text: 
            Blood manganese comment code
            Target: 
             Both males and females 1 YEARS -
			150 YEARS"	"Blood manganese comment code
            English Text: 
            Blood manganese comment code
            Target: 
             Both males and females 1 YEARS -
			150 YEARS"				FALSE	False
SEQN	IHGEM_L	"Respondent sequence number
            English Text: 
            Respondent sequence number.
            Target: 
             Both males and females 1 YEARS -
			150 YEARS"	"Respondent sequence number
            English Text: 
            Respondent sequence number.
            Target: 
             Both males and females 1 YEARS -
			150 YEARS"				FALSE	False
WTPH2YR	IHGEM_L	"Phlebotomy 2 Year Weight
            English Text: 
            Phlebotomy 2 Year Weight
            Target: 
             Both males and females 1 YEARS -
			150 YEARS"	"Phlebotomy 2 Year Weight
            English Text: 
            Phlebotomy 2 Year Weight
            Target: 
             Both males and females 1 YEARS -
			150 YEARS"				FALSE	False
LBXIHG	IHGEM_L	"Mercury, inorganic (ug/L)
            English Text: 
            Inorganic mercury, blood (ug/L)
            Target: 
             Both males and females 1 YEARS -
			150 YEARS"	"Mercury, inorganic (ug/L)
            English Text: 
            Inorganic mercury, blood (ug/L)
            Target: 
             Both males and females 1 YEARS -
			150 YEARS"				FALSE	False
LBDIHGSI	IHGEM_L	"Mercury, inorganic (nmol/L)
            English Text: 
            Mercury, inorganic (nmol/L)
            Target: 
             Both males and females 1 YEARS -
			150 YEARS"	"Mercury, inorganic (nmol/L)
            English Text: 
            Mercury, inorganic (nmol/L)
            Target: 
             Both males and females 1 YEARS -
			150 YEARS"				FALSE	False
LBDIHGLC	IHGEM_L	"Mercury, inorganic comment code
            English Text: 
            Mercury, inorganic comment code
            Target: 
             Both males and females 1 YEARS -
			150 YEARS"	"Mercury, inorganic comment code
            English Text: 
            Mercury, inorganic comment code
            Target: 
             Both males and females 1 YEARS -
			150 YEARS"				FALSE	False
LBXBGE	IHGEM_L	"Mercury, ethyl (ug/L)
            English Text: 
            Mercury, ethyl (ug/L)
            Target: 
             Both males and females 1 YEARS -
			150 YEARS"	"Mercury, ethyl (ug/L)
            English Text: 
            Mercury, ethyl (ug/L)
            Target: 
             Both males and females 1 YEARS -
			150 YEARS"				FALSE	False
LBDBGESI	IHGEM_L	"Mercury, ethyl (nmol/L)
            English Text: 
            Mercury, ethyl (nmol/L)
            Target: 
             Both males and females 1 YEARS -
			150 YEARS"	"Mercury, ethyl (nmol/L)
            English Text: 
            Mercury, ethyl (nmol/L)
            Target: 
             Both males and females 1 YEARS -
			150 YEARS"				FALSE	False
LBDBGELC	IHGEM_L	"Mercury, ethyl comment code
            English Text: 
            Mercury, ethyl comment code
            Target: 
             Both males and females 1 YEARS -
			150 YEARS"	"Mercury, ethyl comment code
            English Text: 
            Mercury, ethyl comment code
            Target: 
             Both males and females 1 YEARS -
			150 YEARS"				FALSE	False
LBXBGM	IHGEM_L	"Mercury, methyl (ug/L)
            English Text: 
            Mercury, methyl (ug/L)	
            Target: 
             Both males and females 1 YEARS -
			150 YEARS"	"Mercury, methyl (ug/L)
            English Text: 
            Mercury, methyl (ug/L)	
            Target: 
             Both males and females 1 YEARS -
			150 YEARS"				FALSE	False
LBDBGMSI	IHGEM_L	"Mercury, methyl (nmol/L)
            English Text: 
            Mercury, methyl (nmol/L)
            Target: 
             Both males and females 1 YEARS -
			150 YEARS"	"Mercury, methyl (nmol/L)
            English Text: 
            Mercury, methyl (nmol/L)
            Target: 
             Both males and females 1 YEARS -
			150 YEARS"				FALSE	False
LBDBGMLC	IHGEM_L	"Mercury, methyl comment code
            English Text: 
            Mercury, methyl comment code
            Target: 
             Both males and females 1 YEARS -
			150 YEARS"	"Mercury, methyl comment code
            English Text: 
            Mercury, methyl comment code
            Target: 
             Both males and females 1 YEARS -
			150 YEARS"				FALSE	False
SEQN	GLU_L	"Respondent sequence number
            English Text: 
            Respondent sequence number
            Target: 
             Both males and females 12 YEARS -
			150 YEARS"	"Respondent sequence number
            English Text: 
            Respondent sequence number
            Target: 
             Both males and females 12 YEARS -
			150 YEARS"				FALSE	False
WTSAF2YR	GLU_L	"Fasting Subsample 2 Year MEC Weight
            English Text: 
            Fasting Subsample 2 Year MEC Weight
            Target: 
             Both males and females 12 YEARS -
			150 YEARS"	"Fasting Subsample 2 Year MEC Weight
            English Text: 
            Fasting Subsample 2 Year MEC Weight
            Target: 
             Both males and females 12 YEARS -
			150 YEARS"				FALSE	False
LBXGLU	GLU_L	"Fasting Glucose (mg/dL)
            English Text: 
            Fasting Glucose (mg/dL)
            Target: 
             Both males and females 12 YEARS -
			150 YEARS"	"Fasting Glucose (mg/dL)
            English Text: 
            Fasting Glucose (mg/dL)
            Target: 
             Both males and females 12 YEARS -
			150 YEARS"				FALSE	False
LBDGLUSI	GLU_L	"Fasting Glucose (mmol/L)
            English Text: 
            Fasting Glucose (mmol/L)
            Target: 
             Both males and females 12 YEARS -
			150 YEARS"	"Fasting Glucose (mmol/L)
            English Text: 
            Fasting Glucose (mmol/L)
            Target: 
             Both males and females 12 YEARS -
			150 YEARS"				FALSE	False
SEQN	FOLFMS_L	"Respondent sequence number
            English Text: 
            Respondent sequence number
            Target: 
             Both males and females 1 YEARS -
			150 YEARS"	"Respondent sequence number
            English Text: 
            Respondent sequence number
            Target: 
             Both males and females 1 YEARS -
			150 YEARS"				FALSE	False
LBDFOTSI	FOLFMS_L	"Serum total folate (nmol/L)
            English Text: 
            Serum total folate (nmol/L)
            Target: 
             Both males and females 1 YEARS -
			150 YEARS"	"Serum total folate (nmol/L)
            English Text: 
            Serum total folate (nmol/L)
            Target: 
             Both males and females 1 YEARS -
			150 YEARS"				FALSE	False
LBDFOT	FOLFMS_L	"Serum total folate (ng/mL)
            English Text: 
            Serum total folate (ng/mL)
            Target: 
             Both males and females 1 YEARS -
			150 YEARS"	"Serum total folate (ng/mL)
            English Text: 
            Serum total folate (ng/mL)
            Target: 
             Both males and females 1 YEARS -
			150 YEARS"				FALSE	False
LBXSF1SI	FOLFMS_L	"5-Methyl-tetrahydrofolate (nmol/L)
            English Text: 
            5-Methyl-tetrahydrofolate (nmol/L)
            Target: 
             Both males and females 1 YEARS -
			150 YEARS"	"5-Methyl-tetrahydrofolate (nmol/L)
            English Text: 
            5-Methyl-tetrahydrofolate (nmol/L)
            Target: 
             Both males and females 1 YEARS -
			150 YEARS"				FALSE	False
LBDSF1LC	FOLFMS_L	"5-Methyl-tetrahydrofolate cmt
            English Text: 
            5-Methyl-tetrahydrofolic comment code
            Target: 
             Both males and females 1 YEARS -
			150 YEARS"	"5-Methyl-tetrahydrofolate cmt
            English Text: 
            5-Methyl-tetrahydrofolic comment code
            Target: 
             Both males and females 1 YEARS -
			150 YEARS"				FALSE	False
LBXSF2SI	FOLFMS_L	"Folic acid (nmol/L)
            English Text: 
            Folic acid (nmol/L)
            Target: 
             Both males and females 1 YEARS -
			150 YEARS"	"Folic acid (nmol/L)
            English Text: 
            Folic acid (nmol/L)
            Target: 
             Both males and females 1 YEARS -
			150 YEARS"				FALSE	False
LBDSF2LC	FOLFMS_L	"Folic acid cmt
            English Text: 
            Folic acid comment code
            Target: 
             Both males and females 1 YEARS -
			150 YEARS"	"Folic acid cmt
            English Text: 
            Folic acid comment code
            Target: 
             Both males and females 1 YEARS -
			150 YEARS"				FALSE	False
LBXSF3SI	FOLFMS_L	"5-Formyl-tetrahydrofolate (nmol/L)
            English Text: 
            5-Formyl-tetrahydrofolate (nmol/L)
            Target: 
             Both males and females 1 YEARS -
			150 YEARS"	"5-Formyl-tetrahydrofolate (nmol/L)
            English Text: 
            5-Formyl-tetrahydrofolate (nmol/L)
            Target: 
             Both males and females 1 YEARS -
			150 YEARS"				FALSE	False
LBDSF3LC	FOLFMS_L	"5-Formyl-tetrahydrofolate cmt
            English Text: 
            5-Formyl-tetrahydrofolate comment code
            Target: 
             Both males and females 1 YEARS -
			150 YEARS"	"5-Formyl-tetrahydrofolate cmt
            English Text: 
            5-Formyl-tetrahydrofolate comment code
            Target: 
             Both males and females 1 YEARS -
			150 YEARS"				FALSE	False
LBXSF4SI	FOLFMS_L	"Tetrahydrofolate (nmol/L)
            English Text: 
            Tetrahydrofolate (nmol/L)
            Target: 
             Both males and females 1 YEARS -
			150 YEARS"	"Tetrahydrofolate (nmol/L)
            English Text: 
            Tetrahydrofolate (nmol/L)
            Target: 
             Both males and females 1 YEARS -
			150 YEARS"				FALSE	False
LBDSF4LC	FOLFMS_L	"Tetrahydrofolate cmt
            English Text: 
            Tetrahydrofolate comment code
            Target: 
             Both males and females 1 YEARS -
			150 YEARS"	"Tetrahydrofolate cmt
            English Text: 
            Tetrahydrofolate comment code
            Target: 
             Both males and females 1 YEARS -
			150 YEARS"				FALSE	False
LBXSF5SI	FOLFMS_L	"5,10-Methenyl-tetrahydrofolate (nmol/L)
            English Text: 
            5,10-Methenyl-tetrahydrofolate (nmol/L)
            Target: 
             Both males and females 1 YEARS -
			150 YEARS"	"5,10-Methenyl-tetrahydrofolate (nmol/L)
            English Text: 
            5,10-Methenyl-tetrahydrofolate (nmol/L)
            Target: 
             Both males and females 1 YEARS -
			150 YEARS"				FALSE	False
LBDSF5LC	FOLFMS_L	"5,10-Methenyl-tetrahydrofolate cmt
            English Text: 
            5,10-Methenyl-tetrahydrofolate comment code
            Target: 
             Both males and females 1 YEARS -
			150 YEARS"	"5,10-Methenyl-tetrahydrofolate cmt
            English Text: 
            5,10-Methenyl-tetrahydrofolate comment code
            Target: 
             Both males and females 1 YEARS -
			150 YEARS"				FALSE	False
LBXSF6SI	FOLFMS_L	"Mefox oxidation product (nmol/L)
            English Text: 
            Mefox oxidation product (nmol/L)
            Target: 
             Both males and females 1 YEARS -
			150 YEARS"	"Mefox oxidation product (nmol/L)
            English Text: 
            Mefox oxidation product (nmol/L)
            Target: 
             Both males and females 1 YEARS -
			150 YEARS"				FALSE	False
LBDSF6LC	FOLFMS_L	"Mefox oxidation product cmt
            English Text: 
            Mefox oxidation product comment code
            Target: 
             Both males and females 1 YEARS -
			150 YEARS"	"Mefox oxidation product cmt
            English Text: 
            Mefox oxidation product comment code
            Target: 
             Both males and females 1 YEARS -
			150 YEARS"				FALSE	False
SEQN	TST_L	"Respondent sequence number
            English Text: 
            Respondent sequence number.
            Target: 
             Both males and females 3 YEARS -
			150 YEARS"	"Respondent sequence number
            English Text: 
            Respondent sequence number.
            Target: 
             Both males and females 3 YEARS -
			150 YEARS"				FALSE	False
WTPH2YR	TST_L	"Phlebotomy 2 Year Weight
            English Text: 
            Phlebotomy 2 Year Weight
            Target: 
             Both males and females 3 YEARS -
			150 YEARS"	"Phlebotomy 2 Year Weight
            English Text: 
            Phlebotomy 2 Year Weight
            Target: 
             Both males and females 3 YEARS -
			150 YEARS"				FALSE	False
LBX17H	TST_L	"17α-hydroxyprogesterone (ng/dL)
            English Text: 
            17α-hydroxyprogesterone (ng/dL)
            Target: 
             Both males and females 3 YEARS -
			150 YEARS"	"17α-hydroxyprogesterone (ng/dL)
            English Text: 
            17α-hydroxyprogesterone (ng/dL)
            Target: 
             Both males and females 3 YEARS -
			150 YEARS"				FALSE	False
LBD17HSI	TST_L	"17α-hydroxyprogesterone (nmol/L)
            English Text: 
            17α-hydroxyprogesterone (nmol/L)
            Target: 
             Both males and females 3 YEARS -
			150 YEARS"	"17α-hydroxyprogesterone (nmol/L)
            English Text: 
            17α-hydroxyprogesterone (nmol/L)
            Target: 
             Both males and females 3 YEARS -
			150 YEARS"				FALSE	False
LBD17HLC	TST_L	"17α-hydroxyprogesterone Comment Code
            English Text: 
            17α-hydroxyprogesterone Comment Code
            Target: 
             Both males and females 3 YEARS -
			150 YEARS"	"17α-hydroxyprogesterone Comment Code
            English Text: 
            17α-hydroxyprogesterone Comment Code
            Target: 
             Both males and females 3 YEARS -
			150 YEARS"				FALSE	False
LBXAND	TST_L	"Androstenedione (ng/dL)
            English Text: 
            Androstenedione (ng/dL)
            Target: 
             Both males and females 3 YEARS -
			150 YEARS"	"Androstenedione (ng/dL)
            English Text: 
            Androstenedione (ng/dL)
            Target: 
             Both males and females 3 YEARS -
			150 YEARS"				FALSE	False
LBDANDSI	TST_L	"Androstenedione (nmol/L)
            English Text: 
            Androstenedione (nmol/L)
            Target: 
             Both males and females 3 YEARS -
			150 YEARS"	"Androstenedione (nmol/L)
            English Text: 
            Androstenedione (nmol/L)
            Target: 
             Both males and females 3 YEARS -
			150 YEARS"				FALSE	False
LBDANDLC	TST_L	"Androstenedione Comment Code
            English Text: 
            Androstenedione Comment Code
            Target: 
             Both males and females 3 YEARS -
			150 YEARS"	"Androstenedione Comment Code
            English Text: 
            Androstenedione Comment Code
            Target: 
             Both males and females 3 YEARS -
			150 YEARS"				FALSE	False
LBXAMH	TST_L	"Anti-Mullerian hormone (ng/mL)
            English Text: 
            Anti-Mullerian hormone (ng/mL)
            Target: 
             Both males and females 6 YEARS -
			150 YEARS"	"Anti-Mullerian hormone (ng/mL)
            English Text: 
            Anti-Mullerian hormone (ng/mL)
            Target: 
             Both males and females 6 YEARS -
			150 YEARS"				FALSE	False
LBDAMHSI	TST_L	"Anti-Mullerian hormone (pmol/L)
            English Text: 
            Anti-Mullerian hormone (pmol/L)
            Target: 
             Both males and females 6 YEARS -
			150 YEARS"	"Anti-Mullerian hormone (pmol/L)
            English Text: 
            Anti-Mullerian hormone (pmol/L)
            Target: 
             Both males and females 6 YEARS -
			150 YEARS"				FALSE	False
LBDAMHLC	TST_L	"Anti-Mullerian hormone Comment Code
            English Text: 
            Anti-Mullerian hormone Comment Code
            Target: 
             Both males and females 6 YEARS -
			150 YEARS"	"Anti-Mullerian hormone Comment Code
            English Text: 
            Anti-Mullerian hormone Comment Code
            Target: 
             Both males and females 6 YEARS -
			150 YEARS"				FALSE	False
LBXDHE	TST_L	"DHEAS (µg/dL)
            English Text: 
            Dehydroepiandrosterone sulfate (µg/dL)
            Target: 
             Both males and females 3 YEARS -
			150 YEARS"	"DHEAS (µg/dL)
            English Text: 
            Dehydroepiandrosterone sulfate (µg/dL)
            Target: 
             Both males and females 3 YEARS -
			150 YEARS"				FALSE	False
LBDDHESI	TST_L	"DHEAS (µmol/L)
            English Text: 
            Dehydroepiandrosterone sulfate (µmol/L)
            Target: 
             Both males and females 3 YEARS -
			150 YEARS"	"DHEAS (µmol/L)
            English Text: 
            Dehydroepiandrosterone sulfate (µmol/L)
            Target: 
             Both males and females 3 YEARS -
			150 YEARS"				FALSE	False
LBDDHELC	TST_L	"DHEAS Comment Code
            English Text: 
            Dehydroepiandrosterone sulfate Comment Code
            Target: 
             Both males and females 3 YEARS -
			150 YEARS"	"DHEAS Comment Code
            English Text: 
            Dehydroepiandrosterone sulfate Comment Code
            Target: 
             Both males and females 3 YEARS -
			150 YEARS"				FALSE	False
LBXEST	TST_L	"Estradiol (pg/mL)
            English Text: 
            Estradiol (pg/mL)
            Target: 
             Both males and females 3 YEARS -
			150 YEARS"	"Estradiol (pg/mL)
            English Text: 
            Estradiol (pg/mL)
            Target: 
             Both males and females 3 YEARS -
			150 YEARS"				FALSE	False
LBDESTSI	TST_L	"Estradiol (pmol/L)
            English Text: 
            Estradiol (pmol/L)
            Target: 
             Both males and females 3 YEARS -
			150 YEARS"	"Estradiol (pmol/L)
            English Text: 
            Estradiol (pmol/L)
            Target: 
             Both males and females 3 YEARS -
			150 YEARS"				FALSE	False
LBDESTLC	TST_L	"Estradiol Comment Code
            English Text: 
            Estradiol Comment Code
            Target: 
             Both males and females 3 YEARS -
			150 YEARS"	"Estradiol Comment Code
            English Text: 
            Estradiol Comment Code
            Target: 
             Both males and females 3 YEARS -
			150 YEARS"				FALSE	False
LBXESO	TST_L	"Estrone (ng/dL)
            English Text: 
            Estrone (ng/dL)
            Target: 
             Both males and females 3 YEARS -
			150 YEARS"	"Estrone (ng/dL)
            English Text: 
            Estrone (ng/dL)
            Target: 
             Both males and females 3 YEARS -
			150 YEARS"				FALSE	False
LBDESOSI	TST_L	"Estrone (pmol/L)
            English Text: 
            Estrone (pmol/L)
            Target: 
             Both males and females 3 YEARS -
			150 YEARS"	"Estrone (pmol/L)
            English Text: 
            Estrone (pmol/L)
            Target: 
             Both males and females 3 YEARS -
			150 YEARS"				FALSE	False
LBDESOLC	TST_L	"Estrone Comment Code
            English Text: 
            Estrone Comment Code
            Target: 
             Both males and females 3 YEARS -
			150 YEARS"	"Estrone Comment Code
            English Text: 
            Estrone Comment Code
            Target: 
             Both males and females 3 YEARS -
			150 YEARS"				FALSE	False
LBXES1	TST_L	"Estrone Sulfate (pg/mL)
            English Text: 
            Estrone Sulfate (pg/mL)
            Target: 
             Both males and females 3 YEARS -
			150 YEARS"	"Estrone Sulfate (pg/mL)
            English Text: 
            Estrone Sulfate (pg/mL)
            Target: 
             Both males and females 3 YEARS -
			150 YEARS"				FALSE	False
LBDES1SI	TST_L	"Estrone Sulfate (pmol/L)
            English Text: 
            Estrone Sulfate (pmol/L)
            Target: 
             Both males and females 3 YEARS -
			150 YEARS"	"Estrone Sulfate (pmol/L)
            English Text: 
            Estrone Sulfate (pmol/L)
            Target: 
             Both males and females 3 YEARS -
			150 YEARS"				FALSE	False
LBDES1LC	TST_L	"Estrone Sulfate Comment Code
            English Text: 
            Estrone Sulfate Comment Code
            Target: 
             Both males and females 3 YEARS -
			150 YEARS"	"Estrone Sulfate Comment Code
            English Text: 
            Estrone Sulfate Comment Code
            Target: 
             Both males and females 3 YEARS -
			150 YEARS"				FALSE	False
LBXFSH	TST_L	"Follicle Stimulating Hormone (mIU/mL)
            English Text: 
            Follicle Stimulating Hormone (mIU/mL)
            Target: 
             Both males and females 6 YEARS -
			150 YEARS"	"Follicle Stimulating Hormone (mIU/mL)
            English Text: 
            Follicle Stimulating Hormone (mIU/mL)
            Target: 
             Both males and females 6 YEARS -
			150 YEARS"				FALSE	False
LBDFSHLC	TST_L	"FSH Comment Code
            English Text: 
            Follicle Stimulating Hormone Comment Code
            Target: 
             Both males and females 6 YEARS -
			150 YEARS"	"FSH Comment Code
            English Text: 
            Follicle Stimulating Hormone Comment Code
            Target: 
             Both males and females 6 YEARS -
			150 YEARS"				FALSE	False
LBXLUH	TST_L	"Luteinizing Hormone (mIU/mL)
            English Text: 
            Luteinizing Hormone (mIU/mL)
            Target: 
             Both males and females 6 YEARS -
			150 YEARS"	"Luteinizing Hormone (mIU/mL)
            English Text: 
            Luteinizing Hormone (mIU/mL)
            Target: 
             Both males and females 6 YEARS -
			150 YEARS"				FALSE	False
LBDLUHLC	TST_L	"Luteinizing Hormone Comment Code
            English Text: 
            Luteinizing Hormone Comment Code
            Target: 
             Both males and females 6 YEARS -
			150 YEARS"	"Luteinizing Hormone Comment Code
            English Text: 
            Luteinizing Hormone Comment Code
            Target: 
             Both males and females 6 YEARS -
			150 YEARS"				FALSE	False
LBXPG4	TST_L	"Progesterone (ng/dL)
            English Text: 
            Progesterone (ng/dL)
            Target: 
             Both males and females 3 YEARS -
			150 YEARS"	"Progesterone (ng/dL)
            English Text: 
            Progesterone (ng/dL)
            Target: 
             Both males and females 3 YEARS -
			150 YEARS"				FALSE	False
LBDPG4SI	TST_L	"Progesterone (nmol/L)
            English Text: 
            Progesterone (nmol/L)
            Target: 
             Both males and females 3 YEARS -
			150 YEARS"	"Progesterone (nmol/L)
            English Text: 
            Progesterone (nmol/L)
            Target: 
             Both males and females 3 YEARS -
			150 YEARS"				FALSE	False
LBDPG4LC	TST_L	"Progesterone Comment Code
            English Text: 
            Progesterone Comment Code
            Target: 
             Both males and females 3 YEARS -
			150 YEARS"	"Progesterone Comment Code
            English Text: 
            Progesterone Comment Code
            Target: 
             Both males and females 3 YEARS -
			150 YEARS"				FALSE	False
LBXSHBG	TST_L	"SHBG (nmol/L)
            English Text: 
            Sex Hormone Binding Globulin (SHBG, nmol/L)
            Target: 
             Both males and females 3 YEARS -
			150 YEARS"	"SHBG (nmol/L)
            English Text: 
            Sex Hormone Binding Globulin (SHBG, nmol/L)
            Target: 
             Both males and females 3 YEARS -
			150 YEARS"				FALSE	False
LBDSHGLC	TST_L	"SHBG Comment Code
            English Text: 
            Sex Hormone Binding Globulin Comment Code
            Target: 
             Both males and females 3 YEARS -
			150 YEARS"	"SHBG Comment Code
            English Text: 
            Sex Hormone Binding Globulin Comment Code
            Target: 
             Both males and females 3 YEARS -
			150 YEARS"				FALSE	False
LBXTST	TST_L	"Testosterone, total (ng/dL)
            English Text: 
            Testosterone, total (ng/dL)
            Target: 
             Both males and females 3 YEARS -
			150 YEARS"	"Testosterone, total (ng/dL)
            English Text: 
            Testosterone, total (ng/dL)
            Target: 
             Both males and females 3 YEARS -
			150 YEARS"				FALSE	False
LBDTSTSI	TST_L	"Testosterone, total (nmol/L)
            English Text: 
            Testosterone, total (nmol/L)
            Target: 
             Both males and females 3 YEARS -
			150 YEARS"	"Testosterone, total (nmol/L)
            English Text: 
            Testosterone, total (nmol/L)
            Target: 
             Both males and females 3 YEARS -
			150 YEARS"				FALSE	False
LBDTSTLC	TST_L	"Testosterone comment code
            English Text: 
            Testosterone comment code
            Target: 
             Both males and females 3 YEARS -
			150 YEARS"	"Testosterone comment code
            English Text: 
            Testosterone comment code
            Target: 
             Both males and females 3 YEARS -
			150 YEARS"				FALSE	False
SEQN	BIOPRO_L	"Respondent Sequence Number
            English Text: 
            Respondent Sequence Number
            Target: 
             Both males and females 12 YEARS -
			150 YEARS"	"Respondent Sequence Number
            English Text: 
            Respondent Sequence Number
            Target: 
             Both males and females 12 YEARS -
			150 YEARS"				FALSE	False
WTPH2YR	BIOPRO_L	"Phlebotomy 2 Year Weight
            English Text: 
            Phlebotomy 2 Year Weight
            Target: 
             Both males and females 12 YEARS -
			150 YEARS"	"Phlebotomy 2 Year Weight
            English Text: 
            Phlebotomy 2 Year Weight
            Target: 
             Both males and females 12 YEARS -
			150 YEARS"				FALSE	False
LBXSATSI	BIOPRO_L	"Alanine Aminotransferase (ALT) (IU/L)
            English Text: 
            Alanine Aminotransferase (ALT) (IU/L)
            Target: 
             Both males and females 12 YEARS -
			150 YEARS"	"Alanine Aminotransferase (ALT) (IU/L)
            English Text: 
            Alanine Aminotransferase (ALT) (IU/L)
            Target: 
             Both males and females 12 YEARS -
			150 YEARS"				FALSE	False
LBXSAL	BIOPRO_L	"Albumin, refrigerated serum (g/dL)
            English Text: 
            Albumin, refrigerated serum (g/dL)
            Target: 
             Both males and females 12 YEARS -
			150 YEARS"	"Albumin, refrigerated serum (g/dL)
            English Text: 
            Albumin, refrigerated serum (g/dL)
            Target: 
             Both males and females 12 YEARS -
			150 YEARS"				FALSE	False
LBDSALSI	BIOPRO_L	"Albumin, refrigerated serum (g/L)
            English Text: 
            Albumin, refrigerated serum(g/L)
            Target: 
             Both males and females 12 YEARS -
			150 YEARS"	"Albumin, refrigerated serum (g/L)
            English Text: 
            Albumin, refrigerated serum(g/L)
            Target: 
             Both males and females 12 YEARS -
			150 YEARS"				FALSE	False
LBXSAPSI	BIOPRO_L	"Alkaline Phosphatase (ALP) (IU/L)
            English Text: 
            Alkaline Phosphatase (ALP) (IU/L)
            Target: 
             Both males and females 12 YEARS -
			150 YEARS"	"Alkaline Phosphatase (ALP) (IU/L)
            English Text: 
            Alkaline Phosphatase (ALP) (IU/L)
            Target: 
             Both males and females 12 YEARS -
			150 YEARS"				FALSE	False
LBXSASSI	BIOPRO_L	"Aspartate Aminotransferase (AST) (IU/L)
            English Text: 
            Aspartate Aminotransferase (AST) (IU/L)
            Target: 
             Both males and females 12 YEARS -
			150 YEARS"	"Aspartate Aminotransferase (AST) (IU/L)
            English Text: 
            Aspartate Aminotransferase (AST) (IU/L)
            Target: 
             Both males and females 12 YEARS -
			150 YEARS"				FALSE	False
LBXSC3SI	BIOPRO_L	"Bicarbonate (mmol/L)
            English Text: 
            Bicarbonate (mmol/L)
            Target: 
             Both males and females 12 YEARS -
			150 YEARS"	"Bicarbonate (mmol/L)
            English Text: 
            Bicarbonate (mmol/L)
            Target: 
             Both males and females 12 YEARS -
			150 YEARS"				FALSE	False
LBXSBU	BIOPRO_L	"Blood Urea Nitrogen (mg/dL)
            English Text: 
            Blood Urea Nitrogen (mg/dL)
            Target: 
             Both males and females 12 YEARS -
			150 YEARS"	"Blood Urea Nitrogen (mg/dL)
            English Text: 
            Blood Urea Nitrogen (mg/dL)
            Target: 
             Both males and females 12 YEARS -
			150 YEARS"				FALSE	False
LBDSBUSI	BIOPRO_L	"Blood Urea Nitrogen (mmol/L)
            English Text: 
            Blood Urea Nitrogen (mmol/L)
            Target: 
             Both males and females 12 YEARS -
			150 YEARS"	"Blood Urea Nitrogen (mmol/L)
            English Text: 
            Blood Urea Nitrogen (mmol/L)
            Target: 
             Both males and females 12 YEARS -
			150 YEARS"				FALSE	False
LBXSCLSI	BIOPRO_L	"Chloride (mmol/L)
            English Text: 
            Chloride (mmol/L)
            Target: 
             Both males and females 12 YEARS -
			150 YEARS"	"Chloride (mmol/L)
            English Text: 
            Chloride (mmol/L)
            Target: 
             Both males and females 12 YEARS -
			150 YEARS"				FALSE	False
LBXSCK	BIOPRO_L	"Creatine Phosphokinase (CPK) (U/L)
            English Text: 
            Creatine Phosphokinase (CPK) (U/L)
            Target: 
             Both males and females 12 YEARS -
			150 YEARS"	"Creatine Phosphokinase (CPK) (U/L)
            English Text: 
            Creatine Phosphokinase (CPK) (U/L)
            Target: 
             Both males and females 12 YEARS -
			150 YEARS"				FALSE	False
LBXSCR	BIOPRO_L	"Creatinine, refrigerated serum (mg/dL)
            English Text: 
            Creatinine, refrigerated serum (mg/dL)
            Target: 
             Both males and females 12 YEARS -
			150 YEARS"	"Creatinine, refrigerated serum (mg/dL)
            English Text: 
            Creatinine, refrigerated serum (mg/dL)
            Target: 
             Both males and females 12 YEARS -
			150 YEARS"				FALSE	False
LBDSCRSI	BIOPRO_L	"Creatinine, refrigerated serum (umol/L)
            English Text: 
            Creatinine, refrigerated serum (umol/L)
            Target: 
             Both males and females 12 YEARS -
			150 YEARS"	"Creatinine, refrigerated serum (umol/L)
            English Text: 
            Creatinine, refrigerated serum (umol/L)
            Target: 
             Both males and females 12 YEARS -
			150 YEARS"				FALSE	False
LBXSGB	BIOPRO_L	"Globulin (g/dL)
            English Text: 
            Globulin (g/dL)
            Target: 
             Both males and females 12 YEARS -
			150 YEARS"	"Globulin (g/dL)
            English Text: 
            Globulin (g/dL)
            Target: 
             Both males and females 12 YEARS -
			150 YEARS"				FALSE	False
LBDSGBSI	BIOPRO_L	"Globulin (g/L)
            English Text: 
            Globulin (g/L)
            Target: 
             Both males and females 12 YEARS -
			150 YEARS"	"Globulin (g/L)
            English Text: 
            Globulin (g/L)
            Target: 
             Both males and females 12 YEARS -
			150 YEARS"				FALSE	False
LBXSGL	BIOPRO_L	"Glucose, refrigerated serum (mg/dL)
            English Text: 
            Glucose, refrigerated serum (mg/dL)
            Target: 
             Both males and females 12 YEARS -
			150 YEARS"	"Glucose, refrigerated serum (mg/dL)
            English Text: 
            Glucose, refrigerated serum (mg/dL)
            Target: 
             Both males and females 12 YEARS -
			150 YEARS"				FALSE	False
LBDSGLSI	BIOPRO_L	"Glucose, refrigerated serum (mmol/L)
            English Text: 
            Glucose, refrigerated serum (mmol/L)
            Target: 
             Both males and females 12 YEARS -
			150 YEARS"	"Glucose, refrigerated serum (mmol/L)
            English Text: 
            Glucose, refrigerated serum (mmol/L)
            Target: 
             Both males and females 12 YEARS -
			150 YEARS"				FALSE	False
LBXSGTSI	BIOPRO_L	"Gamma Glutamyl Transferase (GGT) (IU/L)
            English Text: 
            Gamma Glutamyl Transferase (GGT) (IU/L)
            Target: 
             Both males and females 12 YEARS -
			150 YEARS"	"Gamma Glutamyl Transferase (GGT) (IU/L)
            English Text: 
            Gamma Glutamyl Transferase (GGT) (IU/L)
            Target: 
             Both males and females 12 YEARS -
			150 YEARS"				FALSE	False
LBDSGTLC	BIOPRO_L	"GGT Comment Code
            English Text: 
            Gamma Glutamyl Transferase (GGT) Comment Code
            Target: 
             Both males and females 12 YEARS -
			150 YEARS"	"GGT Comment Code
            English Text: 
            Gamma Glutamyl Transferase (GGT) Comment Code
            Target: 
             Both males and females 12 YEARS -
			150 YEARS"				FALSE	False
LBXSIR	BIOPRO_L	"Iron, refrigerated serum (µg/dL)
            English Text: 
            Iron, refrigerated serum (µg/dL)
            Target: 
             Both males and females 12 YEARS -
			150 YEARS"	"Iron, refrigerated serum (µg/dL)
            English Text: 
            Iron, refrigerated serum (µg/dL)
            Target: 
             Both males and females 12 YEARS -
			150 YEARS"				FALSE	False
LBDSIRSI	BIOPRO_L	"Iron, refrigerated serum (umol/L)
            English Text: 
            Iron, refrigerated serum (umol/L)
            Target: 
             Both males and females 12 YEARS -
			150 YEARS"	"Iron, refrigerated serum (umol/L)
            English Text: 
            Iron, refrigerated serum (umol/L)
            Target: 
             Both males and females 12 YEARS -
			150 YEARS"				FALSE	False
LBXSLDSI	BIOPRO_L	"Lactate Dehydrogenase (LDH) (U/L)
            English Text: 
            Lactate Dehydrogenase (LDH) (U/L)
            Target: 
             Both males and females 12 YEARS -
			150 YEARS"	"Lactate Dehydrogenase (LDH) (U/L)
            English Text: 
            Lactate Dehydrogenase (LDH) (U/L)
            Target: 
             Both males and females 12 YEARS -
			150 YEARS"				FALSE	False
LBXMAGN	BIOPRO_L	"Magnesium (mg/dL)
            English Text: 
            Magnesium (mg/dL)
            Target: 
             Both males and females 12 YEARS -
			150 YEARS"	"Magnesium (mg/dL)
            English Text: 
            Magnesium (mg/dL)
            Target: 
             Both males and females 12 YEARS -
			150 YEARS"				FALSE	False
LBXSOSSI	BIOPRO_L	"Osmolality (mmol/Kg)
            English Text: 
            Osmolality (mmol/Kg)
            Target: 
             Both males and females 12 YEARS -
			150 YEARS"	"Osmolality (mmol/Kg)
            English Text: 
            Osmolality (mmol/Kg)
            Target: 
             Both males and females 12 YEARS -
			150 YEARS"				FALSE	False
LBXSPH	BIOPRO_L	"Phosphorus (mg/dL)
            English Text: 
            Phosphorus (mg/dL)
            Target: 
             Both males and females 12 YEARS -
			150 YEARS"	"Phosphorus (mg/dL)
            English Text: 
            Phosphorus (mg/dL)
            Target: 
             Both males and females 12 YEARS -
			150 YEARS"				FALSE	False
LBDSPHSI	BIOPRO_L	"Phosphorus (mmol/L)
            English Text: 
            Phosphorus (mmol/L)
            Target: 
             Both males and females 12 YEARS -
			150 YEARS"	"Phosphorus (mmol/L)
            English Text: 
            Phosphorus (mmol/L)
            Target: 
             Both males and females 12 YEARS -
			150 YEARS"				FALSE	False
LBXSKSI	BIOPRO_L	"Potassium (mmol/L)
            English Text: 
            Potassium (mmol/L)
            Target: 
             Both males and females 12 YEARS -
			150 YEARS"	"Potassium (mmol/L)
            English Text: 
            Potassium (mmol/L)
            Target: 
             Both males and females 12 YEARS -
			150 YEARS"				FALSE	False
LBXSNASI	BIOPRO_L	"Sodium (mmol/L)
            English Text: 
            Sodium (mmol/L)
            Target: 
             Both males and females 12 YEARS -
			150 YEARS"	"Sodium (mmol/L)
            English Text: 
            Sodium (mmol/L)
            Target: 
             Both males and females 12 YEARS -
			150 YEARS"				FALSE	False
LBXSTB	BIOPRO_L	"Total Bilirubin (mg/dL)
            English Text: 
            Total Bilirubin (mg/dL)
            Target: 
             Both males and females 12 YEARS -
			150 YEARS"	"Total Bilirubin (mg/dL)
            English Text: 
            Total Bilirubin (mg/dL)
            Target: 
             Both males and females 12 YEARS -
			150 YEARS"				FALSE	False
LBDSTBSI	BIOPRO_L	"Total Bilirubin (umol/L)
            English Text: 
            Total Bilirubin (umol/L)
            Target: 
             Both males and females 12 YEARS -
			150 YEARS"	"Total Bilirubin (umol/L)
            English Text: 
            Total Bilirubin (umol/L)
            Target: 
             Both males and females 12 YEARS -
			150 YEARS"				FALSE	False
LBDSTBLC	BIOPRO_L	"Total Bilirubin Comment Code
            English Text: 
            Total Bilirubin Comment Code
            Target: 
             Both males and females 12 YEARS -
			150 YEARS"	"Total Bilirubin Comment Code
            English Text: 
            Total Bilirubin Comment Code
            Target: 
             Both males and females 12 YEARS -
			150 YEARS"				FALSE	False
LBXSCA	BIOPRO_L	"Total Calcium (mg/dL)
            English Text: 
            Total Calcium (mg/dL)
            Target: 
             Both males and females 12 YEARS -
			150 YEARS"	"Total Calcium (mg/dL)
            English Text: 
            Total Calcium (mg/dL)
            Target: 
             Both males and females 12 YEARS -
			150 YEARS"				FALSE	False
LBDSCASI	BIOPRO_L	"Total Calcium (mmol/L)
            English Text: 
            Total Calcium (mmol/L)
            Target: 
             Both males and females 12 YEARS -
			150 YEARS"	"Total Calcium (mmol/L)
            English Text: 
            Total Calcium (mmol/L)
            Target: 
             Both males and females 12 YEARS -
			150 YEARS"				FALSE	False
LBXSCH	BIOPRO_L	"Cholesterol, refrigerated serum (mg/dL)
            English Text: 
            Total Cholesterol, refrigerated serum (mg/dL)
            Target: 
             Both males and females 12 YEARS -
			150 YEARS"	"Cholesterol, refrigerated serum (mg/dL)
            English Text: 
            Total Cholesterol, refrigerated serum (mg/dL)
            Target: 
             Both males and females 12 YEARS -
			150 YEARS"				FALSE	False
LBDSCHSI	BIOPRO_L	"Cholesterol, refrigerated serum (mmol/L)
            English Text: 
            Total Cholesterol, refrigerated serum (mmol/L)
            Target: 
             Both males and females 12 YEARS -
			150 YEARS"	"Cholesterol, refrigerated serum (mmol/L)
            English Text: 
            Total Cholesterol, refrigerated serum (mmol/L)
            Target: 
             Both males and females 12 YEARS -
			150 YEARS"				FALSE	False
LBXSTP	BIOPRO_L	"Total Protein (g/dL)
            English Text: 
            Total Protein (g/dL)
            Target: 
             Both males and females 12 YEARS -
			150 YEARS"	"Total Protein (g/dL)
            English Text: 
            Total Protein (g/dL)
            Target: 
             Both males and females 12 YEARS -
			150 YEARS"				FALSE	False
LBDSTPSI	BIOPRO_L	"Total Protein (g/L)
            English Text: 
            Total Protein (g/L)
            Target: 
             Both males and females 12 YEARS -
			150 YEARS"	"Total Protein (g/L)
            English Text: 
            Total Protein (g/L)
            Target: 
             Both males and females 12 YEARS -
			150 YEARS"				FALSE	False
LBXSTR	BIOPRO_L	"Triglycerides, refrig serum (mg/dL)
            English Text: 
            Triglycerides, refrigerated serum (mg/dL)
            Target: 
             Both males and females 12 YEARS -
			150 YEARS"	"Triglycerides, refrig serum (mg/dL)
            English Text: 
            Triglycerides, refrigerated serum (mg/dL)
            Target: 
             Both males and females 12 YEARS -
			150 YEARS"				FALSE	False
LBDSTRSI	BIOPRO_L	"Triglycerides, refrig serum (mmol/L)
            English Text: 
            Triglycerides, refrigerated serum (mmol/L)
            Target: 
             Both males and females 12 YEARS -
			150 YEARS"	"Triglycerides, refrig serum (mmol/L)
            English Text: 
            Triglycerides, refrigerated serum (mmol/L)
            Target: 
             Both males and females 12 YEARS -
			150 YEARS"				FALSE	False
LBXSUA	BIOPRO_L	"Uric acid (mg/dL)
            English Text: 
            Uric acid (mg/dL)
            Target: 
             Both males and females 12 YEARS -
			150 YEARS"	"Uric acid (mg/dL)
            English Text: 
            Uric acid (mg/dL)
            Target: 
             Both males and females 12 YEARS -
			150 YEARS"				FALSE	False
LBDSUASI	BIOPRO_L	"Uric acid (umol/L)
            English Text: 
            Uric acid (umol/L)
            Target: 
             Both males and females 12 YEARS -
			150 YEARS"	"Uric acid (umol/L)
            English Text: 
            Uric acid (umol/L)
            Target: 
             Both males and females 12 YEARS -
			150 YEARS"				FALSE	False
SEQN	TFR_L	"Respondent sequence number
            English Text: 
            Respondent sequence number.
            Target: 
             Both males and females 1 YEARS -
			5 YEARS
            Target: 
             Females only 12 YEARS -
			49 YEARS"	"Respondent sequence number
            English Text: 
            Respondent sequence number.
            Target: 
             Both males and females 1 YEARS -
			5 YEARS
            Target: 
             Females only 12 YEARS -
			49 YEARS"				FALSE	False
WTPH2YR	TFR_L	"Phlebotomy 2 Year Weight
            English Text: 
            Phlebotomy 2 MEC Weight
            Target: 
             Both males and females 1 YEARS -
			5 YEARS
            Target: 
             Females only 12 YEARS -
			49 YEARS"	"Phlebotomy 2 Year Weight
            English Text: 
            Phlebotomy 2 MEC Weight
            Target: 
             Both males and females 1 YEARS -
			5 YEARS
            Target: 
             Females only 12 YEARS -
			49 YEARS"				FALSE	False
LBXTFR	TFR_L	"Transferrin receptor (mg/L)
            English Text: 
            Transferrin receptor (mg/L)
            Target: 
             Both males and females 1 YEARS -
			5 YEARS
            Target: 
             Females only 12 YEARS -
			49 YEARS"	"Transferrin receptor (mg/L)
            English Text: 
            Transferrin receptor (mg/L)
            Target: 
             Both males and females 1 YEARS -
			5 YEARS
            Target: 
             Females only 12 YEARS -
			49 YEARS"				FALSE	False
LBDTFRSI	TFR_L	"Transferrin receptor (nmol/L)
            English Text: 
            Transferrin receptor (nmol/L)
            Target: 
             Both males and females 1 YEARS -
			5 YEARS
            Target: 
             Females only 12 YEARS -
			49 YEARS"	"Transferrin receptor (nmol/L)
            English Text: 
            Transferrin receptor (nmol/L)
            Target: 
             Both males and females 1 YEARS -
			5 YEARS
            Target: 
             Females only 12 YEARS -
			49 YEARS"				FALSE	False
SEQN	UCPREG_L	"Respondent sequence number
            English Text: 
            Respondent sequence number.
            Target: 
             Females only 20 YEARS -
			44 YEARS"	"Respondent sequence number
            English Text: 
            Respondent sequence number.
            Target: 
             Females only 20 YEARS -
			44 YEARS"				FALSE	False
URXPREG	UCPREG_L	"Urine Pregnancy Result
            English Text: 
            Urine Pregnancy Result
            Target: 
             Females only 20 YEARS -
			44 YEARS"	"Urine Pregnancy Result
            English Text: 
            Urine Pregnancy Result
            Target: 
             Females only 20 YEARS -
			44 YEARS"				FALSE	False
SEQN	VID_L	"Respondent sequence number
            English Text: 
            Respondent sequence number.
            Target: 
             Both males and females 1 YEARS -
			150 YEARS"	"Respondent sequence number
            English Text: 
            Respondent sequence number.
            Target: 
             Both males and females 1 YEARS -
			150 YEARS"				FALSE	False
WTPH2YR	VID_L	"Phlebotomy 2 Year Weight
            English Text: 
            Phlebotomy 2 Year Weight
            Target: 
             Both males and females 1 YEARS -
			150 YEARS"	"Phlebotomy 2 Year Weight
            English Text: 
            Phlebotomy 2 Year Weight
            Target: 
             Both males and females 1 YEARS -
			150 YEARS"				FALSE	False
LBXVIDMS	VID_L	"25OHD2+25OHD3 (nmol/L)
            English Text: 
            25-hydroxyvitamin D2 + D3  
            Target: 
             Both males and females 1 YEARS -
			150 YEARS"	"25OHD2+25OHD3 (nmol/L)
            English Text: 
            25-hydroxyvitamin D2 + D3  
            Target: 
             Both males and females 1 YEARS -
			150 YEARS"				FALSE	False
LBDVIDLC	VID_L	"25OHD2+25OHD3 comment code
            English Text: 
            25-hydroxyvitamin D2 + D3 comment code
            Target: 
             Both males and females 1 YEARS -
			150 YEARS"	"25OHD2+25OHD3 comment code
            English Text: 
            25-hydroxyvitamin D2 + D3 comment code
            Target: 
             Both males and females 1 YEARS -
			150 YEARS"				FALSE	False
LBXVD2MS	VID_L	"25OHD2 (nmol/L)
            English Text: 
            25-hydroxyvitamin D2 (nmol/L)
            Target: 
             Both males and females 1 YEARS -
			150 YEARS"	"25OHD2 (nmol/L)
            English Text: 
            25-hydroxyvitamin D2 (nmol/L)
            Target: 
             Both males and females 1 YEARS -
			150 YEARS"				FALSE	False
LBDVD2LC	VID_L	"25OHD2 comment code
            English Text: 
            25-hydroxyvitamin D2 comment code
            Target: 
             Both males and females 1 YEARS -
			150 YEARS"	"25OHD2 comment code
            English Text: 
            25-hydroxyvitamin D2 comment code
            Target: 
             Both males and females 1 YEARS -
			150 YEARS"				FALSE	False
LBXVD3MS	VID_L	"25OHD3 (nmol/L)
            English Text: 
            25-hydroxyvitamin D3 (nmol/L)
            Target: 
             Both males and females 1 YEARS -
			150 YEARS"	"25OHD3 (nmol/L)
            English Text: 
            25-hydroxyvitamin D3 (nmol/L)
            Target: 
             Both males and females 1 YEARS -
			150 YEARS"				FALSE	False
LBDVD3LC	VID_L	"25OHD3 comment code
            English Text: 
            25-hydroxyvitamin D3 comment code
            Target: 
             Both males and females 1 YEARS -
			150 YEARS"	"25OHD3 comment code
            English Text: 
            25-hydroxyvitamin D3 comment code
            Target: 
             Both males and females 1 YEARS -
			150 YEARS"				FALSE	False
LBXVE3MS	VID_L	"epi-25OHD3 (nmol/L)
            English Text: 
            epi-25-hydroxyvitamin D3 (nmol/L)
            Target: 
             Both males and females 1 YEARS -
			150 YEARS"	"epi-25OHD3 (nmol/L)
            English Text: 
            epi-25-hydroxyvitamin D3 (nmol/L)
            Target: 
             Both males and females 1 YEARS -
			150 YEARS"				FALSE	False
LBDVE3LC	VID_L	"epi-25OHD3 comment code
            English Text: 
            epi-25-hydroxyvitamin D3 comment code
            Target: 
             Both males and females 1 YEARS -
			150 YEARS"	"epi-25OHD3 comment code
            English Text: 
            epi-25-hydroxyvitamin D3 comment code
            Target: 
             Both males and females 1 YEARS -
			150 YEARS"				FALSE	False
SEQN	VOCWB_L	"Respondent sequence number
            English Text: 
            Respondent sequence number.
            Target: 
             Both males and females 12 YEARS -
			150 YEARS"	"Respondent sequence number
            English Text: 
            Respondent sequence number.
            Target: 
             Both males and females 12 YEARS -
			150 YEARS"				FALSE	False
WTSVOC2Y	VOCWB_L	"VOC Subsample Weight
            English Text: 
            VOC Subsample Weight
            Target: 
             Both males and females 12 YEARS -
			150 YEARS"	"VOC Subsample Weight
            English Text: 
            VOC Subsample Weight
            Target: 
             Both males and females 12 YEARS -
			150 YEARS"				FALSE	False
LBX2DF	VOCWB_L	"Blood 2,5-Dimethylfuran (ng/mL)
            English Text: 
            Blood 2,5-Dimethylfuran (ng/mL)
            Target: 
             Both males and females 12 YEARS -
			150 YEARS"	"Blood 2,5-Dimethylfuran (ng/mL)
            English Text: 
            Blood 2,5-Dimethylfuran (ng/mL)
            Target: 
             Both males and females 12 YEARS -
			150 YEARS"				FALSE	False
LBD2DFLC	VOCWB_L	"Blood 2,5-Dimethylfuran Comment Code
            English Text: 
            Blood 2,5-Dimethylfuran Comment Code
            Target: 
             Both males and females 12 YEARS -
			150 YEARS"	"Blood 2,5-Dimethylfuran Comment Code
            English Text: 
            Blood 2,5-Dimethylfuran Comment Code
            Target: 
             Both males and females 12 YEARS -
			150 YEARS"				FALSE	False
LBXV06	VOCWB_L	"Blood Hexane (ng/mL)
            English Text: 
            Blood Hexane (ng/mL)
            Target: 
             Both males and females 12 YEARS -
			150 YEARS"	"Blood Hexane (ng/mL)
            English Text: 
            Blood Hexane (ng/mL)
            Target: 
             Both males and females 12 YEARS -
			150 YEARS"				FALSE	False
LBDV06LC	VOCWB_L	"Blood Hexane Comment Code
            English Text: 
            Blood Hexane Comment Code
            Target: 
             Both males and females 12 YEARS -
			150 YEARS"	"Blood Hexane Comment Code
            English Text: 
            Blood Hexane Comment Code
            Target: 
             Both males and females 12 YEARS -
			150 YEARS"				FALSE	False
LBXV07N	VOCWB_L	"Blood Heptane (ng/mL)
            English Text: 
            Blood Heptane (ng/mL)
            Target: 
             Both males and females 12 YEARS -
			150 YEARS"	"Blood Heptane (ng/mL)
            English Text: 
            Blood Heptane (ng/mL)
            Target: 
             Both males and females 12 YEARS -
			150 YEARS"				FALSE	False
LBDV07LC	VOCWB_L	"Blood Heptane Comment Code
            English Text: 
            Blood Heptane Comment Code
            Target: 
             Both males and females 12 YEARS -
			150 YEARS"	"Blood Heptane Comment Code
            English Text: 
            Blood Heptane Comment Code
            Target: 
             Both males and females 12 YEARS -
			150 YEARS"				FALSE	False
LBXV08N	VOCWB_L	"Blood Octane (ng/mL)
            English Text: 
            Blood Octane (ng/mL)
            Target: 
             Both males and females 12 YEARS -
			150 YEARS"	"Blood Octane (ng/mL)
            English Text: 
            Blood Octane (ng/mL)
            Target: 
             Both males and females 12 YEARS -
			150 YEARS"				FALSE	False
LBDV08LC	VOCWB_L	"Blood Octane Comment Code
            English Text: 
            Blood Octane Comment Code
            Target: 
             Both males and females 12 YEARS -
			150 YEARS"	"Blood Octane Comment Code
            English Text: 
            Blood Octane Comment Code
            Target: 
             Both males and females 12 YEARS -
			150 YEARS"				FALSE	False
LBXV1D	VOCWB_L	"Blood 1,2-Dichlorobenzene (ng/mL)
            English Text: 
            Blood 1,2-Dichlorobenzene (ng/mL) 
            Target: 
             Both males and females 12 YEARS -
			150 YEARS"	"Blood 1,2-Dichlorobenzene (ng/mL)
            English Text: 
            Blood 1,2-Dichlorobenzene (ng/mL) 
            Target: 
             Both males and females 12 YEARS -
			150 YEARS"				FALSE	False
LBDV1DLC	VOCWB_L	"Blood 1,2-Dichlorobenzene Comment Code 
            English Text: 
            Blood 1,2-Dichlorobenzene Comment Code 
            Target: 
             Both males and females 12 YEARS -
			150 YEARS"	"Blood 1,2-Dichlorobenzene Comment Code 
            English Text: 
            Blood 1,2-Dichlorobenzene Comment Code 
            Target: 
             Both males and females 12 YEARS -
			150 YEARS"				FALSE	False
LBXV2A	VOCWB_L	"Blood 1,2-Dichloroethane (ng/mL)
            English Text: 
            Blood 1,2-Dichloroethane (ng/mL)
            Target: 
             Both males and females 12 YEARS -
			150 YEARS"	"Blood 1,2-Dichloroethane (ng/mL)
            English Text: 
            Blood 1,2-Dichloroethane (ng/mL)
            Target: 
             Both males and females 12 YEARS -
			150 YEARS"				FALSE	False
LBDV2ALC	VOCWB_L	"Blood 1,2-Dichloroethane Comment Code
            English Text: 
            Blood 1,2-Dichloroethane Comment Code
            Target: 
             Both males and females 12 YEARS -
			150 YEARS"	"Blood 1,2-Dichloroethane Comment Code
            English Text: 
            Blood 1,2-Dichloroethane Comment Code
            Target: 
             Both males and females 12 YEARS -
			150 YEARS"				FALSE	False
LBXV3B	VOCWB_L	"Blood 1,3-Dichlorobenzene (ng/mL)
            English Text: 
            Blood 1,3-Dichlorobenzene (ng/mL)
            Target: 
             Both males and females 12 YEARS -
			150 YEARS"	"Blood 1,3-Dichlorobenzene (ng/mL)
            English Text: 
            Blood 1,3-Dichlorobenzene (ng/mL)
            Target: 
             Both males and females 12 YEARS -
			150 YEARS"				FALSE	False
LBDV3BLC	VOCWB_L	"Blood 1,3-Dichlorobenzene Comment Code
            English Text: 
            Blood 1,3-Dichlorobenzene Comment Code
            Target: 
             Both males and females 12 YEARS -
			150 YEARS"	"Blood 1,3-Dichlorobenzene Comment Code
            English Text: 
            Blood 1,3-Dichlorobenzene Comment Code
            Target: 
             Both males and females 12 YEARS -
			150 YEARS"				FALSE	False
LBXV4C	VOCWB_L	"Blood Tetrachloroethene (ng/mL)
            English Text: 
            Blood Tetrachloroethene (ng/mL)
            Target: 
             Both males and females 12 YEARS -
			150 YEARS"	"Blood Tetrachloroethene (ng/mL)
            English Text: 
            Blood Tetrachloroethene (ng/mL)
            Target: 
             Both males and females 12 YEARS -
			150 YEARS"				FALSE	False
LBDV4CLC	VOCWB_L	"Blood Tetrachloroethene Comment Code
            English Text: 
            Blood Tetrachloroethene Comment Code
            Target: 
             Both males and females 12 YEARS -
			150 YEARS"	"Blood Tetrachloroethene Comment Code
            English Text: 
            Blood Tetrachloroethene Comment Code
            Target: 
             Both males and females 12 YEARS -
			150 YEARS"				FALSE	False
LBXVAPN	VOCWB_L	"Blood a-pinene (ng/mL)
            English Text: 
            Blood a-pinene (ng/mL)
            Target: 
             Both males and females 12 YEARS -
			150 YEARS"	"Blood a-pinene (ng/mL)
            English Text: 
            Blood a-pinene (ng/mL)
            Target: 
             Both males and females 12 YEARS -
			150 YEARS"				FALSE	False
LBDVAPLC	VOCWB_L	"Blood a-pinene Comment Code
            English Text: 
            Blood a-pinene Comment Code
            Target: 
             Both males and females 12 YEARS -
			150 YEARS"	"Blood a-pinene Comment Code
            English Text: 
            Blood a-pinene Comment Code
            Target: 
             Both males and females 12 YEARS -
			150 YEARS"				FALSE	False
LBXVBF	VOCWB_L	"Blood Bromoform (ng/mL)
            English Text: 
            Blood Bromoform (ng/mL)
            Target: 
             Both males and females 12 YEARS -
			150 YEARS"	"Blood Bromoform (ng/mL)
            English Text: 
            Blood Bromoform (ng/mL)
            Target: 
             Both males and females 12 YEARS -
			150 YEARS"				FALSE	False
LBDVBFLC	VOCWB_L	"Blood Bromoform Comment Code
            English Text: 
            Blood Bromoform Comment Code
            Target: 
             Both males and females 12 YEARS -
			150 YEARS"	"Blood Bromoform Comment Code
            English Text: 
            Blood Bromoform Comment Code
            Target: 
             Both males and females 12 YEARS -
			150 YEARS"				FALSE	False
LBXVBM	VOCWB_L	"Blood Bromodichloromethane (ng/mL)
            English Text: 
            Blood Bromodichloromethane (ng/mL)
            Target: 
             Both males and females 12 YEARS -
			150 YEARS"	"Blood Bromodichloromethane (ng/mL)
            English Text: 
            Blood Bromodichloromethane (ng/mL)
            Target: 
             Both males and females 12 YEARS -
			150 YEARS"				FALSE	False
LBDVBMLC	VOCWB_L	"Blood Bromodichloromethane Comment Code
            English Text: 
            Blood Bromodichloromethane Comment Code
            Target: 
             Both males and females 12 YEARS -
			150 YEARS"	"Blood Bromodichloromethane Comment Code
            English Text: 
            Blood Bromodichloromethane Comment Code
            Target: 
             Both males and females 12 YEARS -
			150 YEARS"				FALSE	False
LBXVBZ	VOCWB_L	"Blood Benzene (ng/mL)
            English Text: 
            Blood Benzene (ng/mL)
            Target: 
             Both males and females 12 YEARS -
			150 YEARS"	"Blood Benzene (ng/mL)
            English Text: 
            Blood Benzene (ng/mL)
            Target: 
             Both males and females 12 YEARS -
			150 YEARS"				FALSE	False
LBDVBZLC	VOCWB_L	"Blood Benzene Comment Code
            English Text: 
            Blood Benzene Comment Code
            Target: 
             Both males and females 12 YEARS -
			150 YEARS"	"Blood Benzene Comment Code
            English Text: 
            Blood Benzene Comment Code
            Target: 
             Both males and females 12 YEARS -
			150 YEARS"				FALSE	False
LBXVBZN	VOCWB_L	"Blood Benzonitrile (ng/mL)
            English Text: 
            Blood Benzonitrile (ng/mL)
            Target: 
             Both males and females 12 YEARS -
			150 YEARS"	"Blood Benzonitrile (ng/mL)
            English Text: 
            Blood Benzonitrile (ng/mL)
            Target: 
             Both males and females 12 YEARS -
			150 YEARS"				FALSE	False
LBDVZBLC	VOCWB_L	"Blood Benzonitrile Comment Code
            English Text: 
            Blood Benzonitrile Comment Code
            Target: 
             Both males and females 12 YEARS -
			150 YEARS"	"Blood Benzonitrile Comment Code
            English Text: 
            Blood Benzonitrile Comment Code
            Target: 
             Both males and females 12 YEARS -
			150 YEARS"				FALSE	False
LBXVC6	VOCWB_L	"Blood Cyclohexane (ng/mL)
            English Text: 
            Blood Cyclohexane (ng/mL)
            Target: 
             Both males and females 12 YEARS -
			150 YEARS"	"Blood Cyclohexane (ng/mL)
            English Text: 
            Blood Cyclohexane (ng/mL)
            Target: 
             Both males and females 12 YEARS -
			150 YEARS"				FALSE	False
LBDVC6LC	VOCWB_L	"Blood Cyclohexane Comment Code
            English Text: 
            Blood Cyclohexane Comment Code
            Target: 
             Both males and females 12 YEARS -
			150 YEARS"	"Blood Cyclohexane Comment Code
            English Text: 
            Blood Cyclohexane Comment Code
            Target: 
             Both males and females 12 YEARS -
			150 YEARS"				FALSE	False
LBXVCB	VOCWB_L	"Blood Chlorobenzene (ng/mL)
            English Text: 
            Blood Chlorobenzene (ng/mL)
            Target: 
             Both males and females 12 YEARS -
			150 YEARS"	"Blood Chlorobenzene (ng/mL)
            English Text: 
            Blood Chlorobenzene (ng/mL)
            Target: 
             Both males and females 12 YEARS -
			150 YEARS"				FALSE	False
LBDVCBLC	VOCWB_L	"Blood Chlorobenzene Comment Code
            English Text: 
            Blood Chlorobenzene Comment Code
            Target: 
             Both males and females 12 YEARS -
			150 YEARS"	"Blood Chlorobenzene Comment Code
            English Text: 
            Blood Chlorobenzene Comment Code
            Target: 
             Both males and females 12 YEARS -
			150 YEARS"				FALSE	False
LBXVCF	VOCWB_L	"Blood Chloroform (ng/mL)
            English Text: 
            Blood Chloroform (ng/mL)
            Target: 
             Both males and females 12 YEARS -
			150 YEARS"	"Blood Chloroform (ng/mL)
            English Text: 
            Blood Chloroform (ng/mL)
            Target: 
             Both males and females 12 YEARS -
			150 YEARS"				FALSE	False
LBDVCFLC	VOCWB_L	"Blood Chloroform Comment Code
            English Text: 
            Blood Chloroform Comment Code
            Target: 
             Both males and females 12 YEARS -
			150 YEARS"	"Blood Chloroform Comment Code
            English Text: 
            Blood Chloroform Comment Code
            Target: 
             Both males and females 12 YEARS -
			150 YEARS"				FALSE	False
LBXVCM	VOCWB_L	"Blood Dibromochloromethane (ng/mL)
            English Text: 
            Blood Dibromochloromethane (ng/mL)
            Target: 
             Both males and females 12 YEARS -
			150 YEARS"	"Blood Dibromochloromethane (ng/mL)
            English Text: 
            Blood Dibromochloromethane (ng/mL)
            Target: 
             Both males and females 12 YEARS -
			150 YEARS"				FALSE	False
LBDVCMLC	VOCWB_L	"Blood Dibromochloromethane Comment Code
            English Text: 
            Blood Dibromochloromethane Comment Code
            Target: 
             Both males and females 12 YEARS -
			150 YEARS"	"Blood Dibromochloromethane Comment Code
            English Text: 
            Blood Dibromochloromethane Comment Code
            Target: 
             Both males and females 12 YEARS -
			150 YEARS"				FALSE	False
LBXVCT	VOCWB_L	"Blood Carbon Tetrachloride (ng/mL)
            English Text: 
            Blood Carbon Tetrachloride (ng/mL)
            Target: 
             Both males and females 12 YEARS -
			150 YEARS"	"Blood Carbon Tetrachloride (ng/mL)
            English Text: 
            Blood Carbon Tetrachloride (ng/mL)
            Target: 
             Both males and females 12 YEARS -
			150 YEARS"				FALSE	False
LBDVCTLC	VOCWB_L	"Blood Carbon Tetrachloride Comment Code
            English Text: 
            Blood Carbon Tetrachloride Comment Code
            Target: 
             Both males and females 12 YEARS -
			150 YEARS"	"Blood Carbon Tetrachloride Comment Code
            English Text: 
            Blood Carbon Tetrachloride Comment Code
            Target: 
             Both males and females 12 YEARS -
			150 YEARS"				FALSE	False
LBXVDB	VOCWB_L	"Blood 1,4-Dichlorobenzene (ng/mL)
            English Text: 
            Blood 1,4-Dichlorobenzene (ng/mL)
            Target: 
             Both males and females 12 YEARS -
			150 YEARS"	"Blood 1,4-Dichlorobenzene (ng/mL)
            English Text: 
            Blood 1,4-Dichlorobenzene (ng/mL)
            Target: 
             Both males and females 12 YEARS -
			150 YEARS"				FALSE	False
LBDVDBLC	VOCWB_L	"Blood 1,4-Dichlorobenzene Comment Code
            English Text: 
            Blood 1,4-Dichlorobenzene Comment Code
            Target: 
             Both males and females 12 YEARS -
			150 YEARS"	"Blood 1,4-Dichlorobenzene Comment Code
            English Text: 
            Blood 1,4-Dichlorobenzene Comment Code
            Target: 
             Both males and females 12 YEARS -
			150 YEARS"				FALSE	False
LBXVDEE	VOCWB_L	"Blood Diethyl Ether (ng/mL)
            English Text: 
            Blood Diethyl Ether (ng/mL)
            Target: 
             Both males and females 12 YEARS -
			150 YEARS"	"Blood Diethyl Ether (ng/mL)
            English Text: 
            Blood Diethyl Ether (ng/mL)
            Target: 
             Both males and females 12 YEARS -
			150 YEARS"				FALSE	False
LBDVEELC	VOCWB_L	"Blood Diethyl Ether Comment Code
            English Text: 
            Blood Diethyl Ether Comment Code
            Target: 
             Both males and females 12 YEARS -
			150 YEARS"	"Blood Diethyl Ether Comment Code
            English Text: 
            Blood Diethyl Ether Comment Code
            Target: 
             Both males and females 12 YEARS -
			150 YEARS"				FALSE	False
LBXVEA	VOCWB_L	"Blood Ethyl Acetate (ng/mL)
            English Text: 
            Blood Ethyl Acetate (ng/mL)
            Target: 
             Both males and females 12 YEARS -
			150 YEARS"	"Blood Ethyl Acetate (ng/mL)
            English Text: 
            Blood Ethyl Acetate (ng/mL)
            Target: 
             Both males and females 12 YEARS -
			150 YEARS"				FALSE	False
LBDVEALC	VOCWB_L	"Blood Ethyl Acetate Comment Code
            English Text: 
            Blood Ethyl Acetate Comment Code
            Target: 
             Both males and females 12 YEARS -
			150 YEARS"	"Blood Ethyl Acetate Comment Code
            English Text: 
            Blood Ethyl Acetate Comment Code
            Target: 
             Both males and females 12 YEARS -
			150 YEARS"				FALSE	False
LBXVEB	VOCWB_L	"Blood Ethylbenzene (ng/mL)
            English Text: 
            Blood Ethylbenzene (ng/mL)
            Target: 
             Both males and females 12 YEARS -
			150 YEARS"	"Blood Ethylbenzene (ng/mL)
            English Text: 
            Blood Ethylbenzene (ng/mL)
            Target: 
             Both males and females 12 YEARS -
			150 YEARS"				FALSE	False
LBDVEBLC	VOCWB_L	"Blood Ethylbenzene Comment Code
            English Text: 
            Blood Ethylbenzene Comment Code
            Target: 
             Both males and females 12 YEARS -
			150 YEARS"	"Blood Ethylbenzene Comment Code
            English Text: 
            Blood Ethylbenzene Comment Code
            Target: 
             Both males and females 12 YEARS -
			150 YEARS"				FALSE	False
LBXVEC	VOCWB_L	"Blood Chloroethane (ng/mL)
            English Text: 
            Blood Chloroethane (ng/mL)
            Target: 
             Both males and females 12 YEARS -
			150 YEARS"	"Blood Chloroethane (ng/mL)
            English Text: 
            Blood Chloroethane (ng/mL)
            Target: 
             Both males and females 12 YEARS -
			150 YEARS"				FALSE	False
LBDVECLC	VOCWB_L	"Blood Chloroethane Comment Code
            English Text: 
            Blood Chloroethane Comment Code
            Target: 
             Both males and females 12 YEARS -
			150 YEARS"	"Blood Chloroethane Comment Code
            English Text: 
            Blood Chloroethane Comment Code
            Target: 
             Both males and females 12 YEARS -
			150 YEARS"				FALSE	False
LBXVFN	VOCWB_L	"Blood Furan (ng/mL)
            English Text: 
            Blood Furan (ng/mL)
            Target: 
             Both males and females 12 YEARS -
			150 YEARS"	"Blood Furan (ng/mL)
            English Text: 
            Blood Furan (ng/mL)
            Target: 
             Both males and females 12 YEARS -
			150 YEARS"				FALSE	False
LBDVFNLC	VOCWB_L	"Blood Furan Comment Code
            English Text: 
            Blood Furan Comment Code
            Target: 
             Both males and females 12 YEARS -
			150 YEARS"	"Blood Furan Comment Code
            English Text: 
            Blood Furan Comment Code
            Target: 
             Both males and females 12 YEARS -
			150 YEARS"				FALSE	False
LBXVIBN	VOCWB_L	"Blood Isobutyronitrile (ng/mL)
            English Text: 
            Blood Isobutyronitrile (ng/mL)
            Target: 
             Both males and females 12 YEARS -
			150 YEARS"	"Blood Isobutyronitrile (ng/mL)
            English Text: 
            Blood Isobutyronitrile (ng/mL)
            Target: 
             Both males and females 12 YEARS -
			150 YEARS"				FALSE	False
LBDVIBLC	VOCWB_L	"Blood Isobutyronitrile Comment Code
            English Text: 
            Blood Isobutyronitrile Comment Code
            Target: 
             Both males and females 12 YEARS -
			150 YEARS"	"Blood Isobutyronitrile Comment Code
            English Text: 
            Blood Isobutyronitrile Comment Code
            Target: 
             Both males and females 12 YEARS -
			150 YEARS"				FALSE	False
LBXVIPB	VOCWB_L	"Blood Isopropylbenzene (ng/mL)
            English Text: 
            Blood Isopropylbenzene (ng/mL)
            Target: 
             Both males and females 12 YEARS -
			150 YEARS"	"Blood Isopropylbenzene (ng/mL)
            English Text: 
            Blood Isopropylbenzene (ng/mL)
            Target: 
             Both males and females 12 YEARS -
			150 YEARS"				FALSE	False
LBDVIPLC	VOCWB_L	"Blood Isopropylbenzene Comment Code
            English Text: 
            Blood Isopropylbenzene Comment Code
            Target: 
             Both males and females 12 YEARS -
			150 YEARS"	"Blood Isopropylbenzene Comment Code
            English Text: 
            Blood Isopropylbenzene Comment Code
            Target: 
             Both males and females 12 YEARS -
			150 YEARS"				FALSE	False
LBXVMC	VOCWB_L	"Blood Methylene Chloride (ng/mL)
            English Text: 
            Blood Methylene Chloride (ng/mL)
            Target: 
             Both males and females 12 YEARS -
			150 YEARS"	"Blood Methylene Chloride (ng/mL)
            English Text: 
            Blood Methylene Chloride (ng/mL)
            Target: 
             Both males and females 12 YEARS -
			150 YEARS"				FALSE	False
LBDVMCLC	VOCWB_L	"Blood Methylene Chloride Comment Code
            English Text: 
            Blood Methylene Chloride Comment Code
            Target: 
             Both males and females 12 YEARS -
			150 YEARS"	"Blood Methylene Chloride Comment Code
            English Text: 
            Blood Methylene Chloride Comment Code
            Target: 
             Both males and females 12 YEARS -
			150 YEARS"				FALSE	False
LBXVMCP	VOCWB_L	"Blood Methylcyclopentane (ng/mL)
            English Text: 
            Blood Methylcyclopentane (ng/mL)
            Target: 
             Both males and females 12 YEARS -
			150 YEARS"	"Blood Methylcyclopentane (ng/mL)
            English Text: 
            Blood Methylcyclopentane (ng/mL)
            Target: 
             Both males and females 12 YEARS -
			150 YEARS"				FALSE	False
LBDVMPLC	VOCWB_L	"Blood Methylcyclopentane Comment Code
            English Text: 
            Blood Methylcyclopentane Comment Code
            Target: 
             Both males and females 12 YEARS -
			150 YEARS"	"Blood Methylcyclopentane Comment Code
            English Text: 
            Blood Methylcyclopentane Comment Code
            Target: 
             Both males and females 12 YEARS -
			150 YEARS"				FALSE	False
LBXVME	VOCWB_L	"Blood MTBE (ng/mL)
            English Text: 
            Blood Methyl-tert-butyl ether (MTBE) (ng/mL)
            Target: 
             Both males and females 12 YEARS -
			150 YEARS"	"Blood MTBE (ng/mL)
            English Text: 
            Blood Methyl-tert-butyl ether (MTBE) (ng/mL)
            Target: 
             Both males and females 12 YEARS -
			150 YEARS"				FALSE	False
LBDVMELC	VOCWB_L	"Blood MTBE Comment Code
            English Text: 
            Blood Methyl-tert-butyl ether (MTBE) Comment Code
            Target: 
             Both males and females 12 YEARS -
			150 YEARS"	"Blood MTBE Comment Code
            English Text: 
            Blood Methyl-tert-butyl ether (MTBE) Comment Code
            Target: 
             Both males and females 12 YEARS -
			150 YEARS"				FALSE	False
LBXVMIK	VOCWB_L	"Blood Methyl Isobutyl Ketone (ng/mL)
            English Text: 
            Blood Methyl Isobutyl Ketone (ng/mL)
            Target: 
             Both males and females 12 YEARS -
			150 YEARS"	"Blood Methyl Isobutyl Ketone (ng/mL)
            English Text: 
            Blood Methyl Isobutyl Ketone (ng/mL)
            Target: 
             Both males and females 12 YEARS -
			150 YEARS"				FALSE	False
LBDVMKLC	VOCWB_L	"Blood Methyl Isobutyl Ketone Comt Code
            English Text: 
            Blood Methyl Isobutyl Ketone Comment Code
            Target: 
             Both males and females 12 YEARS -
			150 YEARS"	"Blood Methyl Isobutyl Ketone Comt Code
            English Text: 
            Blood Methyl Isobutyl Ketone Comment Code
            Target: 
             Both males and females 12 YEARS -
			150 YEARS"				FALSE	False
LBXVOX	VOCWB_L	"Blood o-Xylene (ng/mL)
            English Text: 
            Blood o-Xylene (ng/mL)
            Target: 
             Both males and females 12 YEARS -
			150 YEARS"	"Blood o-Xylene (ng/mL)
            English Text: 
            Blood o-Xylene (ng/mL)
            Target: 
             Both males and females 12 YEARS -
			150 YEARS"				FALSE	False
LBDVOXLC	VOCWB_L	"Blood o-Xylene Comment Code
            English Text: 
            Blood o-Xylene Comment Code
            Target: 
             Both males and females 12 YEARS -
			150 YEARS"	"Blood o-Xylene Comment Code
            English Text: 
            Blood o-Xylene Comment Code
            Target: 
             Both males and females 12 YEARS -
			150 YEARS"				FALSE	False
LBXVST	VOCWB_L	"Blood Styrene (ng/mL)
            English Text: 
            Blood Styrene (ng/mL)
            Target: 
             Both males and females 12 YEARS -
			150 YEARS"	"Blood Styrene (ng/mL)
            English Text: 
            Blood Styrene (ng/mL)
            Target: 
             Both males and females 12 YEARS -
			150 YEARS"				FALSE	False
LBDVSTLC	VOCWB_L	"Blood Styrene Comment Code
            English Text: 
            Blood Styrene Comment Code
            Target: 
             Both males and females 12 YEARS -
			150 YEARS"	"Blood Styrene Comment Code
            English Text: 
            Blood Styrene Comment Code
            Target: 
             Both males and females 12 YEARS -
			150 YEARS"				FALSE	False
LBXVTC	VOCWB_L	"Blood Trichloroethene (ng/mL)
            English Text: 
            Blood Trichloroethene (ng/mL)
            Target: 
             Both males and females 12 YEARS -
			150 YEARS"	"Blood Trichloroethene (ng/mL)
            English Text: 
            Blood Trichloroethene (ng/mL)
            Target: 
             Both males and females 12 YEARS -
			150 YEARS"				FALSE	False
LBDVTCLC	VOCWB_L	"Blood Trichloroethene Comment Code
            English Text: 
            Blood Trichloroethene Comment Code
            Target: 
             Both males and females 12 YEARS -
			150 YEARS"	"Blood Trichloroethene Comment Code
            English Text: 
            Blood Trichloroethene Comment Code
            Target: 
             Both males and females 12 YEARS -
			150 YEARS"				FALSE	False
LBXVTE	VOCWB_L	"Blood 1,1,1-Trichloroethane (ng/mL)
            English Text: 
            Blood 1,1,1-Trichloroethane (ng/mL)
            Target: 
             Both males and females 12 YEARS -
			150 YEARS"	"Blood 1,1,1-Trichloroethane (ng/mL)
            English Text: 
            Blood 1,1,1-Trichloroethane (ng/mL)
            Target: 
             Both males and females 12 YEARS -
			150 YEARS"				FALSE	False
LBDVTELC	VOCWB_L	"Blood 1,1,1-Trichloroethane Comment Code
            English Text: 
            Blood 1,1,1-Trichloroethane Comment Code
            Target: 
             Both males and females 12 YEARS -
			150 YEARS"	"Blood 1,1,1-Trichloroethane Comment Code
            English Text: 
            Blood 1,1,1-Trichloroethane Comment Code
            Target: 
             Both males and females 12 YEARS -
			150 YEARS"				FALSE	False
LBXVTHF	VOCWB_L	"Blood Tetrahydrofuran (ng/mL)
            English Text: 
            Blood Tetrahydrofuran (ng/mL)
            Target: 
             Both males and females 12 YEARS -
			150 YEARS"	"Blood Tetrahydrofuran (ng/mL)
            English Text: 
            Blood Tetrahydrofuran (ng/mL)
            Target: 
             Both males and females 12 YEARS -
			150 YEARS"				FALSE	False
LBDVHTLC	VOCWB_L	"Blood Tetrahydrofuran Comment Code
            English Text: 
            Blood Tetrahydrofuran Comment Code
            Target: 
             Both males and females 12 YEARS -
			150 YEARS"	"Blood Tetrahydrofuran Comment Code
            English Text: 
            Blood Tetrahydrofuran Comment Code
            Target: 
             Both males and females 12 YEARS -
			150 YEARS"				FALSE	False
LBXVTO	VOCWB_L	"Blood Toluene (ng/mL)
            English Text: 
            Blood Toluene (ng/mL)
            Target: 
             Both males and females 12 YEARS -
			150 YEARS"	"Blood Toluene (ng/mL)
            English Text: 
            Blood Toluene (ng/mL)
            Target: 
             Both males and females 12 YEARS -
			150 YEARS"				FALSE	False
LBDVTOLC	VOCWB_L	"Blood Toluene Comment Code
            English Text: 
            Blood Toluene Comment Code
            Target: 
             Both males and females 12 YEARS -
			150 YEARS"	"Blood Toluene Comment Code
            English Text: 
            Blood Toluene Comment Code
            Target: 
             Both males and females 12 YEARS -
			150 YEARS"				FALSE	False
LBXVTP	VOCWB_L	"Blood 1,2,3-Trichloropropane (ng/mL)
            English Text: 
            Blood 1,2,3-Trichloropropane (ng/mL)
            Target: 
             Both males and females 12 YEARS -
			150 YEARS"	"Blood 1,2,3-Trichloropropane (ng/mL)
            English Text: 
            Blood 1,2,3-Trichloropropane (ng/mL)
            Target: 
             Both males and females 12 YEARS -
			150 YEARS"				FALSE	False
LBDVTPLC	VOCWB_L	"Blood 1,2,3-Trichloropropane Comt Code
            English Text: 
            Blood 1,2,3-Trichloropropane Comment Code
            Target: 
             Both males and females 12 YEARS -
			150 YEARS"	"Blood 1,2,3-Trichloropropane Comt Code
            English Text: 
            Blood 1,2,3-Trichloropropane Comment Code
            Target: 
             Both males and females 12 YEARS -
			150 YEARS"				FALSE	False
LBXVXY	VOCWB_L	"Blood m-/p-Xylene (ng/mL)
            English Text: 
            Blood m-/p-Xylene (ng/mL)
            Target: 
             Both males and females 12 YEARS -
			150 YEARS"	"Blood m-/p-Xylene (ng/mL)
            English Text: 
            Blood m-/p-Xylene (ng/mL)
            Target: 
             Both males and females 12 YEARS -
			150 YEARS"				FALSE	False
LBDVXYLC	VOCWB_L	"Blood m-/p-Xylene Comment Code
            English Text: 
            Blood m-/p-Xylene Comment Code
            Target: 
             Both males and females 12 YEARS -
			150 YEARS"	"Blood m-/p-Xylene Comment Code
            English Text: 
            Blood m-/p-Xylene Comment Code
            Target: 
             Both males and females 12 YEARS -
			150 YEARS"				FALSE	False
SEQN	AUQ_L	"Respondent sequence number
            English Text: 
            Respondent sequence number.
            Target: 
             Both males and females 1 YEARS -
			150 YEARS"	"Respondent sequence number
            English Text: 
            Respondent sequence number.
            Target: 
             Both males and females 1 YEARS -
			150 YEARS"				FALSE	False
AUQ054	AUQ_L	"General condition of hearing
            English Text: 
            These next questions are about {your/SP's} hearing. Which statement best describes {your/SP's} hearing (without a hearing aid, personal sound amplifier, or other listening devices)? Would you say {your/his/her} hearing is excellent, good, that {you have/s/he has} a little trouble, moderate trouble, a lot of trouble, or {are you/is s/he} deaf?
            Target: 
             Both males and females 1 YEARS -
			150 YEARS"	"General condition of hearing
            English Text: 
            These next questions are about {your/SP's} hearing. Which statement best describes {your/SP's} hearing (without a hearing aid, personal sound amplifier, or other listening devices)? Would you say {your/his/her} hearing is excellent, good, that {you have/s/he has} a little trouble, moderate trouble, a lot of trouble, or {are you/is s/he} deaf?
            Target: 
             Both males and females 1 YEARS -
			150 YEARS"				FALSE	False
AUQ395	AUQ_L	CHECK ITEM	CHECK ITEM		"Both males and females 1 YEARS -
			150 YEARS"		FALSE	False
AUQ410A	AUQ_L	"Cause of hearing loss-Genetic/Hereditary
            English Text: 
            What are the main causes of {your/SP's} hearing loss?
            English Instructions: 
            INTERVIEWER INSTRUCTION: CODE ALL THAT APPLY HAND CARD AUQ1
            Target: 
             Both males and females 1 YEARS -
			150 YEARS"	"Cause of hearing loss-Genetic/Hereditary
            English Text: 
            What are the main causes of {your/SP's} hearing loss?
            English Instructions: 
            INTERVIEWER INSTRUCTION: CODE ALL THAT APPLY HAND CARD AUQ1
            Target: 
             Both males and females 1 YEARS -
			150 YEARS"				FALSE	False
AUQ410B	AUQ_L	"Cause of hearing loss-Ear infections
            English Text: 
            What are the main causes of {your/SP's} hearing loss?
            English Instructions: 
            INTERVIEWER INSTRUCTION: CODE ALL THAT APPLY HAND CARD AUQ1
            Target: 
             Both males and females 1 YEARS -
			150 YEARS"	"Cause of hearing loss-Ear infections
            English Text: 
            What are the main causes of {your/SP's} hearing loss?
            English Instructions: 
            INTERVIEWER INSTRUCTION: CODE ALL THAT APPLY HAND CARD AUQ1
            Target: 
             Both males and females 1 YEARS -
			150 YEARS"				FALSE	False
AUQ410C	AUQ_L	"Cause of hearing loss-Ear diseases
            English Text: 
            What are the main causes of {your/SP's} hearing loss?
            English Instructions: 
            INTERVIEWER INSTRUCTION: CODE ALL THAT APPLY HAND CARD AUQ1
            Target: 
             Both males and females 1 YEARS -
			150 YEARS"	"Cause of hearing loss-Ear diseases
            English Text: 
            What are the main causes of {your/SP's} hearing loss?
            English Instructions: 
            INTERVIEWER INSTRUCTION: CODE ALL THAT APPLY HAND CARD AUQ1
            Target: 
             Both males and females 1 YEARS -
			150 YEARS"				FALSE	False
AUQ410D	AUQ_L	"Cause of hearing loss-Illness/Infections
            English Text: 
            What are the main causes of {your/SP's} hearing loss?
            English Instructions: 
            INTERVIEWER INSTRUCTION: CODE ALL THAT APPLY HAND CARD AUQ1
            Target: 
             Both males and females 1 YEARS -
			150 YEARS"	"Cause of hearing loss-Illness/Infections
            English Text: 
            What are the main causes of {your/SP's} hearing loss?
            English Instructions: 
            INTERVIEWER INSTRUCTION: CODE ALL THAT APPLY HAND CARD AUQ1
            Target: 
             Both males and females 1 YEARS -
			150 YEARS"				FALSE	False
AUQ410E	AUQ_L	"Cause of hearing loss-Drugs/Medications
            English Text: 
            What are the main causes of {your/SP's} hearing loss?
            English Instructions: 
            INTERVIEWER INSTRUCTION: CODE ALL THAT APPLY HAND CARD AUQ1
            Target: 
             Both males and females 1 YEARS -
			150 YEARS"	"Cause of hearing loss-Drugs/Medications
            English Text: 
            What are the main causes of {your/SP's} hearing loss?
            English Instructions: 
            INTERVIEWER INSTRUCTION: CODE ALL THAT APPLY HAND CARD AUQ1
            Target: 
             Both males and females 1 YEARS -
			150 YEARS"				FALSE	False
AUQ410F	AUQ_L	"Cause of hearing loss-Head/Neck injury
            English Text: 
            What are the main causes of {your/SP's} hearing loss?
            English Instructions: 
            INTERVIEWER INSTRUCTION: CODE ALL THAT APPLY HAND CARD AUQ1
            Target: 
             Both males and females 1 YEARS -
			150 YEARS"	"Cause of hearing loss-Head/Neck injury
            English Text: 
            What are the main causes of {your/SP's} hearing loss?
            English Instructions: 
            INTERVIEWER INSTRUCTION: CODE ALL THAT APPLY HAND CARD AUQ1
            Target: 
             Both males and females 1 YEARS -
			150 YEARS"				FALSE	False
AUQ410G	AUQ_L	"Cause of hearing loss-Loud brief noise
            English Text: 
            What are the main causes of {your/SP's} hearing loss?
            English Instructions: 
            INTERVIEWER INSTRUCTION: CODE ALL THAT APPLY HAND CARD AUQ1
            Target: 
             Both males and females 1 YEARS -
			150 YEARS"	"Cause of hearing loss-Loud brief noise
            English Text: 
            What are the main causes of {your/SP's} hearing loss?
            English Instructions: 
            INTERVIEWER INSTRUCTION: CODE ALL THAT APPLY HAND CARD AUQ1
            Target: 
             Both males and females 1 YEARS -
			150 YEARS"				FALSE	False
AUQ410H	AUQ_L	"Cause of hearing loss-Long-term noise
            English Text: 
            What are the main causes of {your/SP's} hearing loss?
            English Instructions: 
            INTERVIEWER INSTRUCTION: CODE ALL THAT APPLY HAND CARD AUQ1
            Target: 
             Both males and females 1 YEARS -
			150 YEARS"	"Cause of hearing loss-Long-term noise
            English Text: 
            What are the main causes of {your/SP's} hearing loss?
            English Instructions: 
            INTERVIEWER INSTRUCTION: CODE ALL THAT APPLY HAND CARD AUQ1
            Target: 
             Both males and females 1 YEARS -
			150 YEARS"				FALSE	False
AUQ410I	AUQ_L	"Cause of hearing loss-Aging
            English Text: 
            What are the main causes of {your/SP's} hearing loss?
            English Instructions: 
            INTERVIEWER INSTRUCTION: CODE ALL THAT APPLY HAND CARD AUQ1
            Target: 
             Both males and females 1 YEARS -
			150 YEARS"	"Cause of hearing loss-Aging
            English Text: 
            What are the main causes of {your/SP's} hearing loss?
            English Instructions: 
            INTERVIEWER INSTRUCTION: CODE ALL THAT APPLY HAND CARD AUQ1
            Target: 
             Both males and females 1 YEARS -
			150 YEARS"				FALSE	False
AUQ410J	AUQ_L	"Cause of hearing loss-Others
            English Text: 
            What are the main causes of {your/SP's} hearing loss?
            English Instructions: 
            INTERVIEWER INSTRUCTION: CODE ALL THAT APPLY HAND CARD AUQ1
            Target: 
             Both males and females 1 YEARS -
			150 YEARS"	"Cause of hearing loss-Others
            English Text: 
            What are the main causes of {your/SP's} hearing loss?
            English Instructions: 
            INTERVIEWER INSTRUCTION: CODE ALL THAT APPLY HAND CARD AUQ1
            Target: 
             Both males and females 1 YEARS -
			150 YEARS"				FALSE	False
AUQ413	AUQ_L	CHECK ITEM	CHECK ITEM		"Both males and females 1 YEARS -
			150 YEARS"		FALSE	False
AUQ144	AUQ_L	"Last time hearing tested by specialist?
            English Text: 
            A hearing test by a specialist is one that is done in a sound proof booth or room, or with headphones. Hearing specialists include audiologists, ear nose and throat doctors, and trained technicians or occupational nurses. When was the last time {you /SP} had {your/his/her} hearing tested by a hearing specialist?
            English Instructions: 
            READ CATEGORIES IF NECESSARY
            Target: 
             Both males and females 20 YEARS -
			150 YEARS"	"Last time hearing tested by specialist?
            English Text: 
            A hearing test by a specialist is one that is done in a sound proof booth or room, or with headphones. Hearing specialists include audiologists, ear nose and throat doctors, and trained technicians or occupational nurses. When was the last time {you /SP} had {your/his/her} hearing tested by a hearing specialist?
            English Instructions: 
            READ CATEGORIES IF NECESSARY
            Target: 
             Both males and females 20 YEARS -
			150 YEARS"				FALSE	False
AUQ101	AUQ_L	"Difficult to follow conversation w/noise
            English Text: 
            How often {do you/does SP} have difficulty hearing and understanding if there is background noise, for example, when other people are talking, TV or radio is on, or children are playing? Would you say...
            Target: 
             Both males and females 20 YEARS -
			150 YEARS"	"Difficult to follow conversation w/noise
            English Text: 
            How often {do you/does SP} have difficulty hearing and understanding if there is background noise, for example, when other people are talking, TV or radio is on, or children are playing? Would you say...
            Target: 
             Both males and females 20 YEARS -
			150 YEARS"				FALSE	False
SEQN	ACQ_L	"Respondent sequence number
            English Text: 
            Respondent sequence number.
            Target: 
             Both males and females 3 YEARS -
			150 YEARS"	"Respondent sequence number
            English Text: 
            Respondent sequence number.
            Target: 
             Both males and females 3 YEARS -
			150 YEARS"				FALSE	False
ACD010A	ACQ_L	"Speak English at home-Non-Hispanics
            English Text: 
            What language(s) {do you/does SP} usually speak at home?
            English Instructions: 
            CODE ALL THAT APPLY. 
THIS VARIABLE ONLY APPLIES TO PARTICIPANTS SELF-IDENTIFIED AS ""NON-HISPANIC WHITE"", ""NON-HISPANIC BLACK"", ""NON-HISPANIC ASIAN"", OR ""OTHER RACE - INCLUDING MULTI-RACIAL"" (i.e., RIDRETH3=3, 4, 6, OR 7).""
            Target: 
             Both males and females 3 YEARS -
			150 YEARS"	"Speak English at home-Non-Hispanics
            English Text: 
            What language(s) {do you/does SP} usually speak at home?
            English Instructions: 
            CODE ALL THAT APPLY. 
THIS VARIABLE ONLY APPLIES TO PARTICIPANTS SELF-IDENTIFIED AS ""NON-HISPANIC WHITE"", ""NON-HISPANIC BLACK"", ""NON-HISPANIC ASIAN"", OR ""OTHER RACE - INCLUDING MULTI-RACIAL"" (i.e., RIDRETH3=3, 4, 6, OR 7).""
            Target: 
             Both males and females 3 YEARS -
			150 YEARS"				FALSE	False
ACD010B	ACQ_L	"Speak Spanish at home-Non-Hispanics
            English Text: 
            What language(s) {do you/does SP} usually speak at home?
            English Instructions: 
            CODE ALL THAT APPLY. 
THIS VARIABLE ONLY APPLIES TO PARTICIPANTS SELF-IDENTIFIED AS ""NON-HISPANIC WHITE"", ""NON-HISPANIC BLACK"", ""NON-HISPANIC ASIAN"", OR ""OTHER RACE - INCLUDING MULTI-RACIAL"" (i.e., RIDRETH3=3, 4, 6, OR 7).""
            Target: 
             Both males and females 3 YEARS -
			150 YEARS"	"Speak Spanish at home-Non-Hispanics
            English Text: 
            What language(s) {do you/does SP} usually speak at home?
            English Instructions: 
            CODE ALL THAT APPLY. 
THIS VARIABLE ONLY APPLIES TO PARTICIPANTS SELF-IDENTIFIED AS ""NON-HISPANIC WHITE"", ""NON-HISPANIC BLACK"", ""NON-HISPANIC ASIAN"", OR ""OTHER RACE - INCLUDING MULTI-RACIAL"" (i.e., RIDRETH3=3, 4, 6, OR 7).""
            Target: 
             Both males and females 3 YEARS -
			150 YEARS"				FALSE	False
ACD010C	ACQ_L	"Other language at home-Non-Hispanics
            English Text: 
            What language(s) {do you/does SP} usually speak at home?
            English Instructions: 
            CODE ALL THAT APPLY. 
THIS VARIABLE ONLY APPLIES TO PARTICIPANTS SELF-IDENTIFIED AS ""NON-HISPANIC WHITE"", ""NON-HISPANIC BLACK"", ""NON-HISPANIC ASIAN"", OR ""OTHER RACE - INCLUDING MULTI-RACIAL"" (i.e., RIDRETH3=3, 4, 6, OR 7).""
            Target: 
             Both males and females 3 YEARS -
			150 YEARS"	"Other language at home-Non-Hispanics
            English Text: 
            What language(s) {do you/does SP} usually speak at home?
            English Instructions: 
            CODE ALL THAT APPLY. 
THIS VARIABLE ONLY APPLIES TO PARTICIPANTS SELF-IDENTIFIED AS ""NON-HISPANIC WHITE"", ""NON-HISPANIC BLACK"", ""NON-HISPANIC ASIAN"", OR ""OTHER RACE - INCLUDING MULTI-RACIAL"" (i.e., RIDRETH3=3, 4, 6, OR 7).""
            Target: 
             Both males and females 3 YEARS -
			150 YEARS"				FALSE	False
ACD040	ACQ_L	"Language(s) spoken at home-Hispanics
            English Text: 
            Now I'm going to ask you about language use.
What language(s) {do you/does SP} usually speak at home?  {Do you/Does he/Does she} speak only Spanish, more Spanish than English, both equally, more English than Spanish, or only English?
            English Instructions: 
            HAND CARD ACQ1.
THIS VARIABLE ONLY APPLIES TO PARTICIPANTS SELF-IDENTIFIED AS ""MEXICAN AMERICAN"" OR ""OTHER HISPANIC"" (i.e., RIDRETH3=1, OR 2).
            Target: 
             Both males and females 3 YEARS -
			150 YEARS"	"Language(s) spoken at home-Hispanics
            English Text: 
            Now I'm going to ask you about language use.
What language(s) {do you/does SP} usually speak at home?  {Do you/Does he/Does she} speak only Spanish, more Spanish than English, both equally, more English than Spanish, or only English?
            English Instructions: 
            HAND CARD ACQ1.
THIS VARIABLE ONLY APPLIES TO PARTICIPANTS SELF-IDENTIFIED AS ""MEXICAN AMERICAN"" OR ""OTHER HISPANIC"" (i.e., RIDRETH3=1, OR 2).
            Target: 
             Both males and females 3 YEARS -
			150 YEARS"				FALSE	False
SEQN	ALQ_L	"Respondent sequence number
            English Text: 
            Respondent sequence number.
            Target: 
             Both males and females 18 YEARS -
			150 YEARS"	"Respondent sequence number
            English Text: 
            Respondent sequence number.
            Target: 
             Both males and females 18 YEARS -
			150 YEARS"				FALSE	False
ALQ111	ALQ_L	"Ever had a drink of any kind of alcohol
            English Text: 
            In your entire life, have you had at least 1 drink of any kind of alcohol, not counting small tastes or sips? By a drink, I mean a 12 oz. beer, a 5 oz. glass of wine, or one and a half ounces of liquor.
            Target: 
             Both males and females 18 YEARS -
			150 YEARS"	"Ever had a drink of any kind of alcohol
            English Text: 
            In your entire life, have you had at least 1 drink of any kind of alcohol, not counting small tastes or sips? By a drink, I mean a 12 oz. beer, a 5 oz. glass of wine, or one and a half ounces of liquor.
            Target: 
             Both males and females 18 YEARS -
			150 YEARS"				FALSE	False
ALQ121	ALQ_L	"Past 12 mos how often drink alc bev
            English Text: 
            During the past 12 months, about how often did you drink any type of alcoholic beverage?
PROBE: In other words, how many days per week, per month, or per year did you drink?

            Target: 
             Both males and females 18 YEARS -
			150 YEARS"	"Past 12 mos how often drink alc bev
            English Text: 
            During the past 12 months, about how often did you drink any type of alcoholic beverage?
PROBE: In other words, how many days per week, per month, or per year did you drink?

            Target: 
             Both males and females 18 YEARS -
			150 YEARS"				FALSE	False
ALQ130	ALQ_L	"Avg # alcoholic drinks/day/past 12 mos
            English Text: 
            During the past 12 months, on those days that you drank alcoholic beverages, on average, how many drinks did you have? (By a drink, I mean a 12 oz. beer, a 5 oz. glass of wine, or one and a half ounces of liquor.)
            English Instructions: 
            HAND CARD ALQ1 
IF LESS THAN 1 DRINK, ENTER '1'.  IF 95 DRINKS OR MORE, ENTER '95'.
 CAPI INSTRUCTION: SOFT EDIT:  IF RESPONSE &gt;=20, THEN DISPLAY ""YOU SAID ON THE DAYS THAT YOU DRINK YOU HAVE ON AVERAGE {DISPLAY QUANTITY} DRINKS, IS THAT CORRECT?""
HARD EDIT:  Range - 1-95
ENTER # OF DRINKS
            Target: 
             Both males and females 18 YEARS -
			150 YEARS
            Hard Edits: 
            1 to 14"	"Avg # alcoholic drinks/day/past 12 mos
            English Text: 
            During the past 12 months, on those days that you drank alcoholic beverages, on average, how many drinks did you have? (By a drink, I mean a 12 oz. beer, a 5 oz. glass of wine, or one and a half ounces of liquor.)
            English Instructions: 
            HAND CARD ALQ1 
IF LESS THAN 1 DRINK, ENTER '1'.  IF 95 DRINKS OR MORE, ENTER '95'.
 CAPI INSTRUCTION: SOFT EDIT:  IF RESPONSE &gt;=20, THEN DISPLAY ""YOU SAID ON THE DAYS THAT YOU DRINK YOU HAVE ON AVERAGE {DISPLAY QUANTITY} DRINKS, IS THAT CORRECT?""
HARD EDIT:  Range - 1-95
ENTER # OF DRINKS
            Target: 
             Both males and females 18 YEARS -
			150 YEARS
            Hard Edits: 
            1 to 14"				FALSE	False
ALQ142	ALQ_L	"# days have 4/5 drinks/past 12 mos
            English Text: 
            During the past 12 months, about how often did you have {DISPLAY NUMBER} or more drinks of any alcoholic beverage? PROBE: In other words, how many days per week, per month, or per year did you have {DISPLAY NUMBER} or more drinks in a single day?
            English Instructions: 
            HAND CARD ALQ2
INTERVIEWER INSTRUCTION: IF SP ANSWERS NONE, PLEASE CODE '0', NEVER IN THE LAST YEAR.
CAPI INSTRUCTION:
IF SP = MALE, DISPLAY = 5
IF SP = FEMALE, DISPLAY = 4
HARD EDIT: ALQ142 CANNOT HAVE A LOWER CODED VALUE THAN ALQ121, UNLESS ALQ142 IS CODED '0'.
ERROR MESSAGE: ""SP HAS REPORTED DRINKING MORE TIMES IN THIS QUESTION THAN WAS PREVIOUSLY REPORTED IN ALQ121.""
            Target: 
             Both males and females 18 YEARS -
			150 YEARS"	"# days have 4/5 drinks/past 12 mos
            English Text: 
            During the past 12 months, about how often did you have {DISPLAY NUMBER} or more drinks of any alcoholic beverage? PROBE: In other words, how many days per week, per month, or per year did you have {DISPLAY NUMBER} or more drinks in a single day?
            English Instructions: 
            HAND CARD ALQ2
INTERVIEWER INSTRUCTION: IF SP ANSWERS NONE, PLEASE CODE '0', NEVER IN THE LAST YEAR.
CAPI INSTRUCTION:
IF SP = MALE, DISPLAY = 5
IF SP = FEMALE, DISPLAY = 4
HARD EDIT: ALQ142 CANNOT HAVE A LOWER CODED VALUE THAN ALQ121, UNLESS ALQ142 IS CODED '0'.
ERROR MESSAGE: ""SP HAS REPORTED DRINKING MORE TIMES IN THIS QUESTION THAN WAS PREVIOUSLY REPORTED IN ALQ121.""
            Target: 
             Both males and females 18 YEARS -
			150 YEARS"				FALSE	False
ALQ270	ALQ_L	"# times 4/5 drinks in 2hrs/past 12 mos
            English Text: 
            During the past 12 months, about how often did you have {DISPLAY NUMBER} or more drinks in a period of two hours or less?
            English Instructions: 
            HAND CARD ALQ2
CAPI INSTRUCTION:
IF SP = MALE, DISPLAY = 5
IF SP= FEMALE, DISPLAY = 4
HARD EDIT: ALQ270 CANNOT HAVE A LOWER CODED VALUE THAN ALQ121, UNLESS ALQ.270 IS CODED '0'.
ERROR MESSAGE:  ""SP HAS REPORTED DRINKING MORE TIMES IN THIS QUESTION THAN WAS PREVIOUSLY REPORTED IN ALQ121.""
            Target: 
             Both males and females 18 YEARS -
			150 YEARS"	"# times 4/5 drinks in 2hrs/past 12 mos
            English Text: 
            During the past 12 months, about how often did you have {DISPLAY NUMBER} or more drinks in a period of two hours or less?
            English Instructions: 
            HAND CARD ALQ2
CAPI INSTRUCTION:
IF SP = MALE, DISPLAY = 5
IF SP= FEMALE, DISPLAY = 4
HARD EDIT: ALQ270 CANNOT HAVE A LOWER CODED VALUE THAN ALQ121, UNLESS ALQ.270 IS CODED '0'.
ERROR MESSAGE:  ""SP HAS REPORTED DRINKING MORE TIMES IN THIS QUESTION THAN WAS PREVIOUSLY REPORTED IN ALQ121.""
            Target: 
             Both males and females 18 YEARS -
			150 YEARS"				FALSE	False
ALQ280	ALQ_L	"# times 8+ drinks in 1 day/past 12 mos
            English Text: 
            During the past 12 months, about how often did you have 8 or more drinks in a single day?
            English Instructions: 
            HAND CARD ALQ2

HARD EDIT: ALQ280 CANNOT HAVE A LOWER CODED VALUE THAN ALQ121, UNLESS ALQ.280 IS CODED '0'.
ERROR MESSAGE:  ""SP HAS REPORTED DRINKING MORE TIMES IN THIS QUESTION THAN WAS PREVIOUSLY REPORTED IN ALQ121.""
            Target: 
             Both males and females 18 YEARS -
			150 YEARS"	"# times 8+ drinks in 1 day/past 12 mos
            English Text: 
            During the past 12 months, about how often did you have 8 or more drinks in a single day?
            English Instructions: 
            HAND CARD ALQ2

HARD EDIT: ALQ280 CANNOT HAVE A LOWER CODED VALUE THAN ALQ121, UNLESS ALQ.280 IS CODED '0'.
ERROR MESSAGE:  ""SP HAS REPORTED DRINKING MORE TIMES IN THIS QUESTION THAN WAS PREVIOUSLY REPORTED IN ALQ121.""
            Target: 
             Both males and females 18 YEARS -
			150 YEARS"				FALSE	False
ALQ151	ALQ_L	"Ever have 4/5 or more drinks every day
            English Text: 
            Was there ever a time or times in your life when you drank {DISPLAY NUMBER} or more drinks of any kind of alcoholic beverage almost every day?
            English Instructions: 
            CAPI INSTRUCTION:
IF SP = MALE, DISPLAY = 5
IF SP = FEMALE, DISPLAY = 4
            Target: 
             Both males and females 18 YEARS -
			150 YEARS"	"Ever have 4/5 or more drinks every day
            English Text: 
            Was there ever a time or times in your life when you drank {DISPLAY NUMBER} or more drinks of any kind of alcoholic beverage almost every day?
            English Instructions: 
            CAPI INSTRUCTION:
IF SP = MALE, DISPLAY = 5
IF SP = FEMALE, DISPLAY = 4
            Target: 
             Both males and females 18 YEARS -
			150 YEARS"				FALSE	False
ALQ170	ALQ_L	"# times 4/5 drinks on occasion/past mo
            English Text: 
            Considering all types of alcoholic beverages, during the past 30 days, how many times did you have {DISPLAY NUMBER} or more drinks on an occasion?
            Target: 
             Both males and females 18 YEARS -
			150 YEARS
            Hard Edits: 
            0 to 20"	"# times 4/5 drinks on occasion/past mo
            English Text: 
            Considering all types of alcoholic beverages, during the past 30 days, how many times did you have {DISPLAY NUMBER} or more drinks on an occasion?
            Target: 
             Both males and females 18 YEARS -
			150 YEARS
            Hard Edits: 
            0 to 20"				FALSE	False
SEQN	BAQ_L	"Respondent sequence number
            English Text: 
            Respondent sequence number.
            Target: 
             Both males and females 20 YEARS -
			69 YEARS"	"Respondent sequence number
            English Text: 
            Respondent sequence number.
            Target: 
             Both males and females 20 YEARS -
			69 YEARS"				FALSE	False
BAQ321A	BAQ_L	"Past 12 months, problems with vertigo
            English Text: 
            The next questions are about symptoms of dizziness, light-headedness, or balance problems. Do not include times when drinking alcohol, using recreational drugs, or taking medications that cause dizziness. In the past 12 months, {have you/has SP} had problems with...
vertigo - a sensation of spinning, tilting, swaying or rocking 
of {yourself/himself/herself/SP's} or {your/his/her/SP's} surroundings?
            English Instructions: 
            CAPI INSTRUCTIONS: MAKE ABOVE TEXT OPTIONAL (IN BRACKETS) for b through d.
RESPONSES: YES = 1, NO = 2, REFUSED = 7, DON'T KNOW = 9.
            Target: 
             Both males and females 20 YEARS -
			69 YEARS"	"Past 12 months, problems with vertigo
            English Text: 
            The next questions are about symptoms of dizziness, light-headedness, or balance problems. Do not include times when drinking alcohol, using recreational drugs, or taking medications that cause dizziness. In the past 12 months, {have you/has SP} had problems with...
vertigo - a sensation of spinning, tilting, swaying or rocking 
of {yourself/himself/herself/SP's} or {your/his/her/SP's} surroundings?
            English Instructions: 
            CAPI INSTRUCTIONS: MAKE ABOVE TEXT OPTIONAL (IN BRACKETS) for b through d.
RESPONSES: YES = 1, NO = 2, REFUSED = 7, DON'T KNOW = 9.
            Target: 
             Both males and females 20 YEARS -
			69 YEARS"				FALSE	False
BAQ321B	BAQ_L	"Past 12 months, prblms w/blurring vision
            English Text: 
            The next questions are about symptoms of dizziness, light-headedness, or balance problems. Do not include times when drinking alcohol, using recreational drugs, or taking medications that cause dizziness. In the past 12 months, {have you/has SP} had problems with...
blurring of {your/his/her/SP's} vision when {you move your/he moves his/she moves her/SP moves SP's} head?
            English Instructions: 
            CAPI INSTRUCTIONS: MAKE ABOVE TEXT OPTIONAL (IN BRACKETS) for b through d.
RESPONSES: YES = 1, NO = 2, REFUSED = 7, DON'T KNOW = 9.
            Target: 
             Both males and females 20 YEARS -
			69 YEARS"	"Past 12 months, prblms w/blurring vision
            English Text: 
            The next questions are about symptoms of dizziness, light-headedness, or balance problems. Do not include times when drinking alcohol, using recreational drugs, or taking medications that cause dizziness. In the past 12 months, {have you/has SP} had problems with...
blurring of {your/his/her/SP's} vision when {you move your/he moves his/she moves her/SP moves SP's} head?
            English Instructions: 
            CAPI INSTRUCTIONS: MAKE ABOVE TEXT OPTIONAL (IN BRACKETS) for b through d.
RESPONSES: YES = 1, NO = 2, REFUSED = 7, DON'T KNOW = 9.
            Target: 
             Both males and females 20 YEARS -
			69 YEARS"				FALSE	False
BAQ321C	BAQ_L	"Past 12 months, problems with unsteady
            English Text: 
            The next questions are about symptoms of dizziness, light-headedness, or balance problems. Do not include times when drinking alcohol, using recreational drugs, or taking medications that cause dizziness. In the past 12 months, {have you/has SP} had problems with...
unsteadiness - a feeling of being off-balance or not stable when standing or sitting upright?
            English Instructions: 
            CAPI INSTRUCTIONS: MAKE ABOVE TEXT OPTIONAL (IN BRACKETS) for b through d.
RESPONSES: YES = 1, NO = 2, REFUSED = 7, DON'T KNOW = 9.
            Target: 
             Both males and females 20 YEARS -
			69 YEARS"	"Past 12 months, problems with unsteady
            English Text: 
            The next questions are about symptoms of dizziness, light-headedness, or balance problems. Do not include times when drinking alcohol, using recreational drugs, or taking medications that cause dizziness. In the past 12 months, {have you/has SP} had problems with...
unsteadiness - a feeling of being off-balance or not stable when standing or sitting upright?
            English Instructions: 
            CAPI INSTRUCTIONS: MAKE ABOVE TEXT OPTIONAL (IN BRACKETS) for b through d.
RESPONSES: YES = 1, NO = 2, REFUSED = 7, DON'T KNOW = 9.
            Target: 
             Both males and females 20 YEARS -
			69 YEARS"				FALSE	False
BAQ321D	BAQ_L	"Past 12 months, problems w/light-headed
            English Text: 
            The next questions are about symptoms of dizziness, light-headedness, or balance problems. Do not include times when drinking alcohol, using recreational drugs, or taking medications that cause dizziness. In the past 12 months, {have you/has SP} had problems with...
light-headedness - without a sense of motion, OR fainting - a feeling {you are/he is/she is/SP is} going to pass out or faint
            English Instructions: 
            CAPI INSTRUCTIONS: MAKE ABOVE TEXT OPTIONAL (IN BRACKETS) for b through d.
RESPONSES: YES = 1, NO = 2, REFUSED = 7, DON'T KNOW = 9.
            Target: 
             Both males and females 20 YEARS -
			69 YEARS"	"Past 12 months, problems w/light-headed
            English Text: 
            The next questions are about symptoms of dizziness, light-headedness, or balance problems. Do not include times when drinking alcohol, using recreational drugs, or taking medications that cause dizziness. In the past 12 months, {have you/has SP} had problems with...
light-headedness - without a sense of motion, OR fainting - a feeling {you are/he is/she is/SP is} going to pass out or faint
            English Instructions: 
            CAPI INSTRUCTIONS: MAKE ABOVE TEXT OPTIONAL (IN BRACKETS) for b through d.
RESPONSES: YES = 1, NO = 2, REFUSED = 7, DON'T KNOW = 9.
            Target: 
             Both males and females 20 YEARS -
			69 YEARS"				FALSE	False
BAQ341	BAQ_L	"Past 12 months, which bothered the most?
            English Text: 
            This next section focuses on {your/SP's} most bothersome symptom in the past 12 months. During the past 12 months, which one of these problems bothered {you/SP} the most?
            English Instructions: 
            CAPI INSTRUCTION: ONLY DISPLAY RESPONSE OPTIONS WITH A ""YES"" RESPONSE RECORDED IN QUESTIONS BAQ.321a TO BAQ.321d. BAQ.321a = RESPONSE OPTION 1, BAQ.321b = RESPONSE OPTION 2, BAQ.321c = RESPONSE OPTION 3, BAQ.321d = RESPONSE OPTION 4.
            Target: 
             Both males and females 20 YEARS -
			69 YEARS"	"Past 12 months, which bothered the most?
            English Text: 
            This next section focuses on {your/SP's} most bothersome symptom in the past 12 months. During the past 12 months, which one of these problems bothered {you/SP} the most?
            English Instructions: 
            CAPI INSTRUCTION: ONLY DISPLAY RESPONSE OPTIONS WITH A ""YES"" RESPONSE RECORDED IN QUESTIONS BAQ.321a TO BAQ.321d. BAQ.321a = RESPONSE OPTION 1, BAQ.321b = RESPONSE OPTION 2, BAQ.321c = RESPONSE OPTION 3, BAQ.321d = RESPONSE OPTION 4.
            Target: 
             Both males and females 20 YEARS -
			69 YEARS"				FALSE	False
BAQ391A	BAQ_L	"Episodes with nausea or vomiting?
            English Text: 
            During the past 12 months, were {your/SP's} episodes for {your/his/her/SP's} {RESPONSE FOR BAQ.341} accompanied by the following?
            English Instructions: 
            CAPI INSTRUCTION: FILL {RESPONSE FOR BAQ.341} WITH TEXT OF RESPONSE SELECTED FOR BAQ.341.
            Target: 
             Both males and females 20 YEARS -
			69 YEARS"	"Episodes with nausea or vomiting?
            English Text: 
            During the past 12 months, were {your/SP's} episodes for {your/his/her/SP's} {RESPONSE FOR BAQ.341} accompanied by the following?
            English Instructions: 
            CAPI INSTRUCTION: FILL {RESPONSE FOR BAQ.341} WITH TEXT OF RESPONSE SELECTED FOR BAQ.341.
            Target: 
             Both males and females 20 YEARS -
			69 YEARS"				FALSE	False
BAQ391B	BAQ_L	"Episodes with migraine/severe headache?
            English Text: 
            During the past 12 months, were {your/SP's} episodes for {your/his/her/SP's} {RESPONSE FOR BAQ.341} accompanied by the following?
            English Instructions: 
            CAPI INSTRUCTION: FILL {RESPONSE FOR BAQ.341} WITH TEXT OF RESPONSE SELECTED FOR BAQ.341.
            Target: 
             Both males and females 20 YEARS -
			69 YEARS"	"Episodes with migraine/severe headache?
            English Text: 
            During the past 12 months, were {your/SP's} episodes for {your/his/her/SP's} {RESPONSE FOR BAQ.341} accompanied by the following?
            English Instructions: 
            CAPI INSTRUCTION: FILL {RESPONSE FOR BAQ.341} WITH TEXT OF RESPONSE SELECTED FOR BAQ.341.
            Target: 
             Both males and females 20 YEARS -
			69 YEARS"				FALSE	False
BAQ401	BAQ_L	"Balance prevent you from doing things
            English Text: 
            During the past 12 months, {did your/SP's} dizziness or balance problem(s) prevent {you/SP} from doing things {you/he/she/SP} otherwise would do, such as, work, school, or other scheduled activities?
            Target: 
             Both males and females 20 YEARS -
			69 YEARS"	"Balance prevent you from doing things
            English Text: 
            During the past 12 months, {did your/SP's} dizziness or balance problem(s) prevent {you/SP} from doing things {you/he/she/SP} otherwise would do, such as, work, school, or other scheduled activities?
            Target: 
             Both males and females 20 YEARS -
			69 YEARS"				FALSE	False
BAQ421	BAQ_L	"How much of a problem was balance?
            English Text: 
            During the past 12 months, how much of a problem was {your/his/her/SP's} problem with balance, blurred vision, or light-headedness and fainting? Was it...
            English Instructions: 
            INTERVIEWER INSTRUCTION: IF RESPONDENT IS UNCLEAR HOW TO ANSWER BECAUSE EPISODES VARY, THEN JUST ASK THE RESPONDENT TO THINK ABOUT THEIR TYPICAL EPISODE TO RESPOND.
            Target: 
             Both males and females 20 YEARS -
			69 YEARS"	"How much of a problem was balance?
            English Text: 
            During the past 12 months, how much of a problem was {your/his/her/SP's} problem with balance, blurred vision, or light-headedness and fainting? Was it...
            English Instructions: 
            INTERVIEWER INSTRUCTION: IF RESPONDENT IS UNCLEAR HOW TO ANSWER BECAUSE EPISODES VARY, THEN JUST ASK THE RESPONDENT TO THINK ABOUT THEIR TYPICAL EPISODE TO RESPOND.
            Target: 
             Both males and females 20 YEARS -
			69 YEARS"				FALSE	False
BAQ431	BAQ_L	"Ever see health professional for balance
            English Text: 
            Think of any time {you have/SP has} had symptoms of dizziness, imbalance, etc.  {Have you/Has SP} ever seen a doctor or other health professional, including emergency room physicians, about {your/his/her/SP's} problem(s) with balance, blurred vision, or light-headedness and fainting?
            Target: 
             Both males and females 20 YEARS -
			69 YEARS"	"Ever see health professional for balance
            English Text: 
            Think of any time {you have/SP has} had symptoms of dizziness, imbalance, etc.  {Have you/Has SP} ever seen a doctor or other health professional, including emergency room physicians, about {your/his/her/SP's} problem(s) with balance, blurred vision, or light-headedness and fainting?
            Target: 
             Both males and females 20 YEARS -
			69 YEARS"				FALSE	False
BAQ491	BAQ_L	"Ever tried to treat balance problems?
            English Text: 
            {Have you/Has SP} ever tried anything to treat {your/his/her/SP's} problem(s) with balance, blurred vision, or light-headedness and fainting?
            Target: 
             Both males and females 20 YEARS -
			69 YEARS"	"Ever tried to treat balance problems?
            English Text: 
            {Have you/Has SP} ever tried anything to treat {your/his/her/SP's} problem(s) with balance, blurred vision, or light-headedness and fainting?
            Target: 
             Both males and females 20 YEARS -
			69 YEARS"				FALSE	False
BAQ530	BAQ_L	"Past 5 years, how many times fallen?
            English Text: 
            The next questions are about frequency of falling and associated injuries. By ""falling"", we mean unexpectedly or unintentionally dropping to a lower surface - the floor or ground - for example, from a standing, seated, walking, or bending position.  During the past 5 years, how many times {have you/has SP} fallen?
            English Instructions: 
            INTERVIEWER INSTRUCTION: A FALL CAN BE FROM ANY POSITION.
            Target: 
             Both males and females 20 YEARS -
			69 YEARS"	"Past 5 years, how many times fallen?
            English Text: 
            The next questions are about frequency of falling and associated injuries. By ""falling"", we mean unexpectedly or unintentionally dropping to a lower surface - the floor or ground - for example, from a standing, seated, walking, or bending position.  During the past 5 years, how many times {have you/has SP} fallen?
            English Instructions: 
            INTERVIEWER INSTRUCTION: A FALL CAN BE FROM ANY POSITION.
            Target: 
             Both males and females 20 YEARS -
			69 YEARS"				FALSE	False
BAQ550	BAQ_L	"Past 12 months, number of times fallen?
            English Text: 
            During the past 12 months, how many times {have you/has SP} fallen?
            Target: 
             Both males and females 20 YEARS -
			69 YEARS"	"Past 12 months, number of times fallen?
            English Text: 
            During the past 12 months, how many times {have you/has SP} fallen?
            Target: 
             Both males and females 20 YEARS -
			69 YEARS"				FALSE	False
BAQ560	BAQ_L	"Past 12 mnths, have injury from falling?
            English Text: 
            During the past 12 months, did {you/SP} have an injury that resulted from falling?
            English Instructions: 
            INTERVIEWER INSTRUCTION:INJURIES INCLUDE CUTS OR WOUNDS, DISLOCATION OF JOINTS, FRACTURES OR BROKEN BONES, PAIN, ACHE OR STRAIN TO THE SPINE OR BACK, HEAD OR NECK INJURY, SPRAIN OR TORN LIGAMENT OR MUSCLE, AND SWELLING OR BRUISING.
            Target: 
             Both males and females 20 YEARS -
			69 YEARS"	"Past 12 mnths, have injury from falling?
            English Text: 
            During the past 12 months, did {you/SP} have an injury that resulted from falling?
            English Instructions: 
            INTERVIEWER INSTRUCTION:INJURIES INCLUDE CUTS OR WOUNDS, DISLOCATION OF JOINTS, FRACTURES OR BROKEN BONES, PAIN, ACHE OR STRAIN TO THE SPINE OR BACK, HEAD OR NECK INJURY, SPRAIN OR TORN LIGAMENT OR MUSCLE, AND SWELLING OR BRUISING.
            Target: 
             Both males and females 20 YEARS -
			69 YEARS"				FALSE	False
SEQN	BPQ_L	"Respondent sequence number
            English Text: 
            Respondent sequence number
            Target: 
             Both males and females 16 YEARS -
			150 YEARS"	"Respondent sequence number
            English Text: 
            Respondent sequence number
            Target: 
             Both males and females 16 YEARS -
			150 YEARS"				FALSE	False
BPQ020	BPQ_L	"Ever told you had high blood pressure
            English Text: 
            {Have you/Has SP} ever been told by a doctor or other health professional that {you/s/he} had hypertension, also called high blood pressure?
            Target: 
             Both males and females 16 YEARS -
			150 YEARS"	"Ever told you had high blood pressure
            English Text: 
            {Have you/Has SP} ever been told by a doctor or other health professional that {you/s/he} had hypertension, also called high blood pressure?
            Target: 
             Both males and females 16 YEARS -
			150 YEARS"				FALSE	False
BPQ030	BPQ_L	"Told had high blood pressure - 2+ times
            English Text: 
            {Were you/Was SP} told on 2 or more different visits that {you/s/he} had hypertension, also called high blood pressure?
            Target: 
             Both males and females 16 YEARS -
			150 YEARS"	"Told had high blood pressure - 2+ times
            English Text: 
            {Were you/Was SP} told on 2 or more different visits that {you/s/he} had hypertension, also called high blood pressure?
            Target: 
             Both males and females 16 YEARS -
			150 YEARS"				FALSE	False
BPQ150	BPQ_L	"Taking high blood pressure medication
            English Text: 
            {Are you/Is SP} now taking any medication prescribed by a doctor for {your/his/her/SP's} high blood pressure?
            Target: 
             Both males and females 16 YEARS -
			150 YEARS"	"Taking high blood pressure medication
            English Text: 
            {Are you/Is SP} now taking any medication prescribed by a doctor for {your/his/her/SP's} high blood pressure?
            Target: 
             Both males and females 16 YEARS -
			150 YEARS"				FALSE	False
BPQ080	BPQ_L	"Doctor told you - high cholesterol level
            English Text: 
            {Have you/Has SP} ever been told by a doctor or other health professional that {your/his/her} blood cholesterol level was high?
            Target: 
             Both males and females 16 YEARS -
			150 YEARS"	"Doctor told you - high cholesterol level
            English Text: 
            {Have you/Has SP} ever been told by a doctor or other health professional that {your/his/her} blood cholesterol level was high?
            Target: 
             Both males and females 16 YEARS -
			150 YEARS"				FALSE	False
BPQ101D	BPQ_L	"Taking meds to lower blood cholesterol?
            English Text: 
            {Are you/Is SP} now taking any medication prescribed by a doctor lower {your/his/her/SP's} blood cholesterol?
            Target: 
             Both males and females 16 YEARS -
			150 YEARS"	"Taking meds to lower blood cholesterol?
            English Text: 
            {Are you/Is SP} now taking any medication prescribed by a doctor lower {your/his/her/SP's} blood cholesterol?
            Target: 
             Both males and females 16 YEARS -
			150 YEARS"				FALSE	False
SEQN	HSQ_L	"Respondent sequence number
            English Text: 
            Respondent sequence number.
            Target: 
             Both males and females 16 YEARS -
			150 YEARS"	"Respondent sequence number
            English Text: 
            Respondent sequence number.
            Target: 
             Both males and females 16 YEARS -
			150 YEARS"				FALSE	False
HSQ590	HSQ_L	"Blood ever tested for HIV virus?
            English Text: 
            Except for tests {you/SP} may have had as part of blood donations, {have you/has he/has she} ever had {your/his/her} blood tested for the AIDS virus infection?
            Target: 
             Both males and females 16 YEARS -
			150 YEARS"	"Blood ever tested for HIV virus?
            English Text: 
            Except for tests {you/SP} may have had as part of blood donations, {have you/has he/has she} ever had {your/his/her} blood tested for the AIDS virus infection?
            Target: 
             Both males and females 16 YEARS -
			150 YEARS"				FALSE	False
SEQN	DEQ_L	"Respondent sequence number
            English Text: 
            Respondent sequence number.
            Target: 
             Both males and females 20 YEARS -
			59 YEARS"	"Respondent sequence number
            English Text: 
            Respondent sequence number.
            Target: 
             Both males and females 20 YEARS -
			59 YEARS"				FALSE	False
DEQ034A	DEQ_L	"Stay in the shade?
            English Text: 
            When {you go/SP goes} outside on a very sunny day, for more than one hour, how often {do you/does SP} Stay in the shade?
            English Instructions: 
            HAND CARD DEQ2A
            Target: 
             Both males and females 20 YEARS -
			59 YEARS"	"Stay in the shade?
            English Text: 
            When {you go/SP goes} outside on a very sunny day, for more than one hour, how often {do you/does SP} Stay in the shade?
            English Instructions: 
            HAND CARD DEQ2A
            Target: 
             Both males and females 20 YEARS -
			59 YEARS"				FALSE	False
DEQ034C	DEQ_L	"Wear a long sleeved shirt
            English Text: 
            Wear a long sleeved shirt?  Would you say . . .
            English Instructions: 
            HAND CARD DEQ2A
            Target: 
             Both males and females 20 YEARS -
			59 YEARS"	"Wear a long sleeved shirt
            English Text: 
            Wear a long sleeved shirt?  Would you say . . .
            English Instructions: 
            HAND CARD DEQ2A
            Target: 
             Both males and females 20 YEARS -
			59 YEARS"				FALSE	False
DEQ034D	DEQ_L	"Use sunscreen?
            English Text: 
            Use sunscreen?  Would you say . . .
            English Instructions: 
            HAND CARD DEQ2A
            Target: 
             Both males and females 20 YEARS -
			59 YEARS"	"Use sunscreen?
            English Text: 
            Use sunscreen?  Would you say . . .
            English Instructions: 
            HAND CARD DEQ2A
            Target: 
             Both males and females 20 YEARS -
			59 YEARS"				FALSE	False
SEQN	DIQ_L	"Respondent sequence number
            English Text: 
            Respondent sequence number
            Target: 
             Both males and females 1 YEARS -
			150 YEARS"	"Respondent sequence number
            English Text: 
            Respondent sequence number
            Target: 
             Both males and females 1 YEARS -
			150 YEARS"				FALSE	False
DIQ010	DIQ_L	"Doctor told you have diabetes
            English Text: 
            The next questions are about specific medical conditions. {Other than during pregnancy, {have you/has SP}/{Have you/Has SP}} ever been told by a doctor or health professional that {you have/{he/she/SP} has} diabetes or sugar diabetes?
            English Instructions: 
            CAPI INSTRUCTION:  IF SP AGE &lt; 15, DISPLAY ""HAVE SP"" FOR THE FIRST DISPLAY AND ""SP HAS"" FOR THE SECOND DISPLAY.   IF SP IS FEMALE AND AGE &gt;= 20, DISPLAY ""OTHER THAN DURING PREGNANCY, {HAVE YOU/HAS SP}"".
            Target: 
             Both males and females 1 YEARS -
			150 YEARS"	"Doctor told you have diabetes
            English Text: 
            The next questions are about specific medical conditions. {Other than during pregnancy, {have you/has SP}/{Have you/Has SP}} ever been told by a doctor or health professional that {you have/{he/she/SP} has} diabetes or sugar diabetes?
            English Instructions: 
            CAPI INSTRUCTION:  IF SP AGE &lt; 15, DISPLAY ""HAVE SP"" FOR THE FIRST DISPLAY AND ""SP HAS"" FOR THE SECOND DISPLAY.   IF SP IS FEMALE AND AGE &gt;= 20, DISPLAY ""OTHER THAN DURING PREGNANCY, {HAVE YOU/HAS SP}"".
            Target: 
             Both males and females 1 YEARS -
			150 YEARS"				FALSE	False
DID040	DIQ_L	"Age when first told you had diabetes
            English Text: 
            How old {was SP/were you} when a doctor or other health professional first told {you/him/her} that {you/he/she} had diabetes or sugar diabetes?
            English Instructions: 
            ENTER AGE IN YEARS.
            Target: 
             Both males and females 1 YEARS -
			150 YEARS"	"Age when first told you had diabetes
            English Text: 
            How old {was SP/were you} when a doctor or other health professional first told {you/him/her} that {you/he/she} had diabetes or sugar diabetes?
            English Instructions: 
            ENTER AGE IN YEARS.
            Target: 
             Both males and females 1 YEARS -
			150 YEARS"				FALSE	False
DIQ159	DIQ_L	CHECK ITEM	CHECK ITEM		"Both males and females 1 YEARS -
			150 YEARS"		FALSE	False
DIQ160	DIQ_L	"Ever told you have prediabetes
            English Text: 
            {Have you/Has SP} ever been told by a doctor or other health professional that {you have/SP has} any of the following:  prediabetes, impaired fasting glucose, impaired glucose tolerance, borderline diabetes or that {your/her/his} blood sugar is higher than normal but not high enough to be called diabetes or sugar diabetes?
            English Instructions: 
            CAPI INSTRUCTION:  HELP SCREEN:  PREDIABETES, IMPAIRED FASTING GLUCOSE, IMPAIRED GLUCOSE TOLERANCE, OR BORDERLINE DIABETES OCCURS WHEN BLOOD SUGAR (GLUCOSE) LEVELS ARE HIGHER THAN NORMAL BUT NOT HIGH ENOUGH TO BE DIABETES.  HAND CARD DIQ1.
            Target: 
             Both males and females 12 YEARS -
			150 YEARS"	"Ever told you have prediabetes
            English Text: 
            {Have you/Has SP} ever been told by a doctor or other health professional that {you have/SP has} any of the following:  prediabetes, impaired fasting glucose, impaired glucose tolerance, borderline diabetes or that {your/her/his} blood sugar is higher than normal but not high enough to be called diabetes or sugar diabetes?
            English Instructions: 
            CAPI INSTRUCTION:  HELP SCREEN:  PREDIABETES, IMPAIRED FASTING GLUCOSE, IMPAIRED GLUCOSE TOLERANCE, OR BORDERLINE DIABETES OCCURS WHEN BLOOD SUGAR (GLUCOSE) LEVELS ARE HIGHER THAN NORMAL BUT NOT HIGH ENOUGH TO BE DIABETES.  HAND CARD DIQ1.
            Target: 
             Both males and females 12 YEARS -
			150 YEARS"				FALSE	False
DIQ180	DIQ_L	"Had blood tested past three years
            English Text: 
            {Have you/Has SP} had a blood test for high blood sugar or diabetes within the past three years?
            English Instructions: 
            INTERVIEWER INSTRUCTION:  DO NOT INCLUDE URINE TESTS.
            Target: 
             Both males and females 12 YEARS -
			150 YEARS"	"Had blood tested past three years
            English Text: 
            {Have you/Has SP} had a blood test for high blood sugar or diabetes within the past three years?
            English Instructions: 
            INTERVIEWER INSTRUCTION:  DO NOT INCLUDE URINE TESTS.
            Target: 
             Both males and females 12 YEARS -
			150 YEARS"				FALSE	False
DIQ050	DIQ_L	"Taking insulin now
            English Text: 
            {Is SP/Are you} now taking insulin
            Target: 
             Both males and females 1 YEARS -
			150 YEARS"	"Taking insulin now
            English Text: 
            {Is SP/Are you} now taking insulin
            Target: 
             Both males and females 1 YEARS -
			150 YEARS"				FALSE	False
DID060	DIQ_L	"How long taking insulin
            English Text: 
            For how long {have you/has SP} been taking insulin?
            English Instructions: 
            ENTER NUMBER (OF MONTHS OR YEARS).
            Target: 
             Both males and females 1 YEARS -
			150 YEARS"	"How long taking insulin
            English Text: 
            For how long {have you/has SP} been taking insulin?
            English Instructions: 
            ENTER NUMBER (OF MONTHS OR YEARS).
            Target: 
             Both males and females 1 YEARS -
			150 YEARS"				FALSE	False
DIQ060U	DIQ_L	"Unit of measure (month/year)
            English Text: 
            UNIT OF MEASURE
            English Instructions: 
            ENTER UNIT.
            Target: 
             Both males and females 1 YEARS -
			150 YEARS"	"Unit of measure (month/year)
            English Text: 
            UNIT OF MEASURE
            English Instructions: 
            ENTER UNIT.
            Target: 
             Both males and females 1 YEARS -
			150 YEARS"				FALSE	False
DIQ065	DIQ_L	CHECK ITEM	CHECK ITEM		"Both males and females 1 YEARS -
			150 YEARS"		FALSE	False
DIQ070	DIQ_L	"Take diabetic pills to lower blood sugar
            English Text: 
            {Is SP/Are you} now taking diabetic pills to lower {{his/her}/your} blood sugar?  These are sometimes called oral agents or oral hypoglycemic agents.
            Target: 
             Both males and females 1 YEARS -
			150 YEARS"	"Take diabetic pills to lower blood sugar
            English Text: 
            {Is SP/Are you} now taking diabetic pills to lower {{his/her}/your} blood sugar?  These are sometimes called oral agents or oral hypoglycemic agents.
            Target: 
             Both males and females 1 YEARS -
			150 YEARS"				FALSE	False
SEQN	DBQ_L	"Respondent sequence number
            English Text: 
            Respondent sequence number.
            Target: 
             Both males and females 0 YEARS -
			150 YEARS"	"Respondent sequence number
            English Text: 
            Respondent sequence number.
            Target: 
             Both males and females 0 YEARS -
			150 YEARS"				FALSE	False
DBQ010	DBQ_L	"Ever breastfed or fed breastmilk
            English Text: 
            Now I'm going to ask you some general questions about {SP's} eating habits.  Was {SP} ever breastfed or fed breastmilk?
            Target: 
             Both males and females 0 YEARS -
			6 YEARS"	"Ever breastfed or fed breastmilk
            English Text: 
            Now I'm going to ask you some general questions about {SP's} eating habits.  Was {SP} ever breastfed or fed breastmilk?
            Target: 
             Both males and females 0 YEARS -
			6 YEARS"				FALSE	False
DBD030	DBQ_L	"Age stopped breastfeeding (days)
            English Text: 
            How old was {SP} when {he/she} completely stopped breastfeeding or being fed breastmilk?
            Target: 
             Both males and females 0 YEARS -
			6 YEARS"	"Age stopped breastfeeding (days)
            English Text: 
            How old was {SP} when {he/she} completely stopped breastfeeding or being fed breastmilk?
            Target: 
             Both males and females 0 YEARS -
			6 YEARS"				FALSE	False
DBD041	DBQ_L	"Age first fed formula (days)
            English Text: 
            How old was {SP} when {he/she} was first fed formula?
            Target: 
             Both males and females 0 YEARS -
			6 YEARS"	"Age first fed formula (days)
            English Text: 
            How old was {SP} when {he/she} was first fed formula?
            Target: 
             Both males and females 0 YEARS -
			6 YEARS"				FALSE	False
DBD050	DBQ_L	"Age stopped receiving formula (days)
            English Text: 
            How old was {SP} when {he/she} completely stopped drinking formula?
            Target: 
             Both males and females 0 YEARS -
			6 YEARS"	"Age stopped receiving formula (days)
            English Text: 
            How old was {SP} when {he/she} completely stopped drinking formula?
            Target: 
             Both males and females 0 YEARS -
			6 YEARS"				FALSE	False
DBD055	DBQ_L	"Age started other food/beverage
            English Text: 
            This next question is about the first thing that {SP} was given other than breast milk or formula.  Please include juice, cow's milk, sugar water, baby food, or anything else that {SP} might have been given, even water.  How old was {SP} when {he/she} was first fed anything other than breast milk or formula? (Days)
            Target: 
             Both males and females 0 YEARS -
			6 YEARS"	"Age started other food/beverage
            English Text: 
            This next question is about the first thing that {SP} was given other than breast milk or formula.  Please include juice, cow's milk, sugar water, baby food, or anything else that {SP} might have been given, even water.  How old was {SP} when {he/she} was first fed anything other than breast milk or formula? (Days)
            Target: 
             Both males and females 0 YEARS -
			6 YEARS"				FALSE	False
DBD061	DBQ_L	"Age first fed milk (days)
            English Text: 
            How old was {SP} when {he/she} was first fed milk?
            Target: 
             Both males and females 0 YEARS -
			6 YEARS"	"Age first fed milk (days)
            English Text: 
            How old was {SP} when {he/she} was first fed milk?
            Target: 
             Both males and females 0 YEARS -
			6 YEARS"				FALSE	False
DBQ073A	DBQ_L	"Type of milk first fed - whole milk
            English Text: 
            What type of milk was {SP} first fed?  Was it . . .
            English Instructions: 
            CODE ALL THAT APPLY
            Target: 
             Both males and females 0 YEARS -
			6 YEARS"	"Type of milk first fed - whole milk
            English Text: 
            What type of milk was {SP} first fed?  Was it . . .
            English Instructions: 
            CODE ALL THAT APPLY
            Target: 
             Both males and females 0 YEARS -
			6 YEARS"				FALSE	False
DBQ073B	DBQ_L	"Type of milk first fed - 2% milk
            English Text: 
            What type of milk was {SP} first fed?  Was it . . .
            English Instructions: 
            CODE ALL THAT APPLY
            Target: 
             Both males and females 0 YEARS -
			6 YEARS"	"Type of milk first fed - 2% milk
            English Text: 
            What type of milk was {SP} first fed?  Was it . . .
            English Instructions: 
            CODE ALL THAT APPLY
            Target: 
             Both males and females 0 YEARS -
			6 YEARS"				FALSE	False
DBQ073C	DBQ_L	"Type of milk first fed - 1% milk
            English Text: 
            What type of milk was {SP} first fed?  Was it . . .
            English Instructions: 
            CODE ALL THAT APPLY
            Target: 
             Both males and females 0 YEARS -
			6 YEARS"	"Type of milk first fed - 1% milk
            English Text: 
            What type of milk was {SP} first fed?  Was it . . .
            English Instructions: 
            CODE ALL THAT APPLY
            Target: 
             Both males and females 0 YEARS -
			6 YEARS"				FALSE	False
DBQ073D	DBQ_L	"Type of milk first fed - fat free milk
            English Text: 
            What type of milk was {SP} first fed?  Was it . . .
            English Instructions: 
            CODE ALL THAT APPLY
            Target: 
             Both males and females 0 YEARS -
			6 YEARS"	"Type of milk first fed - fat free milk
            English Text: 
            What type of milk was {SP} first fed?  Was it . . .
            English Instructions: 
            CODE ALL THAT APPLY
            Target: 
             Both males and females 0 YEARS -
			6 YEARS"				FALSE	False
DBQ073E	DBQ_L	"Type of milk first fed - soy milk
            English Text: 
            What type of milk was {SP} first fed? Was it . . .
            English Instructions: 
            CODE ALL THAT APPLY
            Target: 
             Both males and females 0 YEARS -
			6 YEARS"	"Type of milk first fed - soy milk
            English Text: 
            What type of milk was {SP} first fed? Was it . . .
            English Instructions: 
            CODE ALL THAT APPLY
            Target: 
             Both males and females 0 YEARS -
			6 YEARS"				FALSE	False
DBQ073U	DBQ_L	"Type of milk first fed - other
            English Text: 
            What type of milk was {SP} first fed?  Was it . . .
            English Instructions: 
            CODE ALL THAT APPLY
            Target: 
             Both males and females 0 YEARS -
			6 YEARS"	"Type of milk first fed - other
            English Text: 
            What type of milk was {SP} first fed?  Was it . . .
            English Instructions: 
            CODE ALL THAT APPLY
            Target: 
             Both males and females 0 YEARS -
			6 YEARS"				FALSE	False
DBD265A	DBQ_L	CHECK ITEM	CHECK ITEM		"Both males and females 0 YEARS -
			150 YEARS"		FALSE	False
DBQ301	DBQ_L	"Community/Government meals delivered
            English Text: 
            The next questions are about meals provided by community or government programs.  In the past 12 months, did {you/SP} receive any meals delivered to {your/his/her} home from community programs, ""Meals on Wheels"", or any other programs?
            Target: 
             Both males and females 60 YEARS -
			150 YEARS"	"Community/Government meals delivered
            English Text: 
            The next questions are about meals provided by community or government programs.  In the past 12 months, did {you/SP} receive any meals delivered to {your/his/her} home from community programs, ""Meals on Wheels"", or any other programs?
            Target: 
             Both males and females 60 YEARS -
			150 YEARS"				FALSE	False
DBQ330	DBQ_L	"Eat meals at Community/Senior center
            English Text: 
            In the past 12 months, did {you/SP} go to a community program or senior center to eat prepared meals?
            English Instructions: 
            INCLUDE ADULT DAY CARE
            Target: 
             Both males and females 60 YEARS -
			150 YEARS"	"Eat meals at Community/Senior center
            English Text: 
            In the past 12 months, did {you/SP} go to a community program or senior center to eat prepared meals?
            English Instructions: 
            INCLUDE ADULT DAY CARE
            Target: 
             Both males and females 60 YEARS -
			150 YEARS"				FALSE	False
DBD355	DBQ_L	CHECK ITEM	CHECK ITEM		"Both males and females 1 YEARS -
			150 YEARS"		FALSE	False
DBQ360	DBQ_L	"Attend kindergarten thru high school
            English Text: 
            During the school year, {do you/does SP} attend a kindergarten, grade school, junior or high school?
            Target: 
             Both males and females 4 YEARS -
			19 YEARS"	"Attend kindergarten thru high school
            English Text: 
            During the school year, {do you/does SP} attend a kindergarten, grade school, junior or high school?
            Target: 
             Both males and females 4 YEARS -
			19 YEARS"				FALSE	False
DBQ370	DBQ_L	"School serves school lunches
            English Text: 
            Does {your/SP's} school serve school lunches?  These are complete lunches that cost the same every day.
            Target: 
             Both males and females 4 YEARS -
			19 YEARS"	"School serves school lunches
            English Text: 
            Does {your/SP's} school serve school lunches?  These are complete lunches that cost the same every day.
            Target: 
             Both males and females 4 YEARS -
			19 YEARS"				FALSE	False
DBD381	DBQ_L	"# of times/week get school lunch
            English Text: 
            During the school year, about how many times a week {do you/does SP} usually get a complete school lunch?
            Target: 
             Both males and females 4 YEARS -
			19 YEARS"	"# of times/week get school lunch
            English Text: 
            During the school year, about how many times a week {do you/does SP} usually get a complete school lunch?
            Target: 
             Both males and females 4 YEARS -
			19 YEARS"				FALSE	False
DBQ390	DBQ_L	"School lunch free, reduced or full price
            English Text: 
            {Do you/Does SP} get these lunches free, at a reduced price, or {do you/does he/she} pay full price?
            Target: 
             Both males and females 4 YEARS -
			19 YEARS"	"School lunch free, reduced or full price
            English Text: 
            {Do you/Does SP} get these lunches free, at a reduced price, or {do you/does he/she} pay full price?
            Target: 
             Both males and females 4 YEARS -
			19 YEARS"				FALSE	False
DBQ400	DBQ_L	"School serve complete breakfast each day
            English Text: 
            Does {your/SP's} school serve a complete breakfast that costs the same every day?
            Target: 
             Both males and females 4 YEARS -
			19 YEARS"	"School serve complete breakfast each day
            English Text: 
            Does {your/SP's} school serve a complete breakfast that costs the same every day?
            Target: 
             Both males and females 4 YEARS -
			19 YEARS"				FALSE	False
DBD411	DBQ_L	"# of times/week get school breakfast
            English Text: 
            During the school year, about how many times a week {do you/does SP} usually get a complete breakfast at school?
            Target: 
             Both males and females 4 YEARS -
			19 YEARS"	"# of times/week get school breakfast
            English Text: 
            During the school year, about how many times a week {do you/does SP} usually get a complete breakfast at school?
            Target: 
             Both males and females 4 YEARS -
			19 YEARS"				FALSE	False
DBQ421	DBQ_L	"School breakfast free/reduced/full price
            English Text: 
            {Do you/Does SP} get these breakfasts free, at a reduced price, or {do you/does he/she} pay full price?
            Target: 
             Both males and females 4 YEARS -
			19 YEARS"	"School breakfast free/reduced/full price
            English Text: 
            {Do you/Does SP} get these breakfasts free, at a reduced price, or {do you/does he/she} pay full price?
            Target: 
             Both males and females 4 YEARS -
			19 YEARS"				FALSE	False
DBQ422	DBQ_L	CHECK ITEM	CHECK ITEM		"Both males and females 4 YEARS -
			19 YEARS"		FALSE	False
DBQ424	DBQ_L	"Summer program meal free/reduced price
            English Text: 
            (Do you/Does SP) get a free or reduced price meal at any summer program (he/she) attends?
            Target: 
             Both males and females 4 YEARS -
			19 YEARS"	"Summer program meal free/reduced price
            English Text: 
            (Do you/Does SP) get a free or reduced price meal at any summer program (he/she) attends?
            Target: 
             Both males and females 4 YEARS -
			19 YEARS"				FALSE	False
DBD710	DBQ_L	CHECK ITEM	CHECK ITEM		"Both males and females 1 YEARS -
			150 YEARS"		FALSE	False
DBQ930	DBQ_L	"Main meal planner/preparer
            English Text: 
            {Are you/Is SP} the person who does most of the planning or preparing of meals in {your/SP's} family?
            English Instructions: 
            INTERVIEWER INSTRUCTION:  IF SP ANSWERS ""SOMETIMES"" OR ""50/50"", ENTER YES.
            Target: 
             Both males and females 16 YEARS -
			150 YEARS"	"Main meal planner/preparer
            English Text: 
            {Are you/Is SP} the person who does most of the planning or preparing of meals in {your/SP's} family?
            English Instructions: 
            INTERVIEWER INSTRUCTION:  IF SP ANSWERS ""SOMETIMES"" OR ""50/50"", ENTER YES.
            Target: 
             Both males and females 16 YEARS -
			150 YEARS"				FALSE	False
DBQ935	DBQ_L	"Shared meal planning/preparing duty
            English Text: 
            {Do you/Does SP} share in the planning or preparing of meals with someone else?
            Target: 
             Both males and females 16 YEARS -
			150 YEARS"	"Shared meal planning/preparing duty
            English Text: 
            {Do you/Does SP} share in the planning or preparing of meals with someone else?
            Target: 
             Both males and females 16 YEARS -
			150 YEARS"				FALSE	False
DBQ940	DBQ_L	"Main food shopper
            English Text: 
            {Are you/Is SP} the person who does most of the shopping for food in {your/SP's} family?
            English Instructions: 
            INTERVIEWER INSTRUCTION:  IF SP ANSWERS ""SOMETIMES"" OR ""50/50"", ENTER YES.
            Target: 
             Both males and females 16 YEARS -
			150 YEARS"	"Main food shopper
            English Text: 
            {Are you/Is SP} the person who does most of the shopping for food in {your/SP's} family?
            English Instructions: 
            INTERVIEWER INSTRUCTION:  IF SP ANSWERS ""SOMETIMES"" OR ""50/50"", ENTER YES.
            Target: 
             Both males and females 16 YEARS -
			150 YEARS"				FALSE	False
DBQ945	DBQ_L	"Shared food shopping duty
            English Text: 
            {Do you/Does SP} share in the shopping for food with someone else?
            Target: 
             Both males and females 16 YEARS -
			150 YEARS"	"Shared food shopping duty
            English Text: 
            {Do you/Does SP} share in the shopping for food with someone else?
            Target: 
             Both males and females 16 YEARS -
			150 YEARS"				FALSE	False
SEQN	ECQ_L	"Respondent sequence number
            English Text: 
            Respondent sequence number.
            Target: 
             Both males and females 0 YEARS -
			15 YEARS"	"Respondent sequence number
            English Text: 
            Respondent sequence number.
            Target: 
             Both males and females 0 YEARS -
			15 YEARS"				FALSE	False
ECD070A	ECQ_L	"Weight at birth, pounds
            English Text: 
            How much did {SP NAME} weigh at birth?
            English Instructions: 
            IF ANSWER GIVEN IN POUNDS ONLY, PROBE FOR OUNCES.  IF ANSWER GIVEN IN EXACT POUNDS, ENTER NUMBER OF POUNDS AND 0 OUNCES.  ENTER NUMBER OF POUNDS.
            Target: 
             Both males and females 0 YEARS -
			15 YEARS"	"Weight at birth, pounds
            English Text: 
            How much did {SP NAME} weigh at birth?
            English Instructions: 
            IF ANSWER GIVEN IN POUNDS ONLY, PROBE FOR OUNCES.  IF ANSWER GIVEN IN EXACT POUNDS, ENTER NUMBER OF POUNDS AND 0 OUNCES.  ENTER NUMBER OF POUNDS.
            Target: 
             Both males and females 0 YEARS -
			15 YEARS"				FALSE	False
ECD070B	ECQ_L	"Weight at birth, ounces
            English Text: 
            How much did {SP NAME} weigh at birth?
            English Instructions: 
            ENTER NUMBER OF OUNCES
            Target: 
             Both males and females 0 YEARS -
			15 YEARS
            Hard Edits: 
            0 to 15"	"Weight at birth, ounces
            English Text: 
            How much did {SP NAME} weigh at birth?
            English Instructions: 
            ENTER NUMBER OF OUNCES
            Target: 
             Both males and females 0 YEARS -
			15 YEARS
            Hard Edits: 
            0 to 15"				FALSE	False
ECQ075	ECQ_L	CHECK ITEM	CHECK ITEM		"Both males and females 0 YEARS -
			15 YEARS"		FALSE	False
ECQ080	ECQ_L	"Weight more/less than 5.5 lbs
            English Text: 
            Did {SP NAME} weigh . . .
            Target: 
             Both males and females 0 YEARS -
			15 YEARS"	"Weight more/less than 5.5 lbs
            English Text: 
            Did {SP NAME} weigh . . .
            Target: 
             Both males and females 0 YEARS -
			15 YEARS"				FALSE	False
ECQ090	ECQ_L	"Weight more/less than 9.0 lbs
            English Text: 
            Did {SP NAME} weigh . . .
            Target: 
             Both males and females 0 YEARS -
			15 YEARS"	"Weight more/less than 9.0 lbs
            English Text: 
            Did {SP NAME} weigh . . .
            Target: 
             Both males and females 0 YEARS -
			15 YEARS"				FALSE	False
ECQ095	ECQ_L	CHECK ITEM	CHECK ITEM		"Both males and females 0 YEARS -
			15 YEARS"		FALSE	False
WHQ030E	ECQ_L	"How do you consider your child's weight
            English Text: 
            How do you consider {SP} weight?
            Target: 
             Both males and females 2 YEARS -
			15 YEARS"	"How do you consider your child's weight
            English Text: 
            How do you consider {SP} weight?
            Target: 
             Both males and females 2 YEARS -
			15 YEARS"				FALSE	False
MCQ080E	ECQ_L	"Your child was overweight
            English Text: 
            Has a doctor or health professional ever told you that {SP} was overweight?
            Target: 
             Both males and females 2 YEARS -
			15 YEARS"	"Your child was overweight
            English Text: 
            Has a doctor or health professional ever told you that {SP} was overweight?
            Target: 
             Both males and females 2 YEARS -
			15 YEARS"				FALSE	False
SEQN	FSQ_L	"Respondent sequence number
            English Text: 
            Respondent sequence number.
            Target: 
             Both males and females 0 YEARS -
			150 YEARS"	"Respondent sequence number
            English Text: 
            Respondent sequence number.
            Target: 
             Both males and females 0 YEARS -
			150 YEARS"				FALSE	False
FSD032A	FSQ_L	"HH Worried run out of food
            English Text: 
            Now I am going to read you several statements that people have made about their food situation. For these statements, please tell me whether the statement was often true, sometimes true, or never true for {you/your household} in the last 12 months, that is since last {DISPLAY CURRENT MONTH AND LAST YEAR}. The first statement is . . .  {I/we} worried whether {my/our} food would run out before {I/we} got money to buy more.
            English Instructions: 
            Collected at household level.
            Target: 
             Both males and females 0 YEARS -
			150 YEARS"	"HH Worried run out of food
            English Text: 
            Now I am going to read you several statements that people have made about their food situation. For these statements, please tell me whether the statement was often true, sometimes true, or never true for {you/your household} in the last 12 months, that is since last {DISPLAY CURRENT MONTH AND LAST YEAR}. The first statement is . . .  {I/we} worried whether {my/our} food would run out before {I/we} got money to buy more.
            English Instructions: 
            Collected at household level.
            Target: 
             Both males and females 0 YEARS -
			150 YEARS"				FALSE	False
FSD032B	FSQ_L	"HH Food didn't last
            English Text: 
            [The next statement is . . .]  The food that {I/we} bought just didn't last, and {I/we} didn't have enough money to get more food.
            English Instructions: 
            Collected at household level.
            Target: 
             Both males and females 0 YEARS -
			150 YEARS"	"HH Food didn't last
            English Text: 
            [The next statement is . . .]  The food that {I/we} bought just didn't last, and {I/we} didn't have enough money to get more food.
            English Instructions: 
            Collected at household level.
            Target: 
             Both males and females 0 YEARS -
			150 YEARS"				FALSE	False
FSD032C	FSQ_L	"HH Couldn't afford balanced meals
            English Text: 
            [The next statement is . . .]  {I/we} couldn't afford to eat balanced meals.
            English Instructions: 
            Collected at household level.
            Target: 
             Both males and females 0 YEARS -
			150 YEARS"	"HH Couldn't afford balanced meals
            English Text: 
            [The next statement is . . .]  {I/we} couldn't afford to eat balanced meals.
            English Instructions: 
            Collected at household level.
            Target: 
             Both males and females 0 YEARS -
			150 YEARS"				FALSE	False
FSQBOX1	FSQ_L	CHECK ITEM	CHECK ITEM		"Both males and females 0 YEARS -
			150 YEARS"		FALSE	False
FSD041	FSQ_L	"HH Adults cut size or skip meals
            English Text: 
            In the last 12 months, since last {DISPLAY CURRENT MONTH AND LAST YEAR}, did {you/you or other adults in your household} ever cut the size of your meals or skip meals because there wasn't enough money for food?
            English Instructions: 
            Collected at household level.
            Target: 
             Both males and females 0 YEARS -
			150 YEARS"	"HH Adults cut size or skip meals
            English Text: 
            In the last 12 months, since last {DISPLAY CURRENT MONTH AND LAST YEAR}, did {you/you or other adults in your household} ever cut the size of your meals or skip meals because there wasn't enough money for food?
            English Instructions: 
            Collected at household level.
            Target: 
             Both males and females 0 YEARS -
			150 YEARS"				FALSE	False
FSD052	FSQ_L	"HH How often adults cut size/skip meals
            English Text: 
            How often did this happen?
            English Instructions: 
            Collected at household level.
            Target: 
             Both males and females 0 YEARS -
			150 YEARS"	"HH How often adults cut size/skip meals
            English Text: 
            How often did this happen?
            English Instructions: 
            Collected at household level.
            Target: 
             Both males and females 0 YEARS -
			150 YEARS"				FALSE	False
FSD061	FSQ_L	"HH Eat less than should
            English Text: 
            In the last 12 months, did you ever eat less than you felt you should because there wasn't enough money for food?
            English Instructions: 
            Collected at household level.
            Target: 
             Both males and females 0 YEARS -
			150 YEARS"	"HH Eat less than should
            English Text: 
            In the last 12 months, did you ever eat less than you felt you should because there wasn't enough money for food?
            English Instructions: 
            Collected at household level.
            Target: 
             Both males and females 0 YEARS -
			150 YEARS"				FALSE	False
FSD071	FSQ_L	"HH Hungry, but didn't eat
            English Text: 
            [In the last 12 months], were you ever hungry but didn't eat because there wasn't enough money for food?
            English Instructions: 
            Collected at household level.
            Target: 
             Both males and females 0 YEARS -
			150 YEARS"	"HH Hungry, but didn't eat
            English Text: 
            [In the last 12 months], were you ever hungry but didn't eat because there wasn't enough money for food?
            English Instructions: 
            Collected at household level.
            Target: 
             Both males and females 0 YEARS -
			150 YEARS"				FALSE	False
FSD081	FSQ_L	"HH Lost weight, no money for food
            English Text: 
            [In the last 12 months], did you lose weight because there wasn't enough money for food?
            English Instructions: 
            Collected at household level.
            Target: 
             Both males and females 0 YEARS -
			150 YEARS"	"HH Lost weight, no money for food
            English Text: 
            [In the last 12 months], did you lose weight because there wasn't enough money for food?
            English Instructions: 
            Collected at household level.
            Target: 
             Both males and females 0 YEARS -
			150 YEARS"				FALSE	False
FSQBOX2	FSQ_L	CHECK ITEM	CHECK ITEM		"Both males and females 0 YEARS -
			150 YEARS"		FALSE	False
FSD092	FSQ_L	"HH Adults not eat whole day
            English Text: 
            [In the last 12 months], did {you/you or other adults in your household} ever not eat for a whole day because there wasn't enough money for food?
            English Instructions: 
            Collected at household level.
            Target: 
             Both males and females 0 YEARS -
			150 YEARS"	"HH Adults not eat whole day
            English Text: 
            [In the last 12 months], did {you/you or other adults in your household} ever not eat for a whole day because there wasn't enough money for food?
            English Instructions: 
            Collected at household level.
            Target: 
             Both males and females 0 YEARS -
			150 YEARS"				FALSE	False
FSD102	FSQ_L	"HH How often adults not eat for day
            English Text: 
            How often did this happen?  
            English Instructions: 
            Collected at household level.
            Target: 
             Both males and females 0 YEARS -
			150 YEARS"	"HH How often adults not eat for day
            English Text: 
            How often did this happen?  
            English Instructions: 
            Collected at household level.
            Target: 
             Both males and females 0 YEARS -
			150 YEARS"				FALSE	False
FSDAD	FSQ_L	"Adult food security category
            English Text: 
            Adult food security category for last 12 months
            English Instructions: 
            Calculated at household level.
            Target: 
             Both males and females 0 YEARS -
			150 YEARS"	"Adult food security category
            English Text: 
            Adult food security category for last 12 months
            English Instructions: 
            Calculated at household level.
            Target: 
             Both males and females 0 YEARS -
			150 YEARS"				FALSE	False
FSD151	FSQ_L	"HH Emergency food received
            English Text: 
            In the last 12 months, did {you/you or any member of your household} ever get emergency food from a church, a food pantry, or a food bank, or eat in a soup kitchen?
            English Instructions: 
            Collected at household level.
            Target: 
             Both males and females 0 YEARS -
			150 YEARS"	"HH Emergency food received
            English Text: 
            In the last 12 months, did {you/you or any member of your household} ever get emergency food from a church, a food pantry, or a food bank, or eat in a soup kitchen?
            English Instructions: 
            Collected at household level.
            Target: 
             Both males and females 0 YEARS -
			150 YEARS"				FALSE	False
FSQ165	FSQ_L	"HH FS benefit: ever received
            English Text: 
            The next questions are about SNAP, the Supplemental Nutrition Assistance Program, formerly known as the Food Stamp Program. SNAP benefits are provided on an electronic debit card {or EBT card} {called the {DISPLAY STATE NAME FOR EBT CARD}} card in STATE}. Have {you/you or anyone in your household} ever received SNAP or Food Stamp benefits?
            English Instructions: 
            Collected at household level.
            Target: 
             Both males and females 0 YEARS -
			150 YEARS"	"HH FS benefit: ever received
            English Text: 
            The next questions are about SNAP, the Supplemental Nutrition Assistance Program, formerly known as the Food Stamp Program. SNAP benefits are provided on an electronic debit card {or EBT card} {called the {DISPLAY STATE NAME FOR EBT CARD}} card in STATE}. Have {you/you or anyone in your household} ever received SNAP or Food Stamp benefits?
            English Instructions: 
            Collected at household level.
            Target: 
             Both males and females 0 YEARS -
			150 YEARS"				FALSE	False
FSD165N	FSQ_L	"HH FS benefit: # of people ever received
            English Text: 
            How many people in your household ever received SNAP or Food Stamp benefits?
            English Instructions: 
            Collected at household level.
            Target: 
             Both males and females 0 YEARS -
			150 YEARS"	"HH FS benefit: # of people ever received
            English Text: 
            How many people in your household ever received SNAP or Food Stamp benefits?
            English Instructions: 
            Collected at household level.
            Target: 
             Both males and females 0 YEARS -
			150 YEARS"				FALSE	False
FSQ012	FSQ_L	"HH FS benefit: receive in last 12 months
            English Text: 
            In the last 12 months, did {you/you or any member of your household} receive SNAP or Food Stamp benefits?
            English Instructions: 
            Collected at household level.
            Target: 
             Both males and females 0 YEARS -
			150 YEARS"	"HH FS benefit: receive in last 12 months
            English Text: 
            In the last 12 months, did {you/you or any member of your household} receive SNAP or Food Stamp benefits?
            English Instructions: 
            Collected at household level.
            Target: 
             Both males and females 0 YEARS -
			150 YEARS"				FALSE	False
FSD012N	FSQ_L	"HH FS benefit: # of people received(12m)
            English Text: 
            In the last 12 months, how many people in your household received SNAP or Food Stamp benefits?
            English Instructions: 
            Collected on household level.
            Target: 
             Both males and females 0 YEARS -
			150 YEARS"	"HH FS benefit: # of people received(12m)
            English Text: 
            In the last 12 months, how many people in your household received SNAP or Food Stamp benefits?
            English Instructions: 
            Collected on household level.
            Target: 
             Both males and females 0 YEARS -
			150 YEARS"				FALSE	False
FSD230	FSQ_L	"HH FS benefit: currently receive
            English Text: 
            {Do you/Does any member of your household} currently receive SNAP or Food Stamp benefits?
            English Instructions: 
            Collected at household level.
            Target: 
             Both males and females 0 YEARS -
			150 YEARS"	"HH FS benefit: currently receive
            English Text: 
            {Do you/Does any member of your household} currently receive SNAP or Food Stamp benefits?
            English Instructions: 
            Collected at household level.
            Target: 
             Both males and females 0 YEARS -
			150 YEARS"				FALSE	False
FSD230N	FSQ_L	"HH FS benefit: #people currently receive
            English Text: 
            How many people in your household currently receive SNAP or Food Stamp benefits?
            English Instructions: 
            Collected at household level.
            Target: 
             Both males and females 0 YEARS -
			150 YEARS"	"HH FS benefit: #people currently receive
            English Text: 
            How many people in your household currently receive SNAP or Food Stamp benefits?
            English Instructions: 
            Collected at household level.
            Target: 
             Both males and females 0 YEARS -
			150 YEARS"				FALSE	False
FSD795	FSQ_L	"HH FS benefit: # of months received
            English Text: 
            During the past 12 months, for how many months did {you/{NAME(S)}} get Food Stamps?
            English Instructions: 
            Calculated at household level.
            Target: 
             Both males and females 0 YEARS -
			150 YEARS"	"HH FS benefit: # of months received
            English Text: 
            During the past 12 months, for how many months did {you/{NAME(S)}} get Food Stamps?
            English Instructions: 
            Calculated at household level.
            Target: 
             Both males and females 0 YEARS -
			150 YEARS"				FALSE	False
FSD225	FSQ_L	"HH FS benefit: time since last received
            English Text: 
            Number of days between the time the household last received Food Stamp benefit and the date of interview.
            English Instructions: 
            Calculated at household level.
            Target: 
             Both males and females 0 YEARS -
			150 YEARS"	"HH FS benefit: time since last received
            English Text: 
            Number of days between the time the household last received Food Stamp benefit and the date of interview.
            English Instructions: 
            Calculated at household level.
            Target: 
             Both males and females 0 YEARS -
			150 YEARS"				FALSE	False
FSD235	FSQ_L	"HH FS benefit: amount received last time
            English Text: 
            How much did {you/your household} receive in food stamp benefits the last time you got them?
ENTER DOLLAR AMOUNT.
            English Instructions: 
            Collected at household level.
            Target: 
             Both males and females 0 YEARS -
			150 YEARS"	"HH FS benefit: amount received last time
            English Text: 
            How much did {you/your household} receive in food stamp benefits the last time you got them?
ENTER DOLLAR AMOUNT.
            English Instructions: 
            Collected at household level.
            Target: 
             Both males and females 0 YEARS -
			150 YEARS"				FALSE	False
FSQBOX5	FSQ_L	CHECK ITEM	CHECK ITEM		"Both males and females 0 YEARS -
			150 YEARS"		FALSE	False
FSD162	FSQ_L	"HH WIC benefit: receive in last 12 month
            English Text: 
            Next are a few questions about the WIC program, that is, the Women, Infants and Children program. In the last 12 months, did {you/you or any member of your household} receive benefits from the WIC program?
            English Instructions: 
            Collected at household level.
            Target: 
             Both males and females 0 YEARS -
			150 YEARS"	"HH WIC benefit: receive in last 12 month
            English Text: 
            Next are a few questions about the WIC program, that is, the Women, Infants and Children program. In the last 12 months, did {you/you or any member of your household} receive benefits from the WIC program?
            English Instructions: 
            Collected at household level.
            Target: 
             Both males and females 0 YEARS -
			150 YEARS"				FALSE	False
FSQ760	FSQ_L	"HH WIC benefit: received in last 30 days
            English Text: 
            Did {you/you or anyone who lives here} receive WIC benefits in the past 30 days? {Here is the list of children 5 years and younger and women ages 12 to 59 years who live here, let me read it to you.}
            English Instructions: 
            Collected at household level.
            Target: 
             Both males and females 0 YEARS -
			150 YEARS"	"HH WIC benefit: received in last 30 days
            English Text: 
            Did {you/you or anyone who lives here} receive WIC benefits in the past 30 days? {Here is the list of children 5 years and younger and women ages 12 to 59 years who live here, let me read it to you.}
            English Instructions: 
            Collected at household level.
            Target: 
             Both males and females 0 YEARS -
			150 YEARS"				FALSE	False
FSD760N	FSQ_L	"HH WIC benefit: no. people received
            English Text: 
            How many people in your household received WIC in the past 30 days?
            English Instructions: 
            Collected at household level.
            Target: 
             Both males and females 0 YEARS -
			150 YEARS"	"HH WIC benefit: no. people received
            English Text: 
            How many people in your household received WIC in the past 30 days?
            English Instructions: 
            Collected at household level.
            Target: 
             Both males and females 0 YEARS -
			150 YEARS"				FALSE	False
FSQBOX6	FSQ_L	CHECK ITEM	CHECK ITEM		"Both males and females 0 YEARS -
			150 YEARS"		FALSE	False
FSQ653	FSQ_L	"CH WIC benefit: ever received
            English Text: 
            Next are a few questions about the WIC program. Has {SP} ever received benefits from WIC, that is, the Women, Infants, and Children program?
            English Instructions: 
            Collected at individual level in the household interview.
            Target: 
             Both males and females 0 YEARS -
			5 YEARS"	"CH WIC benefit: ever received
            English Text: 
            Next are a few questions about the WIC program. Has {SP} ever received benefits from WIC, that is, the Women, Infants, and Children program?
            English Instructions: 
            Collected at individual level in the household interview.
            Target: 
             Both males and females 0 YEARS -
			5 YEARS"				FALSE	False
FSD660ZC	FSQ_L	"CH WIC benefit: currently receive
            English Text: 
            Is {SP} now receiving benefits from the WIC program?
            English Instructions: 
            Collected at individual level in the household interview.
            Target: 
             Both males and females 0 YEARS -
			5 YEARS"	"CH WIC benefit: currently receive
            English Text: 
            Is {SP} now receiving benefits from the WIC program?
            English Instructions: 
            Collected at individual level in the household interview.
            Target: 
             Both males and females 0 YEARS -
			5 YEARS"				FALSE	False
FSD675	FSQ_L	"CH WIC benefit: received in infancy
            English Text: 
            Did {SP} receive benefits from WIC when {he/she} was less than one year old?
            English Instructions: 
            Collected at individual level in the household interview.
            Target: 
             Both males and females 0 YEARS -
			5 YEARS"	"CH WIC benefit: received in infancy
            English Text: 
            Did {SP} receive benefits from WIC when {he/she} was less than one year old?
            English Instructions: 
            Collected at individual level in the household interview.
            Target: 
             Both males and females 0 YEARS -
			5 YEARS"				FALSE	False
FSD680	FSQ_L	"CH WIC benefit: received b/w 1-4 yrs old
            English Text: 
            Did {SP} receive benefits from WIC when {he/she} {was/is} between the ages of {1 to {SP AGE/4} years old/12 to {SP AGE} months old}?
            English Instructions: 
            Collected at individual level in the household interview.
            Target: 
             Both males and females 1 YEARS -
			5 YEARS"	"CH WIC benefit: received b/w 1-4 yrs old
            English Text: 
            Did {SP} receive benefits from WIC when {he/she} {was/is} between the ages of {1 to {SP AGE/4} years old/12 to {SP AGE} months old}?
            English Instructions: 
            Collected at individual level in the household interview.
            Target: 
             Both males and females 1 YEARS -
			5 YEARS"				FALSE	False
FSD670ZC	FSQ_L	"CH WIC benefit: # of months received
            English Text: 
            How long {did SP receive/has SP been receiving} benefits from the WIC program?
            English Instructions: 
            Collected at individual level in the household interview.
            Target: 
             Both males and females 0 YEARS -
			5 YEARS"	"CH WIC benefit: # of months received
            English Text: 
            How long {did SP receive/has SP been receiving} benefits from the WIC program?
            English Instructions: 
            Collected at individual level in the household interview.
            Target: 
             Both males and females 0 YEARS -
			5 YEARS"				FALSE	False
FSQ690	FSQ_L	"CH WIC benefit: Mom received while preg.
            English Text: 
            Did {SP's} mother receive benefits from WIC, while she was pregnant with {SP}?
            English Instructions: 
            Collected at individual level in the household interview.
            Target: 
             Both males and females 0 YEARS -
			5 YEARS"	"CH WIC benefit: Mom received while preg.
            English Text: 
            Did {SP's} mother receive benefits from WIC, while she was pregnant with {SP}?
            English Instructions: 
            Collected at individual level in the household interview.
            Target: 
             Both males and females 0 YEARS -
			5 YEARS"				FALSE	False
FSQ695	FSQ_L	"CH WIC benefit: starting month of preg.
            English Text: 
            What month of the pregnancy did {SP's} mother begin to receive WIC benefits?
            English Instructions: 
            Collected at individual level in the household interview.
            Target: 
             Both males and females 0 YEARS -
			5 YEARS"	"CH WIC benefit: starting month of preg.
            English Text: 
            What month of the pregnancy did {SP's} mother begin to receive WIC benefits?
            English Instructions: 
            Collected at individual level in the household interview.
            Target: 
             Both males and females 0 YEARS -
			5 YEARS"				FALSE	False
SEQN	FNQ_L	"Respondent sequence number
            English Text: 
            Respondent sequence number.
            Target: 
             Both males and females 5 YEARS -
			150 YEARS"	"Respondent sequence number
            English Text: 
            Respondent sequence number.
            Target: 
             Both males and females 5 YEARS -
			150 YEARS"				FALSE	False
FNQ005	FNQ_L	CHECK ITEM	CHECK ITEM		"Both males and females 5 YEARS -
			150 YEARS"		FALSE	False
FNQ021	FNQ_L	"Difficulty seeing even w/glasses
            English Text: 
            Please look at card FNQ1. I would like to ask you some questions about difficulties {you/SP} may have.
{Do you/Does SP} have difficulty seeing even if wearing glasses or contact lenses? Would you say {you have/SP has}: no difficulty, some difficulty, a lot of difficulty, or cannot do at all?
            English Instructions: 
            HAND CARD FNQ1
            Target: 
             Both males and females 5 YEARS -
			17 YEARS"	"Difficulty seeing even w/glasses
            English Text: 
            Please look at card FNQ1. I would like to ask you some questions about difficulties {you/SP} may have.
{Do you/Does SP} have difficulty seeing even if wearing glasses or contact lenses? Would you say {you have/SP has}: no difficulty, some difficulty, a lot of difficulty, or cannot do at all?
            English Instructions: 
            HAND CARD FNQ1
            Target: 
             Both males and females 5 YEARS -
			17 YEARS"				FALSE	False
FNQ041	FNQ_L	"Difficulty hearing even w/hearing aids
            English Text: 
            {Do you/Does SP} have difficulty hearing sounds like peoples' voices or music even if using a hearing aid? [Would you say {you have/SP has}: no difficulty, some difficulty, a lot of difficulty, or cannot do at all?]
            English Instructions: 
            HAND CARD FNQ1
            Target: 
             Both males and females 5 YEARS -
			17 YEARS"	"Difficulty hearing even w/hearing aids
            English Text: 
            {Do you/Does SP} have difficulty hearing sounds like peoples' voices or music even if using a hearing aid? [Would you say {you have/SP has}: no difficulty, some difficulty, a lot of difficulty, or cannot do at all?]
            English Instructions: 
            HAND CARD FNQ1
            Target: 
             Both males and females 5 YEARS -
			17 YEARS"				FALSE	False
FNQ050	FNQ_L	"Use equip or assistance for walking
            English Text: 
            {Do you/Does SP} use any equipment or receive assistance for walking?
            Target: 
             Both males and females 5 YEARS -
			17 YEARS"	"Use equip or assistance for walking
            English Text: 
            {Do you/Does SP} use any equipment or receive assistance for walking?
            Target: 
             Both males and females 5 YEARS -
			17 YEARS"				FALSE	False
FNQ060	FNQ_L	"Difficulty walking 100 yds w/o equipment
            English Text: 
            Please look at card FNQ2. Without {your/his/her/SP's} equipment or assistance, {do you/does SP} have difficulty walking 100 yards/meters on level ground? That would be about the length of 1 football field. Would you say {you have/SP has}: some difficulty, a lot of difficulty, or cannot do at all?
            English Instructions: 
            HAND CARD FNQ2
            Target: 
             Both males and females 5 YEARS -
			17 YEARS"	"Difficulty walking 100 yds w/o equipment
            English Text: 
            Please look at card FNQ2. Without {your/his/her/SP's} equipment or assistance, {do you/does SP} have difficulty walking 100 yards/meters on level ground? That would be about the length of 1 football field. Would you say {you have/SP has}: some difficulty, a lot of difficulty, or cannot do at all?
            English Instructions: 
            HAND CARD FNQ2
            Target: 
             Both males and females 5 YEARS -
			17 YEARS"				FALSE	False
FNQ080	FNQ_L	"Difficulty walking 100 yards
            English Text: 
            Please look at card FNQ1, again. Compared with children of the same age, {do you/does SP} have difficulty walking 100 yards/meters on level ground? That would be about the length of 1 football field. [Would you say {you have/SP has}: no difficulty, some difficulty, a lot of difficulty, or cannot do at all?]
            English Instructions: 
            HAND CARD FNQ1
            Target: 
             Both males and females 5 YEARS -
			17 YEARS"	"Difficulty walking 100 yards
            English Text: 
            Please look at card FNQ1, again. Compared with children of the same age, {do you/does SP} have difficulty walking 100 yards/meters on level ground? That would be about the length of 1 football field. [Would you say {you have/SP has}: no difficulty, some difficulty, a lot of difficulty, or cannot do at all?]
            English Instructions: 
            HAND CARD FNQ1
            Target: 
             Both males and females 5 YEARS -
			17 YEARS"				FALSE	False
FNQ160	FNQ_L	"Difficulty with self-care
            English Text: 
            {Turn back to card FNQ1.} {Do you/Does SP} have difficulty with self-care such as feeding or dressing {yourself/himself/herself/SP}? [Would you say {you have/SP has}: no difficulty, some difficulty, a lot of difficulty, or cannot do at all?]
            English Instructions: 
            HAND CARD FNQ1.  CAPI INSTRUCTIONS; DISPLAY ""Turn back to card FNQ1."" IF FNQ.050 = 1.
            Target: 
             Both males and females 5 YEARS -
			17 YEARS"	"Difficulty with self-care
            English Text: 
            {Turn back to card FNQ1.} {Do you/Does SP} have difficulty with self-care such as feeding or dressing {yourself/himself/herself/SP}? [Would you say {you have/SP has}: no difficulty, some difficulty, a lot of difficulty, or cannot do at all?]
            English Instructions: 
            HAND CARD FNQ1.  CAPI INSTRUCTIONS; DISPLAY ""Turn back to card FNQ1."" IF FNQ.050 = 1.
            Target: 
             Both males and females 5 YEARS -
			17 YEARS"				FALSE	False
FNQ100	FNQ_L	"Difficulty being understood inside HH
            English Text: 
            When {you speak/SP speaks}, {do you/does he/does she/does SP} have difficulty being understood by people inside of this household? [Would you say {you have/SP has}: no difficulty, some difficulty, a lot of difficulty, or cannot do at all?]
            English Instructions: 
            HAND CARD FNQ1
            Target: 
             Both males and females 5 YEARS -
			17 YEARS"	"Difficulty being understood inside HH
            English Text: 
            When {you speak/SP speaks}, {do you/does he/does she/does SP} have difficulty being understood by people inside of this household? [Would you say {you have/SP has}: no difficulty, some difficulty, a lot of difficulty, or cannot do at all?]
            English Instructions: 
            HAND CARD FNQ1
            Target: 
             Both males and females 5 YEARS -
			17 YEARS"				FALSE	False
FNQ110	FNQ_L	"Difficulty being understood outside HH
            English Text: 
            When {you speak/SP speaks}, {do you/does he/does she/does SP} have difficulty being understood by people outside of this household? [Would you say {you have/SP has}: no difficulty, some difficulty, a lot of difficulty, or cannot do at all?]
            English Instructions: 
            HAND CARD FNQ1
            Target: 
             Both males and females 5 YEARS -
			17 YEARS"	"Difficulty being understood outside HH
            English Text: 
            When {you speak/SP speaks}, {do you/does he/does she/does SP} have difficulty being understood by people outside of this household? [Would you say {you have/SP has}: no difficulty, some difficulty, a lot of difficulty, or cannot do at all?]
            English Instructions: 
            HAND CARD FNQ1
            Target: 
             Both males and females 5 YEARS -
			17 YEARS"				FALSE	False
FNQ120	FNQ_L	"Difficulty learning things
            English Text: 
            Compared with children of the same age, {do you/does SP} have difficulty learning things? [Would you say {you have/SP has}: no difficulty, some difficulty, a lot of difficulty, or cannot do at all?]
            English Instructions: 
            HAND CARD FNQ1
            Target: 
             Both males and females 5 YEARS -
			17 YEARS"	"Difficulty learning things
            English Text: 
            Compared with children of the same age, {do you/does SP} have difficulty learning things? [Would you say {you have/SP has}: no difficulty, some difficulty, a lot of difficulty, or cannot do at all?]
            English Instructions: 
            HAND CARD FNQ1
            Target: 
             Both males and females 5 YEARS -
			17 YEARS"				FALSE	False
FNQ170	FNQ_L	"Difficulty remembering things
            English Text: 
            Compared with children of the same age, {do you/does SP} have difficulty remembering things? [Would you say {you have/SP has}: no difficulty, some difficulty, a lot of difficulty, or cannot do at all?]
            English Instructions: 
            HAND CARD FNQ1
            Target: 
             Both males and females 5 YEARS -
			17 YEARS"	"Difficulty remembering things
            English Text: 
            Compared with children of the same age, {do you/does SP} have difficulty remembering things? [Would you say {you have/SP has}: no difficulty, some difficulty, a lot of difficulty, or cannot do at all?]
            English Instructions: 
            HAND CARD FNQ1
            Target: 
             Both males and females 5 YEARS -
			17 YEARS"				FALSE	False
FNQ180	FNQ_L	"Difficulty concentrating
            English Text: 
            {Do you/Does SP} have difficulty concentrating on an activity that {you enjoy/he enjoys/she enjoys/SP enjoys} doing? [Would you say {you have/SP has}: no difficulty, some difficulty, a lot of difficulty, or cannot do at all?]
            English Instructions: 
            HAND CARD FNQ1
            Target: 
             Both males and females 5 YEARS -
			17 YEARS"	"Difficulty concentrating
            English Text: 
            {Do you/Does SP} have difficulty concentrating on an activity that {you enjoy/he enjoys/she enjoys/SP enjoys} doing? [Would you say {you have/SP has}: no difficulty, some difficulty, a lot of difficulty, or cannot do at all?]
            English Instructions: 
            HAND CARD FNQ1
            Target: 
             Both males and females 5 YEARS -
			17 YEARS"				FALSE	False
FNQ190	FNQ_L	"Difficulty accepting change
            English Text: 
            {Do you/Does SP} have difficulty accepting changes in {your/his/her/SP's} routine? [Would you say {you have/SP has}: no difficulty, some difficulty, a lot of difficulty, or cannot do at all?]
            English Instructions: 
            HAND CARD FNQ1
            Target: 
             Both males and females 5 YEARS -
			17 YEARS"	"Difficulty accepting change
            English Text: 
            {Do you/Does SP} have difficulty accepting changes in {your/his/her/SP's} routine? [Would you say {you have/SP has}: no difficulty, some difficulty, a lot of difficulty, or cannot do at all?]
            English Instructions: 
            HAND CARD FNQ1
            Target: 
             Both males and females 5 YEARS -
			17 YEARS"				FALSE	False
FNQ130	FNQ_L	"Difficulty controlling behavior
            English Text: 
            Compared with children of the same age, {do you/does SP} have difficulty controlling {your/his/her/SP's} behavior? [Would you say {you have/SP has}: no difficulty, some difficulty, a lot of difficulty, or cannot do at all?]
            English Instructions: 
            HAND CARD FNQ1
            Target: 
             Both males and females 5 YEARS -
			17 YEARS"	"Difficulty controlling behavior
            English Text: 
            Compared with children of the same age, {do you/does SP} have difficulty controlling {your/his/her/SP's} behavior? [Would you say {you have/SP has}: no difficulty, some difficulty, a lot of difficulty, or cannot do at all?]
            English Instructions: 
            HAND CARD FNQ1
            Target: 
             Both males and females 5 YEARS -
			17 YEARS"				FALSE	False
FNQ200	FNQ_L	"Difficulty making friends
            English Text: 
            {Do you/Does SP} have difficulty making friends? [Would you say {you have/SP has}: no difficulty, some difficulty, a lot of difficulty, or cannot do at all?]
            English Instructions: 
            HAND CARD FNQ1
            Target: 
             Both males and females 5 YEARS -
			17 YEARS"	"Difficulty making friends
            English Text: 
            {Do you/Does SP} have difficulty making friends? [Would you say {you have/SP has}: no difficulty, some difficulty, a lot of difficulty, or cannot do at all?]
            English Instructions: 
            HAND CARD FNQ1
            Target: 
             Both males and females 5 YEARS -
			17 YEARS"				FALSE	False
FNQ140	FNQ_L	"How often very anxious/nervous/worried
            English Text: 
            How often {do you feel/does SP seem} very anxious, nervous or worried? Would you say daily, weekly, monthly, a few times a year or never?
            Target: 
             Both males and females 5 YEARS -
			17 YEARS"	"How often very anxious/nervous/worried
            English Text: 
            How often {do you feel/does SP seem} very anxious, nervous or worried? Would you say daily, weekly, monthly, a few times a year or never?
            Target: 
             Both males and females 5 YEARS -
			17 YEARS"				FALSE	False
FNQ150	FNQ_L	"How often very sad/depressed
            English Text: 
            How often {do you feel/does SP seem} very sad or depressed? Would you say daily, weekly, monthly, a few times a year or never?
            Target: 
             Both males and females 5 YEARS -
			17 YEARS"	"How often very sad/depressed
            English Text: 
            How often {do you feel/does SP seem} very sad or depressed? Would you say daily, weekly, monthly, a few times a year or never?
            Target: 
             Both males and females 5 YEARS -
			17 YEARS"				FALSE	False
FNDCDI	FNQ_L	"CFM Disability Indicator for 5-17 years
            English Text: 
            CFM Disability Indicator for 5-17 years
            English Instructions: 
            Washington Group/United Nations Children’s Fund (UNICEF) – Child Functioning Module (CFM) Disability Indicator-Ages 5-17 – Derived Variable
            Target: 
             Both males and females 5 YEARS -
			17 YEARS"	"CFM Disability Indicator for 5-17 years
            English Text: 
            CFM Disability Indicator for 5-17 years
            English Instructions: 
            Washington Group/United Nations Children’s Fund (UNICEF) – Child Functioning Module (CFM) Disability Indicator-Ages 5-17 – Derived Variable
            Target: 
             Both males and females 5 YEARS -
			17 YEARS"				FALSE	False
FNQ410	FNQ_L	"Difficulty seeing even w/glasses
            English Text: 
            Please look at card FNQ1. The next questions ask about difficulties {you/SP} may have doing certain activities because of a health problem. {Do you/Does SP} have difficulty seeing even if wearing glasses or contact lenses? Would you say no difficulty, some difficulty, a lot of difficulty, or {you/he/she/SP} cannot do this at all?
            English Instructions: 
            HAND CARD FNQ1
            Target: 
             Both males and females 18 YEARS -
			150 YEARS"	"Difficulty seeing even w/glasses
            English Text: 
            Please look at card FNQ1. The next questions ask about difficulties {you/SP} may have doing certain activities because of a health problem. {Do you/Does SP} have difficulty seeing even if wearing glasses or contact lenses? Would you say no difficulty, some difficulty, a lot of difficulty, or {you/he/she/SP} cannot do this at all?
            English Instructions: 
            HAND CARD FNQ1
            Target: 
             Both males and females 18 YEARS -
			150 YEARS"				FALSE	False
FNQ430	FNQ_L	"Difficulty hearing even w/hearing aids
            English Text: 
            {Do you/Does SP} have difficulty hearing even if using a hearing aid? [Would you say no difficulty, some difficulty, a lot of difficulty, or {you/he/she/SP} cannot do this at all?]
            English Instructions: 
            HAND CARD FNQ1
            Target: 
             Both males and females 18 YEARS -
			150 YEARS"	"Difficulty hearing even w/hearing aids
            English Text: 
            {Do you/Does SP} have difficulty hearing even if using a hearing aid? [Would you say no difficulty, some difficulty, a lot of difficulty, or {you/he/she/SP} cannot do this at all?]
            English Instructions: 
            HAND CARD FNQ1
            Target: 
             Both males and females 18 YEARS -
			150 YEARS"				FALSE	False
FNQ440	FNQ_L	"Difficulty walking or climbing steps
            English Text: 
            {Do you/Does SP} have difficulty walking or climbing steps? [Would you say no difficulty, some difficulty, a lot of difficulty, or {you/he/she/SP} cannot do this at all?]
            English Instructions: 
            HAND CARD FNQ1
            Target: 
             Both males and females 18 YEARS -
			150 YEARS"	"Difficulty walking or climbing steps
            English Text: 
            {Do you/Does SP} have difficulty walking or climbing steps? [Would you say no difficulty, some difficulty, a lot of difficulty, or {you/he/she/SP} cannot do this at all?]
            English Instructions: 
            HAND CARD FNQ1
            Target: 
             Both males and females 18 YEARS -
			150 YEARS"				FALSE	False
FNQ450	FNQ_L	"Difficulty communicating
            English Text: 
            Using {your/his/her/SP's} usual language, {do you/does SP} have difficulty communicating, for example, understanding or being understood? [Would you say no difficulty, some difficulty, a lot of difficulty, or {you/he/she/SP} cannot do this at all?]
            English Instructions: 
            HAND CARD FNQ1
            Target: 
             Both males and females 18 YEARS -
			150 YEARS"	"Difficulty communicating
            English Text: 
            Using {your/his/her/SP's} usual language, {do you/does SP} have difficulty communicating, for example, understanding or being understood? [Would you say no difficulty, some difficulty, a lot of difficulty, or {you/he/she/SP} cannot do this at all?]
            English Instructions: 
            HAND CARD FNQ1
            Target: 
             Both males and females 18 YEARS -
			150 YEARS"				FALSE	False
FNQ460	FNQ_L	"Difficulty remembering or concentrating
            English Text: 
            {Do you/Does SP} have difficulty remembering or concentrating? [Would you say no difficulty, some difficulty, a lot of difficulty, or {you/he/she/SP} cannot do this at all?]
            English Instructions: 
            HAND CARD FNQ1
            Target: 
             Both males and females 18 YEARS -
			150 YEARS"	"Difficulty remembering or concentrating
            English Text: 
            {Do you/Does SP} have difficulty remembering or concentrating? [Would you say no difficulty, some difficulty, a lot of difficulty, or {you/he/she/SP} cannot do this at all?]
            English Instructions: 
            HAND CARD FNQ1
            Target: 
             Both males and females 18 YEARS -
			150 YEARS"				FALSE	False
FNQ470	FNQ_L	"Difficulty with self-care
            English Text: 
            {Do you/Does SP} have difficulty with self-care, such as washing all over and dressing? [Would you say no difficulty, some difficulty, a lot of difficulty, or {you/he/she/SP} cannot do this at all?]
            English Instructions: 
            HAND CARD FNQ1
            Target: 
             Both males and females 18 YEARS -
			150 YEARS"	"Difficulty with self-care
            English Text: 
            {Do you/Does SP} have difficulty with self-care, such as washing all over and dressing? [Would you say no difficulty, some difficulty, a lot of difficulty, or {you/he/she/SP} cannot do this at all?]
            English Instructions: 
            HAND CARD FNQ1
            Target: 
             Both males and females 18 YEARS -
			150 YEARS"				FALSE	False
FNQ480	FNQ_L	"Difficulty raising a 2-liter bottle
            English Text: 
            {Do you/Does SP} have difficulty raising a 2 liter bottle of water or soda from waist to eye level? [Would you say no difficulty, some difficulty, a lot of difficulty, or {you/he/she/SP} cannot do this at all?]
            English Instructions: 
            HAND CARD FNQ1
            Target: 
             Both males and females 18 YEARS -
			150 YEARS"	"Difficulty raising a 2-liter bottle
            English Text: 
            {Do you/Does SP} have difficulty raising a 2 liter bottle of water or soda from waist to eye level? [Would you say no difficulty, some difficulty, a lot of difficulty, or {you/he/she/SP} cannot do this at all?]
            English Instructions: 
            HAND CARD FNQ1
            Target: 
             Both males and females 18 YEARS -
			150 YEARS"				FALSE	False
FNQ490	FNQ_L	"Difficulty using hands and fingers
            English Text: 
            {Do you/Does SP} have difficulty using {your/his/her/SP's} hands and fingers, such as picking up small objects, for example, a button or pencil, or opening or closing containers or bottles? [Would you say no difficulty, some difficulty, a lot of difficulty, or {you/he/she/SP} cannot do this at all?]
            English Instructions: 
            HAND CARD FNQ1
            Target: 
             Both males and females 18 YEARS -
			150 YEARS"	"Difficulty using hands and fingers
            English Text: 
            {Do you/Does SP} have difficulty using {your/his/her/SP's} hands and fingers, such as picking up small objects, for example, a button or pencil, or opening or closing containers or bottles? [Would you say no difficulty, some difficulty, a lot of difficulty, or {you/he/she/SP} cannot do this at all?]
            English Instructions: 
            HAND CARD FNQ1
            Target: 
             Both males and females 18 YEARS -
			150 YEARS"				FALSE	False
FNQ510	FNQ_L	"How often feel worried/nervous/anxious
            English Text: 
            How often {do you/does SP} feel worried, nervous, or anxious? Would you say. . .
            Target: 
             Both males and females 18 YEARS -
			150 YEARS"	"How often feel worried/nervous/anxious
            English Text: 
            How often {do you/does SP} feel worried, nervous, or anxious? Would you say. . .
            Target: 
             Both males and females 18 YEARS -
			150 YEARS"				FALSE	False
FNQ520	FNQ_L	"Level of feeling worried/nervous/anxious
            English Text: 
            Thinking about the last time {you/SP} felt worried, nervous, or anxious, how would {you/he/she/SP} describe the level of these feelings? Would you say . . .
            Target: 
             Both males and females 18 YEARS -
			150 YEARS"	"Level of feeling worried/nervous/anxious
            English Text: 
            Thinking about the last time {you/SP} felt worried, nervous, or anxious, how would {you/he/she/SP} describe the level of these feelings? Would you say . . .
            Target: 
             Both males and females 18 YEARS -
			150 YEARS"				FALSE	False
FNQ530	FNQ_L	"How often feel depressed
            English Text: 
            How often {do you/does SP} feel depressed? Would you say. . .
            Target: 
             Both males and females 18 YEARS -
			150 YEARS"	"How often feel depressed
            English Text: 
            How often {do you/does SP} feel depressed? Would you say. . .
            Target: 
             Both males and females 18 YEARS -
			150 YEARS"				FALSE	False
FNQ540	FNQ_L	"Level of feeling depressed
            English Text: 
            Thinking about the last time {you/SP} felt depressed, how depressed did {you/he/she/SP} feel? Would you say. . .
            Target: 
             Both males and females 18 YEARS -
			150 YEARS"	"Level of feeling depressed
            English Text: 
            Thinking about the last time {you/SP} felt depressed, how depressed did {you/he/she/SP} feel? Would you say. . .
            Target: 
             Both males and females 18 YEARS -
			150 YEARS"				FALSE	False
FNDADI	FNQ_L	"WG-SS Disability Indicator 18+
            English Text: 
            WG-SS Disability Indicator 18+
            English Instructions: 
            Washington Group – Short Set on Functioning Questionnaire (WG-SS) Adult Disability Indicator – Derived Variable
            Target: 
             Both males and females 18 YEARS -
			150 YEARS"	"WG-SS Disability Indicator 18+
            English Text: 
            WG-SS Disability Indicator 18+
            English Instructions: 
            Washington Group – Short Set on Functioning Questionnaire (WG-SS) Adult Disability Indicator – Derived Variable
            Target: 
             Both males and females 18 YEARS -
			150 YEARS"				FALSE	False
FNDAEDI	FNQ_L	"WG-SS Enhanced Disability Indicator 18+
            English Text: 
            WG-SS Enhanced Disability Indicator 18+
            English Instructions: 
            Washington Group Short Set on Functioning – Enhanced Questionnaire (WG-SS Enhanced)-Adult Enhanced Disability Indicator – Derived Variable
            Target: 
             Both males and females 18 YEARS -
			150 YEARS"	"WG-SS Enhanced Disability Indicator 18+
            English Text: 
            WG-SS Enhanced Disability Indicator 18+
            English Instructions: 
            Washington Group Short Set on Functioning – Enhanced Questionnaire (WG-SS Enhanced)-Adult Enhanced Disability Indicator – Derived Variable
            Target: 
             Both males and females 18 YEARS -
			150 YEARS"				FALSE	False
SEQN	HIQ_L	"Respondent sequence number
            English Text: 
            Respondent sequence number.
            Target: 
             Both males and females 0 YEARS -
			150 YEARS"	"Respondent sequence number
            English Text: 
            Respondent sequence number.
            Target: 
             Both males and females 0 YEARS -
			150 YEARS"				FALSE	False
HIQ011	HIQ_L	"Covered by health insurance
            English Text: 
            {Are you/Is SP} covered by health insurance or some other kind of health care plan?  [Include health insurance obtained through employment or purchased directly as well as government programs like Medicare and Medicaid that provide medical care or help pay medical bills.]
            Target: 
             Both males and females 0 YEARS -
			150 YEARS"	"Covered by health insurance
            English Text: 
            {Are you/Is SP} covered by health insurance or some other kind of health care plan?  [Include health insurance obtained through employment or purchased directly as well as government programs like Medicare and Medicaid that provide medical care or help pay medical bills.]
            Target: 
             Both males and females 0 YEARS -
			150 YEARS"				FALSE	False
HIQ032A	HIQ_L	"Covered by private insurance
            English Text: 
            {Are you/Is SP} covered by private insurance?
            Target: 
             Both males and females 0 YEARS -
			150 YEARS"	"Covered by private insurance
            English Text: 
            {Are you/Is SP} covered by private insurance?
            Target: 
             Both males and females 0 YEARS -
			150 YEARS"				FALSE	False
HIQ032B	HIQ_L	"Covered by Medicare
            English Text: 
            {Are you/Is SP} covered by Medicare?
            Target: 
             Both males and females 0 YEARS -
			150 YEARS"	"Covered by Medicare
            English Text: 
            {Are you/Is SP} covered by Medicare?
            Target: 
             Both males and females 0 YEARS -
			150 YEARS"				FALSE	False
HIQ032C	HIQ_L	"Covered by Medi-Gap
            English Text: 
            {Are you/Is SP} covered by Medi-Gap?
            Target: 
             Both males and females 0 YEARS -
			150 YEARS"	"Covered by Medi-Gap
            English Text: 
            {Are you/Is SP} covered by Medi-Gap?
            Target: 
             Both males and females 0 YEARS -
			150 YEARS"				FALSE	False
HIQ032D	HIQ_L	"Covered by Medicaid
            English Text: 
            {Are you/Is SP} covered by Medicaid?
            Target: 
             Both males and females 0 YEARS -
			150 YEARS"	"Covered by Medicaid
            English Text: 
            {Are you/Is SP} covered by Medicaid?
            Target: 
             Both males and females 0 YEARS -
			150 YEARS"				FALSE	False
HIQ032E	HIQ_L	"Covered by CHIP
            English Text: 
            {Are you/Is SP} covered by CHIP (Children's Health Insurance Program)?
            Target: 
             Both males and females 0 YEARS -
			150 YEARS"	"Covered by CHIP
            English Text: 
            {Are you/Is SP} covered by CHIP (Children's Health Insurance Program)?
            Target: 
             Both males and females 0 YEARS -
			150 YEARS"				FALSE	False
HIQ032F	HIQ_L	"Covered by military health care
            English Text: 
            {Are you/Is SP} covered by military health plan (Tricare/VA/Champ-VA)?
            Target: 
             Both males and females 0 YEARS -
			150 YEARS"	"Covered by military health care
            English Text: 
            {Are you/Is SP} covered by military health plan (Tricare/VA/Champ-VA)?
            Target: 
             Both males and females 0 YEARS -
			150 YEARS"				FALSE	False
HIQ032H	HIQ_L	"Covered by state-sponsored health plan
            English Text: 
            {Are you/Is SP} covered by state-sponsored health plan?
            Target: 
             Both males and females 0 YEARS -
			150 YEARS"	"Covered by state-sponsored health plan
            English Text: 
            {Are you/Is SP} covered by state-sponsored health plan?
            Target: 
             Both males and females 0 YEARS -
			150 YEARS"				FALSE	False
HIQ032I	HIQ_L	"Covered by other government insurance
            English Text: 
            {Are you/Is SP} covered by other government insurance?
            Target: 
             Both males and females 0 YEARS -
			150 YEARS"	"Covered by other government insurance
            English Text: 
            {Are you/Is SP} covered by other government insurance?
            Target: 
             Both males and females 0 YEARS -
			150 YEARS"				FALSE	False
HIQ210	HIQ_L	"Time when no insurance in past year?
            English Text: 
            In the past 12 months, was there any time when {you/SP} did not have any health insurance coverage?
            Target: 
             Both males and females 0 YEARS -
			150 YEARS"	"Time when no insurance in past year?
            English Text: 
            In the past 12 months, was there any time when {you/SP} did not have any health insurance coverage?
            Target: 
             Both males and females 0 YEARS -
			150 YEARS"				FALSE	False
SEQN	HEQ_L	"Respondent sequence number
            English Text: 
            Respondent sequence number.
            Target: 
             Both males and females 6 YEARS -
			150 YEARS"	"Respondent sequence number
            English Text: 
            Respondent sequence number.
            Target: 
             Both males and females 6 YEARS -
			150 YEARS"				FALSE	False
HEQ010	HEQ_L	"Ever told you have Hepatitis B?
            English Text: 
            Has a doctor or other health professional ever told {you/SP} that {you have/s/he/SP has} Hepatitis B? (Hepatitis is a form of liver disease. Hepatitis B is an infection of the liver from the Hepatitis B virus (HBV).)
            English Instructions: 
            CAPI INSTRUCTION: IF SP AGE &gt;= 16, DISPLAY ""YOU"" AND ""YOU HAVE"". 	IF SP AGE = 12-15 OR &gt;=16 AND PROXY INTERVIEW, DISPLAY ""SP"" AND ""S/HE HAS"". IF SP AGE = 6-11, DISPLAY ""YOU"" AND ""SP HAS"".
INTERVIEWER: DO NOT ACCEPT SELF-DIAGNOSED OR DIAGNOSED BY A PERSON WHO IS NOT A DOCTOR OR OTHER HEALTH PROFESSIONAL.
            Target: 
             Both males and females 6 YEARS -
			150 YEARS"	"Ever told you have Hepatitis B?
            English Text: 
            Has a doctor or other health professional ever told {you/SP} that {you have/s/he/SP has} Hepatitis B? (Hepatitis is a form of liver disease. Hepatitis B is an infection of the liver from the Hepatitis B virus (HBV).)
            English Instructions: 
            CAPI INSTRUCTION: IF SP AGE &gt;= 16, DISPLAY ""YOU"" AND ""YOU HAVE"". 	IF SP AGE = 12-15 OR &gt;=16 AND PROXY INTERVIEW, DISPLAY ""SP"" AND ""S/HE HAS"". IF SP AGE = 6-11, DISPLAY ""YOU"" AND ""SP HAS"".
INTERVIEWER: DO NOT ACCEPT SELF-DIAGNOSED OR DIAGNOSED BY A PERSON WHO IS NOT A DOCTOR OR OTHER HEALTH PROFESSIONAL.
            Target: 
             Both males and females 6 YEARS -
			150 YEARS"				FALSE	False
SEQN	HUQ_L	"Respondent sequence number
            English Text: 
            Respondent sequence number.
            Target: 
             Both males and females 0 YEARS -
			150 YEARS"	"Respondent sequence number
            English Text: 
            Respondent sequence number.
            Target: 
             Both males and females 0 YEARS -
			150 YEARS"				FALSE	False
HUQ010	HUQ_L	"General health condition
            English Text: 
            {First/Next} I have some general questions about {your/SP's} health.  Would you say {your/SP's} health in general is . . .
            English Instructions: 
            CAPI INSTRUCTION:  DISPLAY ""FIRST"" IF SP AGE IS &gt;= 16 YEARS.
            Target: 
             Both males and females 0 YEARS -
			150 YEARS"	"General health condition
            English Text: 
            {First/Next} I have some general questions about {your/SP's} health.  Would you say {your/SP's} health in general is . . .
            English Instructions: 
            CAPI INSTRUCTION:  DISPLAY ""FIRST"" IF SP AGE IS &gt;= 16 YEARS.
            Target: 
             Both males and females 0 YEARS -
			150 YEARS"				FALSE	False
HUQ030	HUQ_L	"Routine place to go for healthcare
            English Text: 
            Is there a place that {you/SP} usually {go/goes} when {you are/he/she is} sick or {you/s/he} need{s} advice about {your/his/her} health?
            English Instructions: 
            CAPI INSTRUCTION:  IF SP AGE &lt; 12, DISPLAY ""YOU"" IN THE FOURTH DISPLAY AND DON'T DISPLAY THE ""S"" IN THE FIFTH DISPLAY.
            Target: 
             Both males and females 0 YEARS -
			150 YEARS"	"Routine place to go for healthcare
            English Text: 
            Is there a place that {you/SP} usually {go/goes} when {you are/he/she is} sick or {you/s/he} need{s} advice about {your/his/her} health?
            English Instructions: 
            CAPI INSTRUCTION:  IF SP AGE &lt; 12, DISPLAY ""YOU"" IN THE FOURTH DISPLAY AND DON'T DISPLAY THE ""S"" IN THE FIFTH DISPLAY.
            Target: 
             Both males and females 0 YEARS -
			150 YEARS"				FALSE	False
HUQ042	HUQ_L	"Type place most often go for healthcare
            English Text: 
            {What kind of place is it/
What kind of place {do you/does SP} go to most often} - a doctor's office or health center; an urgent care center or clinic in a drug store or grocery store; an emergency room; a VA Medical Center or VA outpatient clinic; or some other place?
READ IF NECESSARY: A doctor's office or health center is a place where you see the same doctor or same group of doctors every visit, where you usually need to make an appointment ahead of time, and where your medical records are on file.
READ IF NECESSARY: Urgent care centers, and clinics in a drug store or grocery store are places where you do not need to make an appointment ahead of time, and do not usually see the same health care provider.
            English Instructions: 
            CAPI INSTRUCTION:
IF HUQ030 = 1 DISPLAY ""What kind of place is it 
IF HUQ030 = 3 DISPLAY ""What kind of place {do you/does SP} go to most often
            Target: 
             Both males and females 0 YEARS -
			150 YEARS"	"Type place most often go for healthcare
            English Text: 
            {What kind of place is it/
What kind of place {do you/does SP} go to most often} - a doctor's office or health center; an urgent care center or clinic in a drug store or grocery store; an emergency room; a VA Medical Center or VA outpatient clinic; or some other place?
READ IF NECESSARY: A doctor's office or health center is a place where you see the same doctor or same group of doctors every visit, where you usually need to make an appointment ahead of time, and where your medical records are on file.
READ IF NECESSARY: Urgent care centers, and clinics in a drug store or grocery store are places where you do not need to make an appointment ahead of time, and do not usually see the same health care provider.
            English Instructions: 
            CAPI INSTRUCTION:
IF HUQ030 = 1 DISPLAY ""What kind of place is it 
IF HUQ030 = 3 DISPLAY ""What kind of place {do you/does SP} go to most often
            Target: 
             Both males and females 0 YEARS -
			150 YEARS"				FALSE	False
HUQ055	HUQ_L	"Past 12 months had video conf w/Dr?
            English Text: 
            In past 12 months, {have you/has SP} had an appointment with a doctor, nurse, or other health professional by video conference or by phone?
            Target: 
             Both males and females 0 YEARS -
			150 YEARS"	"Past 12 months had video conf w/Dr?
            English Text: 
            In past 12 months, {have you/has SP} had an appointment with a doctor, nurse, or other health professional by video conference or by phone?
            Target: 
             Both males and females 0 YEARS -
			150 YEARS"				FALSE	False
HUQ085	HUQ_L	CHECK ITEM	CHECK ITEM		"Both males and females 0 YEARS -
			150 YEARS"		FALSE	False
HUQ090	HUQ_L	"Seen mental health professional/past yr
            English Text: 
            During the past 12 months, did {you/SP} receive counseling or therapy from a mental health professional such 
as a psychiatrist, psychologist, psychiatric nurse, or clinical social worker?
            Target: 
             Both males and females 4 YEARS -
			150 YEARS"	"Seen mental health professional/past yr
            English Text: 
            During the past 12 months, did {you/SP} receive counseling or therapy from a mental health professional such 
as a psychiatrist, psychologist, psychiatric nurse, or clinical social worker?
            Target: 
             Both males and females 4 YEARS -
			150 YEARS"				FALSE	False
SEQN	HOQ_L	"Respondent sequence number
            English Text: 
            Respondent sequence number.
            Target: 
             Both males and females 0 YEARS -
			150 YEARS"	"Respondent sequence number
            English Text: 
            Respondent sequence number.
            Target: 
             Both males and females 0 YEARS -
			150 YEARS"				FALSE	False
HOD051	HOQ_L	"Number of rooms in home
            English Text: 
            I would like to ask you about {your/FAMILY SP's} home. 
How many rooms are in {your/FAMILY SP's} home? Count the kitchen and do not count any bathrooms, or an unfinished basement, or a laundry room.
            English Instructions: 
            ENTER NUMBER OF ROOMS

            Target: 
             Both males and females 0 YEARS -
			150 YEARS"	"Number of rooms in home
            English Text: 
            I would like to ask you about {your/FAMILY SP's} home. 
How many rooms are in {your/FAMILY SP's} home? Count the kitchen and do not count any bathrooms, or an unfinished basement, or a laundry room.
            English Instructions: 
            ENTER NUMBER OF ROOMS

            Target: 
             Both males and females 0 YEARS -
			150 YEARS"				FALSE	False
SEQN	IMQ_L	"Respondent sequence number
            English Text: 
            Respondent sequence number.
            Target: 
             Both males and females 2 YEARS -
			150 YEARS"	"Respondent sequence number
            English Text: 
            Respondent sequence number.
            Target: 
             Both males and females 2 YEARS -
			150 YEARS"				FALSE	False
IMQ011	IMQ_L	"Received Hepatitis A vaccine
            English Text: 
            Hepatitis (Hep-a-ti-tis) A vaccine is given as a two dose series to some children older than 2 years and also to some adults, especially people who travel outside the United States.  It has only been available since 1995.  {Have you/Has SP} ever received hepatitis A vaccine?
            English Instructions: 
            INTERVIEWER INSTRUCTION: A COMBINATION HEPATITIS A AND HEPATITIS B VACCINE SHOULD BE COUNTED AS THE A VACCINE FOR THE PURPOSE OF THIS QUESTION.  
CODE 'YES AT LEAST 2 DOSES' IF RESPONDENT ANSWERS 3 OR 4 DOSES WERE RECEIVED.  CODE 'LESS THAN 2 DOSES' ONLY IF MENTIONED BY RESPONDENT.
            Target: 
             Both males and females 2 YEARS -
			150 YEARS"	"Received Hepatitis A vaccine
            English Text: 
            Hepatitis (Hep-a-ti-tis) A vaccine is given as a two dose series to some children older than 2 years and also to some adults, especially people who travel outside the United States.  It has only been available since 1995.  {Have you/Has SP} ever received hepatitis A vaccine?
            English Instructions: 
            INTERVIEWER INSTRUCTION: A COMBINATION HEPATITIS A AND HEPATITIS B VACCINE SHOULD BE COUNTED AS THE A VACCINE FOR THE PURPOSE OF THIS QUESTION.  
CODE 'YES AT LEAST 2 DOSES' IF RESPONDENT ANSWERS 3 OR 4 DOSES WERE RECEIVED.  CODE 'LESS THAN 2 DOSES' ONLY IF MENTIONED BY RESPONDENT.
            Target: 
             Both males and females 2 YEARS -
			150 YEARS"				FALSE	False
IMQ050	IMQ_L	CHECK ITEM	CHECK ITEM		"Both males and females 2 YEARS -
			150 YEARS"		FALSE	False
IMQ060	IMQ_L	"Received HPV vaccine (Females)
            English Text: 
            Human Papillomavirus (HPV) vaccine is given to prevent HPV infection, {cervical cancer,} and other conditions caused by HPV {in girls and women}. It is given in 2 or 3 separate doses. {Have you/Has SP} ever received one or more doses of the HPV vaccine? (The brand names for the HPV vaccines are Cervarix, Gardasil or Gardasil 9.)
            Target: 
             Females only 9 YEARS -
			49 YEARS"	"Received HPV vaccine (Females)
            English Text: 
            Human Papillomavirus (HPV) vaccine is given to prevent HPV infection, {cervical cancer,} and other conditions caused by HPV {in girls and women}. It is given in 2 or 3 separate doses. {Have you/Has SP} ever received one or more doses of the HPV vaccine? (The brand names for the HPV vaccines are Cervarix, Gardasil or Gardasil 9.)
            Target: 
             Females only 9 YEARS -
			49 YEARS"				FALSE	False
IMQ070	IMQ_L	"Received HPV vaccine (Males)
            English Text: 
            Human Papillomavirus (HPV) vaccine is given to prevent HPV infection and conditions caused by HPV in boys and men. It is given in 2 or 3 separate doses. {Have you/Has SP} ever received one or more doses of the HPV vaccine? (The brand names for the vaccines are Gardasil or Gardasil 9.)
            Target: 
             Males only 9 YEARS -
			49 YEARS"	"Received HPV vaccine (Males)
            English Text: 
            Human Papillomavirus (HPV) vaccine is given to prevent HPV infection and conditions caused by HPV in boys and men. It is given in 2 or 3 separate doses. {Have you/Has SP} ever received one or more doses of the HPV vaccine? (The brand names for the vaccines are Gardasil or Gardasil 9.)
            Target: 
             Males only 9 YEARS -
			49 YEARS"				FALSE	False
IMQ090	IMQ_L	"Age first dose HPV
            English Text: 
            How old {were you/was SP} when {you/SP} received {your/his/her/SP's} first dose of HPV vaccine?
            Target: 
             Both males and females 9 YEARS -
			49 YEARS"	"Age first dose HPV
            English Text: 
            How old {were you/was SP} when {you/SP} received {your/his/her/SP's} first dose of HPV vaccine?
            Target: 
             Both males and females 9 YEARS -
			49 YEARS"				FALSE	False
IMQ100	IMQ_L	"Received HPV, # of doses
            English Text: 
            How many doses of the vaccine {have you/has SP} received?
            Target: 
             Both males and females 9 YEARS -
			49 YEARS"	"Received HPV, # of doses
            English Text: 
            How many doses of the vaccine {have you/has SP} received?
            Target: 
             Both males and females 9 YEARS -
			49 YEARS"				FALSE	False
SEQN	INQ_L	"Respondent sequence number
            English Text: 
            Respondent sequence number.
            Target: 
             Both males and females 0 YEARS -
			150 YEARS"	"Respondent sequence number
            English Text: 
            Respondent sequence number.
            Target: 
             Both males and females 0 YEARS -
			150 YEARS"				FALSE	False
INDFMMPI	INQ_L	"Family monthly poverty level index
            English Text: 
            Family monthly poverty level index, a ratio of monthly family income to the HHS poverty guidelines specific to family size.
            Target: 
             Both males and females 0 YEARS -
			150 YEARS"	"Family monthly poverty level index
            English Text: 
            Family monthly poverty level index, a ratio of monthly family income to the HHS poverty guidelines specific to family size.
            Target: 
             Both males and females 0 YEARS -
			150 YEARS"				FALSE	False
INDFMMPC	INQ_L	"Family monthly poverty level category
            English Text: 
            Family monthly poverty level index categories.
            Target: 
             Both males and females 0 YEARS -
			150 YEARS"	"Family monthly poverty level category
            English Text: 
            Family monthly poverty level index categories.
            Target: 
             Both males and females 0 YEARS -
			150 YEARS"				FALSE	False
INQ300	INQ_L	"Family has savings more than $20,000
            English Text: 
            Do {you/NAMES OF OTHER FAMILY/you and NAMES OF FAMILY MEMBERS} have more than $5,000 in savings at this time?  Please include money in your checking accounts.
            English Instructions: 
            INTERVIEWER INSTRUCTION:  INCLUDE CASH, SAVINGS OR CHECKING ACCOUNTS, STOCKS, BONDS, MUTUAL FUNDS, RETIREMENT FUNDS (SUCH AS PENSIONS, IRAS, 401KS, ETC), AND CERTIFICATES OF DEPOSIT.  CAPI INSTRUCTION: DISPLAY ""you"" for single-person family; DISPLAY ""the members of your family"" for multi-persons family.
            Target: 
             Both males and females 0 YEARS -
			150 YEARS"	"Family has savings more than $20,000
            English Text: 
            Do {you/NAMES OF OTHER FAMILY/you and NAMES OF FAMILY MEMBERS} have more than $5,000 in savings at this time?  Please include money in your checking accounts.
            English Instructions: 
            INTERVIEWER INSTRUCTION:  INCLUDE CASH, SAVINGS OR CHECKING ACCOUNTS, STOCKS, BONDS, MUTUAL FUNDS, RETIREMENT FUNDS (SUCH AS PENSIONS, IRAS, 401KS, ETC), AND CERTIFICATES OF DEPOSIT.  CAPI INSTRUCTION: DISPLAY ""you"" for single-person family; DISPLAY ""the members of your family"" for multi-persons family.
            Target: 
             Both males and females 0 YEARS -
			150 YEARS"				FALSE	False
IND310	INQ_L	"Total savings/cash assets for the family
            English Text: 
            Total savings or cash assets at this time for {you/NAMES OF OTHER FAMILY/your family}.
            English Instructions: 
            HAND CARD INQ3.  ENTER LETTER.
            Target: 
             Both males and females 0 YEARS -
			150 YEARS"	"Total savings/cash assets for the family
            English Text: 
            Total savings or cash assets at this time for {you/NAMES OF OTHER FAMILY/your family}.
            English Instructions: 
            HAND CARD INQ3.  ENTER LETTER.
            Target: 
             Both males and females 0 YEARS -
			150 YEARS"				FALSE	False
SEQN	KIQ_U_L	"Respondent sequence number
            English Text: 
            Respondent sequence number.
            Target: 
             Both males and females 20 YEARS -
			150 YEARS"	"Respondent sequence number
            English Text: 
            Respondent sequence number.
            Target: 
             Both males and females 20 YEARS -
			150 YEARS"				FALSE	False
KIQ022	KIQ_U_L	"Ever told you had weak/failing kidneys?
            English Text: 
            {Have you/Has SP} ever been told by a doctor or other health professional that {you/s/he/SP} had weak or failing kidneys? Do not include kidney stones, bladder infections, or incontinence.
            Target: 
             Both males and females 20 YEARS -
			150 YEARS"	"Ever told you had weak/failing kidneys?
            English Text: 
            {Have you/Has SP} ever been told by a doctor or other health professional that {you/s/he/SP} had weak or failing kidneys? Do not include kidney stones, bladder infections, or incontinence.
            Target: 
             Both males and females 20 YEARS -
			150 YEARS"				FALSE	False
KIQ025	KIQ_U_L	"Received dialysis in past 12 months?
            English Text: 
            In the past 12 months, {have you/has SP} received dialysis (either hemodialysis or peritoneal dialysis)?
            Target: 
             Both males and females 20 YEARS -
			150 YEARS"	"Received dialysis in past 12 months?
            English Text: 
            In the past 12 months, {have you/has SP} received dialysis (either hemodialysis or peritoneal dialysis)?
            Target: 
             Both males and females 20 YEARS -
			150 YEARS"				FALSE	False
KIQ005	KIQ_U_L	"How often have urinary leakage?
            English Text: 
            The next few questions ask about urine leakage. Many people have leakage of urine. How often do you have urinary leakage?
            Target: 
             Both males and females 20 YEARS -
			150 YEARS"	"How often have urinary leakage?
            English Text: 
            The next few questions ask about urine leakage. Many people have leakage of urine. How often do you have urinary leakage?
            Target: 
             Both males and females 20 YEARS -
			150 YEARS"				FALSE	False
KIQ010	KIQ_U_L	"How much urine lose each time?
            English Text: 
            How much urine do you lose each time?
            Target: 
             Both males and females 20 YEARS -
			150 YEARS"	"How much urine lose each time?
            English Text: 
            How much urine do you lose each time?
            Target: 
             Both males and females 20 YEARS -
			150 YEARS"				FALSE	False
KIQ042	KIQ_U_L	"Leak urine during physical activities?
            English Text: 
            During the past 12 months, have you leaked or lost control of even a small amount of urine with an activity like coughing, lifting or exercise?
            Target: 
             Both males and females 20 YEARS -
			150 YEARS"	"Leak urine during physical activities?
            English Text: 
            During the past 12 months, have you leaked or lost control of even a small amount of urine with an activity like coughing, lifting or exercise?
            Target: 
             Both males and females 20 YEARS -
			150 YEARS"				FALSE	False
KIQ044	KIQ_U_L	"Urinated before reaching the toilet?
            English Text: 
            During the past 12 months, have you leaked or lost control of even a small amount of urine with an urge or pressure to urinate and you couldn't get to the toilet fast enough?
            Target: 
             Both males and females 20 YEARS -
			150 YEARS"	"Urinated before reaching the toilet?
            English Text: 
            During the past 12 months, have you leaked or lost control of even a small amount of urine with an urge or pressure to urinate and you couldn't get to the toilet fast enough?
            Target: 
             Both males and females 20 YEARS -
			150 YEARS"				FALSE	False
KIQ048A	KIQ_U_L	CHECK ITEM	CHECK ITEM		"Both males and females 20 YEARS -
			150 YEARS"		FALSE	False
KIQ052	KIQ_U_L	"How much were daily activities affected?
            English Text: 
            During the past 12 months, how much did your leakage of urine affect your day-to-day activities?
            Target: 
             Both males and females 20 YEARS -
			150 YEARS"	"How much were daily activities affected?
            English Text: 
            During the past 12 months, how much did your leakage of urine affect your day-to-day activities?
            Target: 
             Both males and females 20 YEARS -
			150 YEARS"				FALSE	False
KIQ481	KIQ_U_L	"How many times wake up and urinate?
            English Text: 
            In the past 30 days, during a typical night, how many times did you wake up and urinate?
            Target: 
             Both males and females 20 YEARS -
			150 YEARS"	"How many times wake up and urinate?
            English Text: 
            In the past 30 days, during a typical night, how many times did you wake up and urinate?
            Target: 
             Both males and females 20 YEARS -
			150 YEARS"				FALSE	False
SEQN	MCQ_L	"Respondent sequence number
            English Text: 
            Respondent sequence number.
            Target: 
             Both males and females 1 YEARS -
			150 YEARS"	"Respondent sequence number
            English Text: 
            Respondent sequence number.
            Target: 
             Both males and females 1 YEARS -
			150 YEARS"				FALSE	False
MCQ010	MCQ_L	"Ever been told you have asthma
            English Text: 
            The following questions are about different medical conditions. Has a doctor or other health professional ever told {you/SP} that {you have/s/he/SP has} asthma (az-ma)?
            English Instructions: 
            CAPI INSTRUCTION:  IF SP AGE &gt;= 16, DISPLAY ""YOU"" AND ""YOU HAVE"".  IF SP AGE = 12-15, DISPLAY ""SP"" AND ""S/HE HAS"". IF SP AGE &lt; 12, DISPLAY ""YOU"" AND ""SP HAS"".
            Target: 
             Both males and females 1 YEARS -
			150 YEARS"	"Ever been told you have asthma
            English Text: 
            The following questions are about different medical conditions. Has a doctor or other health professional ever told {you/SP} that {you have/s/he/SP has} asthma (az-ma)?
            English Instructions: 
            CAPI INSTRUCTION:  IF SP AGE &gt;= 16, DISPLAY ""YOU"" AND ""YOU HAVE"".  IF SP AGE = 12-15, DISPLAY ""SP"" AND ""S/HE HAS"". IF SP AGE &lt; 12, DISPLAY ""YOU"" AND ""SP HAS"".
            Target: 
             Both males and females 1 YEARS -
			150 YEARS"				FALSE	False
MCQ035	MCQ_L	"Still have asthma
            English Text: 
            {Do you/Does SP} still have asthma (az-ma)?
            Target: 
             Both males and females 1 YEARS -
			150 YEARS"	"Still have asthma
            English Text: 
            {Do you/Does SP} still have asthma (az-ma)?
            Target: 
             Both males and females 1 YEARS -
			150 YEARS"				FALSE	False
MCQ040	MCQ_L	"Had asthma attack in past year
            English Text: 
            During the past 12 months, {have you/has SP} had an episode of asthma (az-ma) or an asthma attack?
            Target: 
             Both males and females 1 YEARS -
			150 YEARS"	"Had asthma attack in past year
            English Text: 
            During the past 12 months, {have you/has SP} had an episode of asthma (az-ma) or an asthma attack?
            Target: 
             Both males and females 1 YEARS -
			150 YEARS"				FALSE	False
MCQ050	MCQ_L	"Emergency care visit for asthma/past yr
            English Text: 
            [During the past 12 months], {have you/has SP} had to visit an emergency room or urgent care center because of asthma (az-ma)?
            Target: 
             Both males and females 1 YEARS -
			150 YEARS"	"Emergency care visit for asthma/past yr
            English Text: 
            [During the past 12 months], {have you/has SP} had to visit an emergency room or urgent care center because of asthma (az-ma)?
            Target: 
             Both males and females 1 YEARS -
			150 YEARS"				FALSE	False
AGQ030	MCQ_L	"Did SP have episode of hay fever/past yr
            English Text: 
            During the past 12 months, {have you/has SP} had an episode of hay fever?
            Target: 
             Both males and females 1 YEARS -
			150 YEARS"	"Did SP have episode of hay fever/past yr
            English Text: 
            During the past 12 months, {have you/has SP} had an episode of hay fever?
            Target: 
             Both males and females 1 YEARS -
			150 YEARS"				FALSE	False
MCQ053	MCQ_L	"Taking treatment for anemia/past 3 mos
            English Text: 
            During the past 3 months, {have you/has SP} been on treatment for anemia (a-nee-me-a), sometimes called ""tired blood"" or ""low blood""?  [Include diet, iron pills, iron shots, transfusions as treatment.]
            Target: 
             Both males and females 1 YEARS -
			150 YEARS"	"Taking treatment for anemia/past 3 mos
            English Text: 
            During the past 3 months, {have you/has SP} been on treatment for anemia (a-nee-me-a), sometimes called ""tired blood"" or ""low blood""?  [Include diet, iron pills, iron shots, transfusions as treatment.]
            Target: 
             Both males and females 1 YEARS -
			150 YEARS"				FALSE	False
MCQ145	MCQ_L	CHECK ITEM	CHECK ITEM		"Both males and females 2 YEARS -
			150 YEARS"		FALSE	False
MCQ149	MCQ_L	"Menstrual periods started yet?
            English Text: 
            Have {SP's} periods or menstrual (men-stral) cycles started yet?
            Target: 
             Females only 8 YEARS -
			11 YEARS"	"Menstrual periods started yet?
            English Text: 
            Have {SP's} periods or menstrual (men-stral) cycles started yet?
            Target: 
             Females only 8 YEARS -
			11 YEARS"				FALSE	False
MCQ157	MCQ_L	CHECK ITEM	CHECK ITEM		"Both males and females 6 YEARS -
			11 YEARS"		FALSE	False
MCQ160a	MCQ_L	"Doctor ever said you had arthritis
            English Text: 
            Has a doctor or other health professional ever told {you/SP} that {you/s/he} . . .had arthritis (ar-thry-tis)?
            English Instructions: 
            CAPI INSTRUCTION: TEXT OF QUESTION SHOULD BE OPTIONAL AFTER FIRST ITEM IS READ.
            Target: 
             Both males and females 20 YEARS -
			150 YEARS"	"Doctor ever said you had arthritis
            English Text: 
            Has a doctor or other health professional ever told {you/SP} that {you/s/he} . . .had arthritis (ar-thry-tis)?
            English Instructions: 
            CAPI INSTRUCTION: TEXT OF QUESTION SHOULD BE OPTIONAL AFTER FIRST ITEM IS READ.
            Target: 
             Both males and females 20 YEARS -
			150 YEARS"				FALSE	False
MCQ195	MCQ_L	"Which type of arthritis was it?
            English Text: 
            Which type of arthritis was it?
            Target: 
             Both males and females 20 YEARS -
			150 YEARS"	"Which type of arthritis was it?
            English Text: 
            Which type of arthritis was it?
            Target: 
             Both males and females 20 YEARS -
			150 YEARS"				FALSE	False
MCQ160b	MCQ_L	"Ever told had congestive heart failure
            English Text: 
            Has a doctor or other health professional ever told {you/SP}  that {you/s/he} . . .had congestive heart failure?
            Target: 
             Both males and females 20 YEARS -
			150 YEARS"	"Ever told had congestive heart failure
            English Text: 
            Has a doctor or other health professional ever told {you/SP}  that {you/s/he} . . .had congestive heart failure?
            Target: 
             Both males and females 20 YEARS -
			150 YEARS"				FALSE	False
MCQ160c	MCQ_L	"Ever told you had coronary heart disease
            English Text: 
            Has a doctor or other health professional ever told {you/SP}  that {you/s/he} . . .had coronary (kor-o-nare-ee) heart disease?
            Target: 
             Both males and females 20 YEARS -
			150 YEARS"	"Ever told you had coronary heart disease
            English Text: 
            Has a doctor or other health professional ever told {you/SP}  that {you/s/he} . . .had coronary (kor-o-nare-ee) heart disease?
            Target: 
             Both males and females 20 YEARS -
			150 YEARS"				FALSE	False
MCQ160d	MCQ_L	"Ever told you had angina/angina pectoris
            English Text: 
            Has a doctor or other health professional ever told {you/SP}  that {you/s/he} . . .had angina (an-gi-na), also called angina pectoris?
            Target: 
             Both males and females 20 YEARS -
			150 YEARS"	"Ever told you had angina/angina pectoris
            English Text: 
            Has a doctor or other health professional ever told {you/SP}  that {you/s/he} . . .had angina (an-gi-na), also called angina pectoris?
            Target: 
             Both males and females 20 YEARS -
			150 YEARS"				FALSE	False
MCQ160e	MCQ_L	"Ever told you had heart attack
            English Text: 
            Has a doctor or other health professional ever told {you/SP}  that {you/s/he} . . .had a heart attack (also called myocardial infarction (my-o-car-dee-al in-fark-shun))?
            Target: 
             Both males and females 20 YEARS -
			150 YEARS"	"Ever told you had heart attack
            English Text: 
            Has a doctor or other health professional ever told {you/SP}  that {you/s/he} . . .had a heart attack (also called myocardial infarction (my-o-car-dee-al in-fark-shun))?
            Target: 
             Both males and females 20 YEARS -
			150 YEARS"				FALSE	False
MCQ160f	MCQ_L	"Ever told you had a stroke
            English Text: 
            Has a doctor or other health professional ever told {you/SP}  that {you/s/he} . . .had a stroke?
            Target: 
             Both males and females 20 YEARS -
			150 YEARS"	"Ever told you had a stroke
            English Text: 
            Has a doctor or other health professional ever told {you/SP}  that {you/s/he} . . .had a stroke?
            Target: 
             Both males and females 20 YEARS -
			150 YEARS"				FALSE	False
MCQ160m	MCQ_L	"Ever told you had thyroid problem
            English Text: 
            Has a doctor or other health professional ever told {you/SP}  that {you/s/he} . . .had another thyroid (thigh-roid) problem?
            Target: 
             Both males and females 20 YEARS -
			150 YEARS"	"Ever told you had thyroid problem
            English Text: 
            Has a doctor or other health professional ever told {you/SP}  that {you/s/he} . . .had another thyroid (thigh-roid) problem?
            Target: 
             Both males and females 20 YEARS -
			150 YEARS"				FALSE	False
MCQ170m	MCQ_L	"Do you still have thyroid problem
            English Text: 
            {Do you/Does SP} still . . . have another thyroid problem?
            Target: 
             Both males and females 20 YEARS -
			150 YEARS"	"Do you still have thyroid problem
            English Text: 
            {Do you/Does SP} still . . . have another thyroid problem?
            Target: 
             Both males and females 20 YEARS -
			150 YEARS"				FALSE	False
MCQ160p	MCQ_L	"Ever told you had COPD, emphysema, ChB
            English Text: 
            {Have you/Has SP} ever been told by a doctor or other health professional that {you/he/she} . . . had chronic obstructive pulmonary disease or COPD, emphysema, or chronic bronchitis?
            English Instructions: 
            CAPI INSTRUCTION:  
TEXT OF QUESTION SHOULD BE OPTIONAL AFTER FIRST ITEM IS READ.
            Target: 
             Both males and females 20 YEARS -
			150 YEARS"	"Ever told you had COPD, emphysema, ChB
            English Text: 
            {Have you/Has SP} ever been told by a doctor or other health professional that {you/he/she} . . . had chronic obstructive pulmonary disease or COPD, emphysema, or chronic bronchitis?
            English Instructions: 
            CAPI INSTRUCTION:  
TEXT OF QUESTION SHOULD BE OPTIONAL AFTER FIRST ITEM IS READ.
            Target: 
             Both males and females 20 YEARS -
			150 YEARS"				FALSE	False
MCQ160l	MCQ_L	"Ever told you had any liver condition
            English Text: 
            Has a doctor or other health professional ever told {you/SP}  that {you/s/he} . . .had any kind of liver condition?
            English Instructions: 
            CAPI INSTRUCTION: TEXT OF QUESTION SHOULD BE OPTIONAL AFTER FIRST ITEM IS READ.
INTERVIEWER: INCLUDE VIRAL HEPATITIS (INCLUDING HEPATITIS A, HEPATITIS B; AND HEPATITIS C); AUTOIMMUNE LIVER DISEASE (INCLUDING PRIMARY BILIARY CIRRHOSIS; AUTOIMMUNE HEPATITIS, SCLEROSING CHOLANGITIS); GENETIC LIVER DISEASES (INCLUDING ALPHA-1-ANTITRYSIN DEFICIENCY, HEMOCHROMOTOSIS, AND WILSON'S DISEASE); DRUG- OR MEDICATION-INDUCED LIVER DISEASE; ALCOHOLIC LIVER DISEASE; NON-ALCOHOLIC FATTY LIVER DISEASE; FATTY LIVER DISEASE; LIVER CANCER; LIVER CYST; LIVER ABSCESS; LIVER FIBROSIS; AND LIVER CIRRHOSIS. INTERVIEWER DO NOT INCLUDE GALLBLADDER DISEASE; GALLSTONES; OR CHOLECYSTITIS.
            Target: 
             Both males and females 20 YEARS -
			150 YEARS"	"Ever told you had any liver condition
            English Text: 
            Has a doctor or other health professional ever told {you/SP}  that {you/s/he} . . .had any kind of liver condition?
            English Instructions: 
            CAPI INSTRUCTION: TEXT OF QUESTION SHOULD BE OPTIONAL AFTER FIRST ITEM IS READ.
INTERVIEWER: INCLUDE VIRAL HEPATITIS (INCLUDING HEPATITIS A, HEPATITIS B; AND HEPATITIS C); AUTOIMMUNE LIVER DISEASE (INCLUDING PRIMARY BILIARY CIRRHOSIS; AUTOIMMUNE HEPATITIS, SCLEROSING CHOLANGITIS); GENETIC LIVER DISEASES (INCLUDING ALPHA-1-ANTITRYSIN DEFICIENCY, HEMOCHROMOTOSIS, AND WILSON'S DISEASE); DRUG- OR MEDICATION-INDUCED LIVER DISEASE; ALCOHOLIC LIVER DISEASE; NON-ALCOHOLIC FATTY LIVER DISEASE; FATTY LIVER DISEASE; LIVER CANCER; LIVER CYST; LIVER ABSCESS; LIVER FIBROSIS; AND LIVER CIRRHOSIS. INTERVIEWER DO NOT INCLUDE GALLBLADDER DISEASE; GALLSTONES; OR CHOLECYSTITIS.
            Target: 
             Both males and females 20 YEARS -
			150 YEARS"				FALSE	False
MCQ170l	MCQ_L	"Do you still have a liver condition
            English Text: 
            {Do you/Does SP} still . . . have any kind of liver condition?
            Target: 
             Both males and females 20 YEARS -
			150 YEARS"	"Do you still have a liver condition
            English Text: 
            {Do you/Does SP} still . . . have any kind of liver condition?
            Target: 
             Both males and females 20 YEARS -
			150 YEARS"				FALSE	False
MCQ500	MCQ_L	"Ever told you had any liver condition
            English Text: 
            Has a doctor or other health professional ever told {you/SP} that {you/s/he} ever had any kind of liver condition?
            English Instructions: 
            INTERVIEWER: INCLUDE VIRAL HEPATITIS (INCLUDING HEPATITIS A, HEPATITIS B; AND HEPATITIS C); AUTOIMMUNE LIVER DISEASE (INCLUDING PRIMARY BILIARY CIRRHOSIS; AUTOIMMUNE HEPATITIS, SCLEROSING CHOLANGITIS); GENETIC LIVER DISEASES (INCLUDING ALPHA-1-ANTITRYSIN DEFICIENCY, HEMOCHROMOTOSIS, AND WILSON'S DISEASE); DRUG- OR MEDICATION-INDUCED LIVER DISEASE; ALCOHOLIC LIVER DISEASE; NON-ALCOHOLIC FATTY LIVER DISEASE; FATTY LIVER DISEASE; LIVER CANCER; LIVER CYST; LIVER ABSCESS; LIVER FIBROSIS; AND LIVER CIRRHOSIS. INTERVIEWER DO NOT INCLUDE GALLBLADDER DISEASE; GALLSTONES; OR CHOLECYSTITIS.
            Target: 
             Both males and females 12 YEARS -
			19 YEARS"	"Ever told you had any liver condition
            English Text: 
            Has a doctor or other health professional ever told {you/SP} that {you/s/he} ever had any kind of liver condition?
            English Instructions: 
            INTERVIEWER: INCLUDE VIRAL HEPATITIS (INCLUDING HEPATITIS A, HEPATITIS B; AND HEPATITIS C); AUTOIMMUNE LIVER DISEASE (INCLUDING PRIMARY BILIARY CIRRHOSIS; AUTOIMMUNE HEPATITIS, SCLEROSING CHOLANGITIS); GENETIC LIVER DISEASES (INCLUDING ALPHA-1-ANTITRYSIN DEFICIENCY, HEMOCHROMOTOSIS, AND WILSON'S DISEASE); DRUG- OR MEDICATION-INDUCED LIVER DISEASE; ALCOHOLIC LIVER DISEASE; NON-ALCOHOLIC FATTY LIVER DISEASE; FATTY LIVER DISEASE; LIVER CANCER; LIVER CYST; LIVER ABSCESS; LIVER FIBROSIS; AND LIVER CIRRHOSIS. INTERVIEWER DO NOT INCLUDE GALLBLADDER DISEASE; GALLSTONES; OR CHOLECYSTITIS.
            Target: 
             Both males and females 12 YEARS -
			19 YEARS"				FALSE	False
MCQ510a	MCQ_L	"Liver condition: Fatty liver
            English Text: 
            Which type of liver condition was it . . .
            English Instructions: 
            INTERVIEWER: READ OPTIONS. CODE ALL THAT APPLY.
            Target: 
             Both males and females 12 YEARS -
			150 YEARS"	"Liver condition: Fatty liver
            English Text: 
            Which type of liver condition was it . . .
            English Instructions: 
            INTERVIEWER: READ OPTIONS. CODE ALL THAT APPLY.
            Target: 
             Both males and females 12 YEARS -
			150 YEARS"				FALSE	False
MCQ510b	MCQ_L	"Liver condition: Liver fibrosis
            English Text: 
            Which type of liver condition was it . . .
            English Instructions: 
            INTERVIEWER: READ OPTIONS. CODE ALL THAT APPLY.
            Target: 
             Both males and females 12 YEARS -
			150 YEARS"	"Liver condition: Liver fibrosis
            English Text: 
            Which type of liver condition was it . . .
            English Instructions: 
            INTERVIEWER: READ OPTIONS. CODE ALL THAT APPLY.
            Target: 
             Both males and females 12 YEARS -
			150 YEARS"				FALSE	False
MCQ510c	MCQ_L	"Liver condition: Liver cirrhosis
            English Text: 
            Which type of liver condition was it . . .
            English Instructions: 
            INTERVIEWER: READ OPTIONS. CODE ALL THAT APPLY.
            Target: 
             Both males and females 12 YEARS -
			150 YEARS"	"Liver condition: Liver cirrhosis
            English Text: 
            Which type of liver condition was it . . .
            English Instructions: 
            INTERVIEWER: READ OPTIONS. CODE ALL THAT APPLY.
            Target: 
             Both males and females 12 YEARS -
			150 YEARS"				FALSE	False
MCQ510d	MCQ_L	"Liver condition: Viral hepatitis
            English Text: 
            Which type of liver condition was it . . .
            English Instructions: 
            INTERVIEWER: READ OPTIONS. CODE ALL THAT APPLY.
            Target: 
             Both males and females 12 YEARS -
			150 YEARS"	"Liver condition: Viral hepatitis
            English Text: 
            Which type of liver condition was it . . .
            English Instructions: 
            INTERVIEWER: READ OPTIONS. CODE ALL THAT APPLY.
            Target: 
             Both males and females 12 YEARS -
			150 YEARS"				FALSE	False
MCQ510e	MCQ_L	"Liver condition: Autoimmune hepatitis
            English Text: 
            Which type of liver condition was it . . .
            English Instructions: 
            INTERVIEWER: READ OPTIONS. CODE ALL THAT APPLY.
            Target: 
             Both males and females 12 YEARS -
			150 YEARS"	"Liver condition: Autoimmune hepatitis
            English Text: 
            Which type of liver condition was it . . .
            English Instructions: 
            INTERVIEWER: READ OPTIONS. CODE ALL THAT APPLY.
            Target: 
             Both males and females 12 YEARS -
			150 YEARS"				FALSE	False
MCQ510f	MCQ_L	"Liver condition: Other liver disease
            English Text: 
            Which type of liver condition was it . . .
            English Instructions: 
            INTERVIEWER: READ OPTIONS. CODE ALL THAT APPLY.
            Target: 
             Both males and females 12 YEARS -
			150 YEARS"	"Liver condition: Other liver disease
            English Text: 
            Which type of liver condition was it . . .
            English Instructions: 
            INTERVIEWER: READ OPTIONS. CODE ALL THAT APPLY.
            Target: 
             Both males and females 12 YEARS -
			150 YEARS"				FALSE	False
MCQ515	MCQ_L	CHECK ITEM	CHECK ITEM		"Both males and females 1 YEARS -
			150 YEARS"		FALSE	False
MCQ550	MCQ_L	"Has DR ever said you have gallstones
            English Text: 
            Has a doctor or other health professional ever told {you/SP} that {you/s/he} had gallstones?
            Target: 
             Both males and females 20 YEARS -
			150 YEARS"	"Has DR ever said you have gallstones
            English Text: 
            Has a doctor or other health professional ever told {you/SP} that {you/s/he} had gallstones?
            Target: 
             Both males and females 20 YEARS -
			150 YEARS"				FALSE	False
MCQ560	MCQ_L	"Ever had gallbladder surgery?
            English Text: 
            Have {you/s/he} ever had gallbladder surgery?
            Target: 
             Both males and females 20 YEARS -
			150 YEARS"	"Ever had gallbladder surgery?
            English Text: 
            Have {you/s/he} ever had gallbladder surgery?
            Target: 
             Both males and females 20 YEARS -
			150 YEARS"				FALSE	False
MCQ220	MCQ_L	"Ever told you had cancer or malignancy
            English Text: 
            {Have you/Has SP} ever been told by a doctor or other health professional that {you/s/he} had cancer or a malignancy (ma-lig-nan-see) of any kind?
            Target: 
             Both males and females 20 YEARS -
			150 YEARS"	"Ever told you had cancer or malignancy
            English Text: 
            {Have you/Has SP} ever been told by a doctor or other health professional that {you/s/he} had cancer or a malignancy (ma-lig-nan-see) of any kind?
            Target: 
             Both males and females 20 YEARS -
			150 YEARS"				FALSE	False
MCQ230a	MCQ_L	"1st cancer - what kind was it?
            English Text: 
            1st cancer - what kind was it?
            Target: 
             Both males and females 20 YEARS -
			150 YEARS"	"1st cancer - what kind was it?
            English Text: 
            1st cancer - what kind was it?
            Target: 
             Both males and females 20 YEARS -
			150 YEARS"				FALSE	False
MCQ230b	MCQ_L	"2nd cancer - what kind was it?
            English Text: 
            2nd cancer - what kind was it?
            Target: 
             Both males and females 20 YEARS -
			150 YEARS"	"2nd cancer - what kind was it?
            English Text: 
            2nd cancer - what kind was it?
            Target: 
             Both males and females 20 YEARS -
			150 YEARS"				FALSE	False
MCQ230c	MCQ_L	"3rd cancer - what kind was it?
            English Text: 
            3rd cancer - what kind was it?
            Target: 
             Both males and females 20 YEARS -
			150 YEARS"	"3rd cancer - what kind was it?
            English Text: 
            3rd cancer - what kind was it?
            Target: 
             Both males and females 20 YEARS -
			150 YEARS"				FALSE	False
MCQ230d	MCQ_L	"More than 3 kinds of cancer
            English Text: 
            More than 3 kinds of cancer.
            Target: 
             Both males and females 20 YEARS -
			150 YEARS"	"More than 3 kinds of cancer
            English Text: 
            More than 3 kinds of cancer.
            Target: 
             Both males and females 20 YEARS -
			150 YEARS"				FALSE	False
OSQ230	MCQ_L	"Any metal objects inside your body?
            English Text: 
            The following question is about metal objects you may have inside your body.  Do you have any artificial joints, pins, plates, metal suture material, or other types of metal objects in your body? Some common examples are on the hand card.
            English Instructions: 
            INTERVIEWER INSTRUCTION: Do not include piercings, crowns, dental braces or retainers, shrapnel, or bullets. The metal object should NOT be visible on the outside of the body or in the mouth.
HAND CARD OSQ3
            Target: 
             Both males and females 40 YEARS -
			150 YEARS"	"Any metal objects inside your body?
            English Text: 
            The following question is about metal objects you may have inside your body.  Do you have any artificial joints, pins, plates, metal suture material, or other types of metal objects in your body? Some common examples are on the hand card.
            English Instructions: 
            INTERVIEWER INSTRUCTION: Do not include piercings, crowns, dental braces or retainers, shrapnel, or bullets. The metal object should NOT be visible on the outside of the body or in the mouth.
HAND CARD OSQ3
            Target: 
             Both males and females 40 YEARS -
			150 YEARS"				FALSE	False
SEQN	DPQ_L	"Respondent sequence number
            English Text: 
            Respondent sequence number.
            Target: 
             Both males and females 18 YEARS -
			150 YEARS"	"Respondent sequence number
            English Text: 
            Respondent sequence number.
            Target: 
             Both males and females 18 YEARS -
			150 YEARS"				FALSE	False
DPQ010	DPQ_L	"Have little interest in doing things
            English Text: 
            Over the last 2 weeks, how often have you been bothered by the following problems: little interest or pleasure in doing things?  Would you say...
            Target: 
             Both males and females 18 YEARS -
			150 YEARS"	"Have little interest in doing things
            English Text: 
            Over the last 2 weeks, how often have you been bothered by the following problems: little interest or pleasure in doing things?  Would you say...
            Target: 
             Both males and females 18 YEARS -
			150 YEARS"				FALSE	False
DPQ020	DPQ_L	"Feeling down, depressed, or hopeless
            English Text: 
            [Over the last 2 weeks, how often have you been bothered by the following problems:] feeling down, depressed, or hopeless?
            Target: 
             Both males and females 18 YEARS -
			150 YEARS"	"Feeling down, depressed, or hopeless
            English Text: 
            [Over the last 2 weeks, how often have you been bothered by the following problems:] feeling down, depressed, or hopeless?
            Target: 
             Both males and females 18 YEARS -
			150 YEARS"				FALSE	False
DPQ030	DPQ_L	"Trouble sleeping or sleeping too much
            English Text: 
            [Over the last 2 weeks, how often have you been bothered by the following problems:] trouble falling or staying asleep, or sleeping too much?
            Target: 
             Both males and females 18 YEARS -
			150 YEARS"	"Trouble sleeping or sleeping too much
            English Text: 
            [Over the last 2 weeks, how often have you been bothered by the following problems:] trouble falling or staying asleep, or sleeping too much?
            Target: 
             Both males and females 18 YEARS -
			150 YEARS"				FALSE	False
DPQ040	DPQ_L	"Feeling tired or having little energy
            English Text: 
            [Over the last 2 weeks, how often have you been bothered by the following problems:] feeling tired or having little energy?
            Target: 
             Both males and females 18 YEARS -
			150 YEARS"	"Feeling tired or having little energy
            English Text: 
            [Over the last 2 weeks, how often have you been bothered by the following problems:] feeling tired or having little energy?
            Target: 
             Both males and females 18 YEARS -
			150 YEARS"				FALSE	False
DPQ050	DPQ_L	"Poor appetite or overeating
            English Text: 
            [Over the last 2 weeks, how often have you been bothered by the following problems:] poor appetite or overeating?
            Target: 
             Both males and females 18 YEARS -
			150 YEARS"	"Poor appetite or overeating
            English Text: 
            [Over the last 2 weeks, how often have you been bothered by the following problems:] poor appetite or overeating?
            Target: 
             Both males and females 18 YEARS -
			150 YEARS"				FALSE	False
DPQ060	DPQ_L	"Feeling bad about yourself
            English Text: 
            [Over the last 2 weeks, how often have you been bothered by the following problems:] feeling bad about yourself - or that you are a failure or have let yourself or your family down?
            Target: 
             Both males and females 18 YEARS -
			150 YEARS"	"Feeling bad about yourself
            English Text: 
            [Over the last 2 weeks, how often have you been bothered by the following problems:] feeling bad about yourself - or that you are a failure or have let yourself or your family down?
            Target: 
             Both males and females 18 YEARS -
			150 YEARS"				FALSE	False
DPQ070	DPQ_L	"Trouble concentrating on things
            English Text: 
            [Over the last 2 weeks, how often have you been bothered by the following problems:] trouble concentrating on things, such as reading the newspaper or watching TV?
            Target: 
             Both males and females 18 YEARS -
			150 YEARS"	"Trouble concentrating on things
            English Text: 
            [Over the last 2 weeks, how often have you been bothered by the following problems:] trouble concentrating on things, such as reading the newspaper or watching TV?
            Target: 
             Both males and females 18 YEARS -
			150 YEARS"				FALSE	False
DPQ080	DPQ_L	"Moving or speaking slowly or too fast
            English Text: 
            [Over the last 2 weeks, how often have you been bothered by the following problems:] moving or speaking so slowly that other people could have noticed?  Or the opposite - being so fidgety or restless that you have been moving around a lot more than usual?
            Target: 
             Both males and females 18 YEARS -
			150 YEARS"	"Moving or speaking slowly or too fast
            English Text: 
            [Over the last 2 weeks, how often have you been bothered by the following problems:] moving or speaking so slowly that other people could have noticed?  Or the opposite - being so fidgety or restless that you have been moving around a lot more than usual?
            Target: 
             Both males and females 18 YEARS -
			150 YEARS"				FALSE	False
DPQ090	DPQ_L	"Thought you would be better off dead
            English Text: 
            [Over the last 2 weeks, how often have you been bothered by the following problems:] Thoughts that you would be better off dead or of hurting yourself in some way?
            Target: 
             Both males and females 18 YEARS -
			150 YEARS"	"Thought you would be better off dead
            English Text: 
            [Over the last 2 weeks, how often have you been bothered by the following problems:] Thoughts that you would be better off dead or of hurting yourself in some way?
            Target: 
             Both males and females 18 YEARS -
			150 YEARS"				FALSE	False
DPQ100	DPQ_L	"Difficulty these problems have caused
            English Text: 
            How difficult have these problems made it for you to do your work, take care of things at home, or get along with people?
            Target: 
             Both males and females 18 YEARS -
			150 YEARS"	"Difficulty these problems have caused
            English Text: 
            How difficult have these problems made it for you to do your work, take care of things at home, or get along with people?
            Target: 
             Both males and females 18 YEARS -
			150 YEARS"				FALSE	False
SEQN	OCQ_L	"Respondent sequence number
            English Text: 
            Respondent sequence number
            Target: 
             Both males and females 16 YEARS -
			150 YEARS"	"Respondent sequence number
            English Text: 
            Respondent sequence number
            Target: 
             Both males and females 16 YEARS -
			150 YEARS"				FALSE	False
OCD150	OCQ_L	"Type of work done last week
            English Text: 
            In this part of the survey, I will ask you questions about {your/SP's} work experience. Which of the following {were you/was SP} doing last week?
            Target: 
             Both males and females 16 YEARS -
			150 YEARS"	"Type of work done last week
            English Text: 
            In this part of the survey, I will ask you questions about {your/SP's} work experience. Which of the following {were you/was SP} doing last week?
            Target: 
             Both males and females 16 YEARS -
			150 YEARS"				FALSE	False
OCQ180	OCQ_L	"Number of hours worked in the last week
            English Text: 
            How many hours did {you/SP} work last week at all jobs or businesses?
            English Instructions: 
            ENTER NUMBER OF HOURS
            Target: 
             Both males and females 16 YEARS -
			150 YEARS"	"Number of hours worked in the last week
            English Text: 
            How many hours did {you/SP} work last week at all jobs or businesses?
            English Instructions: 
            ENTER NUMBER OF HOURS
            Target: 
             Both males and females 16 YEARS -
			150 YEARS"				FALSE	False
OCQ200	OCQ_L	CHECK ITEM	CHECK ITEM		"Both males and females 16 YEARS -
			150 YEARS"		FALSE	False
OCQ210	OCQ_L	"Usually work 35 or more hours per week
            English Text: 
            {Do you/Does SP} usually work 35 hours or more per week in total at all jobs or businesses?
            Target: 
             Both males and females 16 YEARS -
			150 YEARS"	"Usually work 35 or more hours per week
            English Text: 
            {Do you/Does SP} usually work 35 hours or more per week in total at all jobs or businesses?
            Target: 
             Both males and females 16 YEARS -
			150 YEARS"				FALSE	False
OCQ215	OCQ_L	"Number of days usually worked per week
            English Text: 
            How many days per week {do you/does SP} usually work?
            English Instructions: 
            ENTER NUMBER OF DAYS
CAPI INSTRUCTION: HARD EDIT VALUES LESS THAN 1 AND GREATER THAN 7.
            Target: 
             Both males and females 16 YEARS -
			150 YEARS"	"Number of days usually worked per week
            English Text: 
            How many days per week {do you/does SP} usually work?
            English Instructions: 
            ENTER NUMBER OF DAYS
CAPI INSTRUCTION: HARD EDIT VALUES LESS THAN 1 AND GREATER THAN 7.
            Target: 
             Both males and females 16 YEARS -
			150 YEARS"				FALSE	False
OCQ383	OCQ_L	"Main reason did not work last week
            English Text: 
            (SP Interview Version) What is the main reason {you/SP} did not work last week? (Family Interview Version) What is the main reason {you/NON-SP HEAD/NON-SP SPOUSE} did not work last week?
            Target: 
             Both males and females 16 YEARS -
			150 YEARS"	"Main reason did not work last week
            English Text: 
            (SP Interview Version) What is the main reason {you/SP} did not work last week? (Family Interview Version) What is the main reason {you/NON-SP HEAD/NON-SP SPOUSE} did not work last week?
            Target: 
             Both males and females 16 YEARS -
			150 YEARS"				FALSE	False
SEQN	OHQ_L	"Respondent sequence number
            English Text: 
            Respondent sequence number.
            Target: 
             Both males and females 1 YEARS -
			150 YEARS"	"Respondent sequence number
            English Text: 
            Respondent sequence number.
            Target: 
             Both males and females 1 YEARS -
			150 YEARS"				FALSE	False
OHQ845	OHQ_L	"Rate the health of your teeth and gums
            English Text: 
            The next questions are about {your/SP's} teeth and gums. Overall, how would {you/SP} rate the health of {your/his/her/SP's} teeth and gums? Would you say . . .
            Target: 
             Both males and females 1 YEARS -
			150 YEARS"	"Rate the health of your teeth and gums
            English Text: 
            The next questions are about {your/SP's} teeth and gums. Overall, how would {you/SP} rate the health of {your/his/her/SP's} teeth and gums? Would you say . . .
            Target: 
             Both males and females 1 YEARS -
			150 YEARS"				FALSE	False
OHQ620	OHQ_L	"How often last yr. had aching in mouth?
            English Text: 
            How often during the last year (have you/ has SP) had painful aching anywhere in (your/his/her/SP's) mouth? Would you say....
            Target: 
             Both males and females 1 YEARS -
			150 YEARS"	"How often last yr. had aching in mouth?
            English Text: 
            How often during the last year (have you/ has SP) had painful aching anywhere in (your/his/her/SP's) mouth? Would you say....
            Target: 
             Both males and females 1 YEARS -
			150 YEARS"				FALSE	False
OHQ630	OHQ_L	"How often felt bad because of mouth?
            English Text: 
            How often during the last year (have you/ has SP) felt that life in general was less satisfying because of problems with (your/his/her/SP's) teeth, mouth or dentures? Would you say . . .
            Target: 
             Both males and females 20 YEARS -
			150 YEARS"	"How often felt bad because of mouth?
            English Text: 
            How often during the last year (have you/ has SP) felt that life in general was less satisfying because of problems with (your/his/her/SP's) teeth, mouth or dentures? Would you say . . .
            Target: 
             Both males and females 20 YEARS -
			150 YEARS"				FALSE	False
OHQ640	OHQ_L	"Last yr had diff w/ job because of mouth
            English Text: 
            How often during the last year {have you/has SP} had difficulty doing {your/his/her/SP's} usual jobs or attending school because of problems with {your/his/her/SP's} teeth, mouth or dentures?  Would you say. . .
            Target: 
             Both males and females 20 YEARS -
			150 YEARS"	"Last yr had diff w/ job because of mouth
            English Text: 
            How often during the last year {have you/has SP} had difficulty doing {your/his/her/SP's} usual jobs or attending school because of problems with {your/his/her/SP's} teeth, mouth or dentures?  Would you say. . .
            Target: 
             Both males and females 20 YEARS -
			150 YEARS"				FALSE	False
OHQ660	OHQ_L	"Last yr avoid some food because of mouth
            English Text: 
            How often during the last year (have you/has SP) avoided particular foods because of problems with (your/his/her/SP's) teeth, mouth or dentures? Would you say . . .
            Target: 
             Both males and females 20 YEARS -
			150 YEARS"	"Last yr avoid some food because of mouth
            English Text: 
            How often during the last year (have you/has SP) avoided particular foods because of problems with (your/his/her/SP's) teeth, mouth or dentures? Would you say . . .
            Target: 
             Both males and females 20 YEARS -
			150 YEARS"				FALSE	False
OHQ670	OHQ_L	"Last yr couldn't eat because of mouth
            English Text: 
            How often during last year {have you/has SP} found it uncomfortable to eat food because of problems with {your/his/her/SP's} teeth, mouth, or dentures? Would you say . . .
            Target: 
             Both males and females 20 YEARS -
			150 YEARS"	"Last yr couldn't eat because of mouth
            English Text: 
            How often during last year {have you/has SP} found it uncomfortable to eat food because of problems with {your/his/her/SP's} teeth, mouth, or dentures? Would you say . . .
            Target: 
             Both males and females 20 YEARS -
			150 YEARS"				FALSE	False
OHQ680	OHQ_L	"Last yr embarrassed because of mouth
            English Text: 
            How often during the last year {have you/has SP} been self-conscious or embarrassed because of  {your/his/her/SP's} teeth, mouth or dentures? Would you say . ..
            Target: 
             Both males and females 20 YEARS -
			150 YEARS"	"Last yr embarrassed because of mouth
            English Text: 
            How often during the last year {have you/has SP} been self-conscious or embarrassed because of  {your/his/her/SP's} teeth, mouth or dentures? Would you say . ..
            Target: 
             Both males and females 20 YEARS -
			150 YEARS"				FALSE	False
SEQN	PUQMEC_L	"Respondent sequence number
            English Text: 
            Respondent sequence number.
            Target: 
             Both males and females 6 YEARS -
			150 YEARS"	"Respondent sequence number
            English Text: 
            Respondent sequence number.
            Target: 
             Both males and females 6 YEARS -
			150 YEARS"				FALSE	False
PUQ100	PUQMEC_L	"Products used in home to control insects
            English Text: 
            In the past 7 days, were any chemical products used in {your/his/her} home to control fleas, roaches, ants, termites, or other insects?
            English Instructions: 
            CAPI INSTRUCTION:  IF SP 6-17 YEARS, DISPLAY THE FOLLOWING INTERVIEWER INSTRUCTION:  ""THIS ITEM IS COLLECTED VIA PROXY FOR SPS 6-17.  LOOK UP THE PROXY RESPONSE IN THE PUQ REPORT AND ENTER IT IN PUQ100""
            Target: 
             Both males and females 6 YEARS -
			150 YEARS"	"Products used in home to control insects
            English Text: 
            In the past 7 days, were any chemical products used in {your/his/her} home to control fleas, roaches, ants, termites, or other insects?
            English Instructions: 
            CAPI INSTRUCTION:  IF SP 6-17 YEARS, DISPLAY THE FOLLOWING INTERVIEWER INSTRUCTION:  ""THIS ITEM IS COLLECTED VIA PROXY FOR SPS 6-17.  LOOK UP THE PROXY RESPONSE IN THE PUQ REPORT AND ENTER IT IN PUQ100""
            Target: 
             Both males and females 6 YEARS -
			150 YEARS"				FALSE	False
PUQ110	PUQMEC_L	"Products used to kill weeds?
            English Text: 
            In the past 7 days, were any chemical products used in {your/his/her} lawn or garden to kill weeds?
            English Instructions: 
            CODE ""NO"" IF THE RESPONDENT SAYS S/HE DOES NOT HAVE A LAWN OR GARDEN. CAPI INSTRUCTION: IF SP 6-17 YEARS, DISPLAY THE FOLLOWING INTERVIEWER INSTRUCTION:  ""THIS ITEM IS COLLECTED VIA PROXY FOR SPS 6-17. LOOK UP THE PROXY RESPONSE IN THE PUQ REPORT AND ENTER IT IN PUQ110.""
            Target: 
             Both males and females 6 YEARS -
			150 YEARS"	"Products used to kill weeds?
            English Text: 
            In the past 7 days, were any chemical products used in {your/his/her} lawn or garden to kill weeds?
            English Instructions: 
            CODE ""NO"" IF THE RESPONDENT SAYS S/HE DOES NOT HAVE A LAWN OR GARDEN. CAPI INSTRUCTION: IF SP 6-17 YEARS, DISPLAY THE FOLLOWING INTERVIEWER INSTRUCTION:  ""THIS ITEM IS COLLECTED VIA PROXY FOR SPS 6-17. LOOK UP THE PROXY RESPONSE IN THE PUQ REPORT AND ENTER IT IN PUQ110.""
            Target: 
             Both males and females 6 YEARS -
			150 YEARS"				FALSE	False
SEQN	PAQ_L	"Respondent sequence number
            English Text: 
            Respondent sequence number.
            Target: 
             Both males and females 18 YEARS -
			150 YEARS"	"Respondent sequence number
            English Text: 
            Respondent sequence number.
            Target: 
             Both males and females 18 YEARS -
			150 YEARS"				FALSE	False
PAD790Q	PAQ_L	"Frequency of moderate LTPA
            English Text: 
            The next questions are about physical activities such as exercise, sports, or physically active hobbies that you may do in your leisure time. We are interested in two types of physical activity: moderate and vigorous-intensity. Moderate-intensity activities cause moderate increases in breathing or heart rate whereas vigorous-intensity activities cause large increases in breathing or heart rate.  How often {do you/does SP} do moderate-intensity leisure-time physical activities?
            English Instructions: 
            ENTER NUMBER OF TIMES (PER DAY, WEEK, MONTH, OR YEAR)
CAPI INSTRUCTIONS:
SOFT EDIT:  &gt; 4 PER DAY, &gt; 28 PER WEEK, &gt;31 PER MONTH, OR &gt; 365 PER YEAR.  
ERROR MESSAGE:  PLEASE VERIFY THE QUANTITY AND UNIT.
            Target: 
             Both males and females 18 YEARS -
			150 YEARS"	"Frequency of moderate LTPA
            English Text: 
            The next questions are about physical activities such as exercise, sports, or physically active hobbies that you may do in your leisure time. We are interested in two types of physical activity: moderate and vigorous-intensity. Moderate-intensity activities cause moderate increases in breathing or heart rate whereas vigorous-intensity activities cause large increases in breathing or heart rate.  How often {do you/does SP} do moderate-intensity leisure-time physical activities?
            English Instructions: 
            ENTER NUMBER OF TIMES (PER DAY, WEEK, MONTH, OR YEAR)
CAPI INSTRUCTIONS:
SOFT EDIT:  &gt; 4 PER DAY, &gt; 28 PER WEEK, &gt;31 PER MONTH, OR &gt; 365 PER YEAR.  
ERROR MESSAGE:  PLEASE VERIFY THE QUANTITY AND UNIT.
            Target: 
             Both males and females 18 YEARS -
			150 YEARS"				FALSE	False
PAD790U	PAQ_L	"Moderate LTPA unit (day/week/month/year)
            English Text: 
            The next questions are about physical activities such as exercise, sports, or physically active hobbies that you may do in your leisure time. We are interested in two types of physical activity: moderate and vigorous-intensity. Moderate-intensity activities cause moderate increases in breathing or heart rate whereas vigorous-intensity activities cause large increases in breathing or heart rate.  How often {do you/does SP} do moderate-intensity leisure-time physical activities?
            English Instructions: 
            ENTER UNIT
CAPI INSTRUCTIONS:
SOFT EDIT:  &gt; 4 PER DAY, &gt; 28 PER WEEK, &gt;31 PER MONTH, OR &gt; 365 PER YEAR.  
ERROR MESSAGE:  PLEASE VERIFY THE QUANTITY AND UNIT.
            Target: 
             Both males and females 18 YEARS -
			150 YEARS"	"Moderate LTPA unit (day/week/month/year)
            English Text: 
            The next questions are about physical activities such as exercise, sports, or physically active hobbies that you may do in your leisure time. We are interested in two types of physical activity: moderate and vigorous-intensity. Moderate-intensity activities cause moderate increases in breathing or heart rate whereas vigorous-intensity activities cause large increases in breathing or heart rate.  How often {do you/does SP} do moderate-intensity leisure-time physical activities?
            English Instructions: 
            ENTER UNIT
CAPI INSTRUCTIONS:
SOFT EDIT:  &gt; 4 PER DAY, &gt; 28 PER WEEK, &gt;31 PER MONTH, OR &gt; 365 PER YEAR.  
ERROR MESSAGE:  PLEASE VERIFY THE QUANTITY AND UNIT.
            Target: 
             Both males and females 18 YEARS -
			150 YEARS"				FALSE	False
PAD800	PAQ_L	"Minutes moderate LTPA
            English Text: 
            About how long {do you/does SP} do these moderate leisure-time physical activities each time?
            English Instructions: 
            ENTER NUMBER OF MINUTES OR HOURS
PROBE IF NEEDED: Moderate-intensity activities cause moderate increases in breathing or heart rate.
CAPI INSTRUCTIONS:
SOFT EDIT:  &gt; 120 MINUTES OR 2 HOURS.  
ERROR MESSAGE:  YOU HAVE RECORDED THAT THE SP SPENDS MORE THAN 120 MINUTES OR 2 HOURS EACH TIME DOING MODERATE-INTENSITY LEISURE-TIME ACTIVITIES.  PLEASE CONFIRM WITH SP THAT OVER 120 MINUTES OR 2 HOURS IS CORRECT.
HARD EDIT: 0 MINUTES OR HOURS
HARD EDIT:  24 HOURS OR MORE.
ERROR MESSAGE: THE TIME SHOULD BE LESS THAN 24 HOURS.
            Target: 
             Both males and females 18 YEARS -
			150 YEARS"	"Minutes moderate LTPA
            English Text: 
            About how long {do you/does SP} do these moderate leisure-time physical activities each time?
            English Instructions: 
            ENTER NUMBER OF MINUTES OR HOURS
PROBE IF NEEDED: Moderate-intensity activities cause moderate increases in breathing or heart rate.
CAPI INSTRUCTIONS:
SOFT EDIT:  &gt; 120 MINUTES OR 2 HOURS.  
ERROR MESSAGE:  YOU HAVE RECORDED THAT THE SP SPENDS MORE THAN 120 MINUTES OR 2 HOURS EACH TIME DOING MODERATE-INTENSITY LEISURE-TIME ACTIVITIES.  PLEASE CONFIRM WITH SP THAT OVER 120 MINUTES OR 2 HOURS IS CORRECT.
HARD EDIT: 0 MINUTES OR HOURS
HARD EDIT:  24 HOURS OR MORE.
ERROR MESSAGE: THE TIME SHOULD BE LESS THAN 24 HOURS.
            Target: 
             Both males and females 18 YEARS -
			150 YEARS"				FALSE	False
PAD810Q	PAQ_L	"Frequency of vigorous LTPA
            English Text: 
            How often {do you/does SP} do vigorous-intensity leisure-time physical activities?
            English Instructions: 
            ENTER NUMBER OF TIMES (PER DAY, WEEK, MONTH, OR YEAR)
CAPI INSTRUCTIONS:
SOFT EDIT:  &gt; 4 PER DAY, &gt; 28 PER WEEK, &gt;31 PER MONTH, OR &gt; 365 PER YEAR  .  
ERROR MESSAGE:  PLEASE VERIFY THE QUANTITY AND UNIT.
            Target: 
             Both males and females 18 YEARS -
			150 YEARS"	"Frequency of vigorous LTPA
            English Text: 
            How often {do you/does SP} do vigorous-intensity leisure-time physical activities?
            English Instructions: 
            ENTER NUMBER OF TIMES (PER DAY, WEEK, MONTH, OR YEAR)
CAPI INSTRUCTIONS:
SOFT EDIT:  &gt; 4 PER DAY, &gt; 28 PER WEEK, &gt;31 PER MONTH, OR &gt; 365 PER YEAR  .  
ERROR MESSAGE:  PLEASE VERIFY THE QUANTITY AND UNIT.
            Target: 
             Both males and females 18 YEARS -
			150 YEARS"				FALSE	False
PAD810U	PAQ_L	"Vigorous LTPA unit (day/week/month/year)
            English Text: 
            How often {do you/does SP} do vigorous-intensity leisure-time physical activities?
            English Instructions: 
            ENTER UNIT
CAPI INSTRUCTIONS:
SOFT EDIT:  &gt; 4 PER DAY, &gt; 28 PER WEEK, &gt;31 PER MONTH, OR &gt; 365 PER YEAR  .  
ERROR MESSAGE:  PLEASE VERIFY THE QUANTITY AND UNIT.
            Target: 
             Both males and females 18 YEARS -
			150 YEARS"	"Vigorous LTPA unit (day/week/month/year)
            English Text: 
            How often {do you/does SP} do vigorous-intensity leisure-time physical activities?
            English Instructions: 
            ENTER UNIT
CAPI INSTRUCTIONS:
SOFT EDIT:  &gt; 4 PER DAY, &gt; 28 PER WEEK, &gt;31 PER MONTH, OR &gt; 365 PER YEAR  .  
ERROR MESSAGE:  PLEASE VERIFY THE QUANTITY AND UNIT.
            Target: 
             Both males and females 18 YEARS -
			150 YEARS"				FALSE	False
PAD820	PAQ_L	"Minutes vigorous LTPA
            English Text: 
            About how long {do you/does SP} do these vigorous leisure-time physical activities each time?
            English Instructions: 
            ENTER NUMBER OF MINUTES OR HOURS
PROBE IF NEEDED: Vigorous-intensity activities cause large increases in breathing or heart rate.
CAPI INSTRUCTIONS:
SOFT EDIT:  &gt; 120 MINUTES OR 2 HOURS.
ERROR MESSAGE:  YOU HAVE RECORDED THAT THE SP SPENDS MORE THAN 120 MINUTES OR 2 HOURS EACH TIME DOING VIGOROUS-INTENSITY LEISURE-TIME ACTIVITIES.  PLEASE CONFIRM WITH SP THAT OVER 120 MINUTES OR 2 HOURS IS CORRECT.
HARD EDIT: 0 MINUTES OR HOURS.
HARD EDIT:  24 HOURS OR MORE.
ERROR MESSAGE: THE TIME SHOULD BE LESS THAN 24 HOURS.
            Target: 
             Both males and females 18 YEARS -
			150 YEARS"	"Minutes vigorous LTPA
            English Text: 
            About how long {do you/does SP} do these vigorous leisure-time physical activities each time?
            English Instructions: 
            ENTER NUMBER OF MINUTES OR HOURS
PROBE IF NEEDED: Vigorous-intensity activities cause large increases in breathing or heart rate.
CAPI INSTRUCTIONS:
SOFT EDIT:  &gt; 120 MINUTES OR 2 HOURS.
ERROR MESSAGE:  YOU HAVE RECORDED THAT THE SP SPENDS MORE THAN 120 MINUTES OR 2 HOURS EACH TIME DOING VIGOROUS-INTENSITY LEISURE-TIME ACTIVITIES.  PLEASE CONFIRM WITH SP THAT OVER 120 MINUTES OR 2 HOURS IS CORRECT.
HARD EDIT: 0 MINUTES OR HOURS.
HARD EDIT:  24 HOURS OR MORE.
ERROR MESSAGE: THE TIME SHOULD BE LESS THAN 24 HOURS.
            Target: 
             Both males and females 18 YEARS -
			150 YEARS"				FALSE	False
PAD680	PAQ_L	"Minutes sedentary activity
            English Text: 
            The following question is about sitting at school, at home, getting to and from places, or with friends including time spent sitting at a desk, traveling in a car or bus, reading, playing cards, watching television, or using a computer. Do not include time spent sleeping. How much time {do you/does SP} usually spend sitting on a typical day?
            English Instructions: 
            ENTER NUMBER OF MINUTES OR HOURS.
SOFT EDIT: 18 HOURS OR MORE. ERROR MESSAGE: PLEASE VERIFY TIMES OF 18 HOURS OR MORE.
HARD EDIT: 24 HOURS OR MORE. ERROR MESSAGE: THE TIME SHOULD BE LESS THAN 24 HOURS.
            Target: 
             Both males and females 18 YEARS -
			150 YEARS"	"Minutes sedentary activity
            English Text: 
            The following question is about sitting at school, at home, getting to and from places, or with friends including time spent sitting at a desk, traveling in a car or bus, reading, playing cards, watching television, or using a computer. Do not include time spent sleeping. How much time {do you/does SP} usually spend sitting on a typical day?
            English Instructions: 
            ENTER NUMBER OF MINUTES OR HOURS.
SOFT EDIT: 18 HOURS OR MORE. ERROR MESSAGE: PLEASE VERIFY TIMES OF 18 HOURS OR MORE.
HARD EDIT: 24 HOURS OR MORE. ERROR MESSAGE: THE TIME SHOULD BE LESS THAN 24 HOURS.
            Target: 
             Both males and females 18 YEARS -
			150 YEARS"				FALSE	False
SEQN	PAQY_L	"Respondent sequence number
            English Text: 
            Respondent sequence number.
            Target: 
             Both males and females 2 YEARS -
			17 YEARS"	"Respondent sequence number
            English Text: 
            Respondent sequence number.
            Target: 
             Both males and females 2 YEARS -
			17 YEARS"				FALSE	False
PAQ706	PAQY_L	"Days physically active at least 60 min.
            English Text: 
            I'd like to ask you some questions about {your/SP's} activities. During the past 7 days, on how many days {were you/was SP} physically active for a total of at least 60 minutes per day? Add up all the time {you/he/she} spent in any kind of physical activity that increased {your/his/her} heart rate and made {you/him/her} breathe hard some of the time.
            Target: 
             Both males and females 2 YEARS -
			17 YEARS"	"Days physically active at least 60 min.
            English Text: 
            I'd like to ask you some questions about {your/SP's} activities. During the past 7 days, on how many days {were you/was SP} physically active for a total of at least 60 minutes per day? Add up all the time {you/he/she} spent in any kind of physical activity that increased {your/his/her} heart rate and made {you/him/her} breathe hard some of the time.
            Target: 
             Both males and females 2 YEARS -
			17 YEARS"				FALSE	False
PAQ711	PAQY_L	"Hours per day TV/ videos watched?
            English Text: 
            On a typical day during the school year, about how many hours {do you/does SP} usually spend playing with a smartphone or computer, watching TV or movies, or playing video games?
            English Instructions: 
            ENTER NUMBER OF HOURS
SOFT EDIT: 18 HOURS OR MORE.
ERROR MESSAGE: PLEASE VERIFY TIMES OF 18 HOURS OR MORE.
HARD EDIT: 24 HOURS OR MORE.
ERROR MESSAGE: THE TIME SHOULD BE LESS THAN 24 HOURS.
            Target: 
             Both males and females 2 YEARS -
			17 YEARS
            Hard Edits: 
            0 to 8"	"Hours per day TV/ videos watched?
            English Text: 
            On a typical day during the school year, about how many hours {do you/does SP} usually spend playing with a smartphone or computer, watching TV or movies, or playing video games?
            English Instructions: 
            ENTER NUMBER OF HOURS
SOFT EDIT: 18 HOURS OR MORE.
ERROR MESSAGE: PLEASE VERIFY TIMES OF 18 HOURS OR MORE.
HARD EDIT: 24 HOURS OR MORE.
ERROR MESSAGE: THE TIME SHOULD BE LESS THAN 24 HOURS.
            Target: 
             Both males and females 2 YEARS -
			17 YEARS
            Hard Edits: 
            0 to 8"				FALSE	False
SEQN	RXQ_RX_L	"Respondent sequence number
            English Text: 
            Respondent sequence number.
            Target: 
             Both males and females 0 YEARS -
			150 YEARS"	"Respondent sequence number
            English Text: 
            Respondent sequence number.
            Target: 
             Both males and females 0 YEARS -
			150 YEARS"				FALSE	False
RXQ033	RXQ_RX_L	"Taken prescription medicine, past month
            English Text: 
            In the past 30 days, {have you/has SP} used or taken medication for which a prescription is needed?  Include only those products prescribed by a health professional such as a doctor or dentist.  {Please remember to include any prescription birth control products that you are taking or using such as pills or patches.} Do not include prescription vitamins or minerals.
            English Instructions: 
            CAPI INSTRUCTION:
IF SP (FEMALE OR DMQ.510 = 7 OR 9) AND AGE 16-49 YEARS, DISPLAY 'Please remember to include prescription birth control products that you are taking or using such as pills or patches.'
CAPI HARD EDIT CHECK #1
IF 'NO' (CODE 2) IN RXQ.033 AND 'YES' (CODE 1) IN DIQ.050 OR DIQ.070, DISPLAY THE FOLLOWING MESSAGE: 
Earlier in the interview you reported currently taking insulin or a diabetic pill.  If this is correct, we should count that as prescription medication you have taken in the last 30 days. 
{CAPI DISPLAYS THREE QUESTIONS FOR CORRECTION} DIQ.050 = Taking Insulin
 DIQ.070 = Taking Diabetic Pills
RXQ.033 = Prescription Medication in Last 30 Days
CAPI HARD EDIT CHECK #2
IF 'NO' (CODE 2) IN RXQ.033 AND 'YES' (CODE 1) IN BPQ.150, DISPLAY THE FOLLOWING MESSAGE: 
Earlier in the interview you reported currently taking prescription medication for high blood pressure.  If this is correct, we should count that as prescription medication you have taken in the last 30 days. 
{CAPI DISPLAYS TWO QUESTIONS FOR CORRECTION} BPQ.150 = Taking Blood Pressure Medication. RXQ.033 = Prescription Medication in Last 30 Days
CAPI HARD EDIT CHECK #3 IF 'NO' (CODE 2) IN RXQ.033 AND 'YES' (CODE 1) IN BPQ.101d, DISPLAY THE FOLLOWING MESSAGE: 
Earlier in the interview you reported currently taking prescription medication for high cholesterol.  If this is correct, we should count that as prescription medication you have taken in the last 30 days. 
{CAPI DISPLAYS TWO QUESTIONS FOR CORRECTION}
BPQ.101d = Taking High Cholesterol Medicine
RXQ.033 = Prescription Medication in Last 30 Days
            Target: 
             Both males and females 0 YEARS -
			150 YEARS"	"Taken prescription medicine, past month
            English Text: 
            In the past 30 days, {have you/has SP} used or taken medication for which a prescription is needed?  Include only those products prescribed by a health professional such as a doctor or dentist.  {Please remember to include any prescription birth control products that you are taking or using such as pills or patches.} Do not include prescription vitamins or minerals.
            English Instructions: 
            CAPI INSTRUCTION:
IF SP (FEMALE OR DMQ.510 = 7 OR 9) AND AGE 16-49 YEARS, DISPLAY 'Please remember to include prescription birth control products that you are taking or using such as pills or patches.'
CAPI HARD EDIT CHECK #1
IF 'NO' (CODE 2) IN RXQ.033 AND 'YES' (CODE 1) IN DIQ.050 OR DIQ.070, DISPLAY THE FOLLOWING MESSAGE: 
Earlier in the interview you reported currently taking insulin or a diabetic pill.  If this is correct, we should count that as prescription medication you have taken in the last 30 days. 
{CAPI DISPLAYS THREE QUESTIONS FOR CORRECTION} DIQ.050 = Taking Insulin
 DIQ.070 = Taking Diabetic Pills
RXQ.033 = Prescription Medication in Last 30 Days
CAPI HARD EDIT CHECK #2
IF 'NO' (CODE 2) IN RXQ.033 AND 'YES' (CODE 1) IN BPQ.150, DISPLAY THE FOLLOWING MESSAGE: 
Earlier in the interview you reported currently taking prescription medication for high blood pressure.  If this is correct, we should count that as prescription medication you have taken in the last 30 days. 
{CAPI DISPLAYS TWO QUESTIONS FOR CORRECTION} BPQ.150 = Taking Blood Pressure Medication. RXQ.033 = Prescription Medication in Last 30 Days
CAPI HARD EDIT CHECK #3 IF 'NO' (CODE 2) IN RXQ.033 AND 'YES' (CODE 1) IN BPQ.101d, DISPLAY THE FOLLOWING MESSAGE: 
Earlier in the interview you reported currently taking prescription medication for high cholesterol.  If this is correct, we should count that as prescription medication you have taken in the last 30 days. 
{CAPI DISPLAYS TWO QUESTIONS FOR CORRECTION}
BPQ.101d = Taking High Cholesterol Medicine
RXQ.033 = Prescription Medication in Last 30 Days
            Target: 
             Both males and females 0 YEARS -
			150 YEARS"				FALSE	False
RXQ050	RXQ_RX_L	"Number of prescription medicines taken
            English Text: 
            How many prescription medications {have you/has SP} taken in the past 30 days?  Would you say {you have/SP has} taken…
            Target: 
             Both males and females 0 YEARS -
			150 YEARS"	"Number of prescription medicines taken
            English Text: 
            How many prescription medications {have you/has SP} taken in the past 30 days?  Would you say {you have/SP has} taken…
            Target: 
             Both males and females 0 YEARS -
			150 YEARS"				FALSE	False
SEQN	RXQASA_L	"Respondent sequence number
            English Text: 
            Respondent sequence number.
            Target: 
             Both males and females 40 YEARS -
			150 YEARS"	"Respondent sequence number
            English Text: 
            Respondent sequence number.
            Target: 
             Both males and females 40 YEARS -
			150 YEARS"				FALSE	False
RXQ510	RXQASA_L	"Dr told to take daily low-dose aspirin?
            English Text: 
            Doctors and other health care providers sometimes recommend that {you take/SP takes) a low-dose aspirin each day to prevent heart attacks, strokes, or cancer. {Have you/Has SP} ever been told to do this?
            English Instructions: 
            INTERVIEWER INSTRUCTION: IF THE RESPONDENT VOLUNTEERS THEY HAVE BEEN TOLD TO TAKE AN ASPIRIN EVERY OTHER DAY OR 'REGULARLY' FOR THESE REASONS, CODE ""YES"".
            Target: 
             Both males and females 40 YEARS -
			150 YEARS"	"Dr told to take daily low-dose aspirin?
            English Text: 
            Doctors and other health care providers sometimes recommend that {you take/SP takes) a low-dose aspirin each day to prevent heart attacks, strokes, or cancer. {Have you/Has SP} ever been told to do this?
            English Instructions: 
            INTERVIEWER INSTRUCTION: IF THE RESPONDENT VOLUNTEERS THEY HAVE BEEN TOLD TO TAKE AN ASPIRIN EVERY OTHER DAY OR 'REGULARLY' FOR THESE REASONS, CODE ""YES"".
            Target: 
             Both males and females 40 YEARS -
			150 YEARS"				FALSE	False
RXQ515	RXQASA_L	"Followed advice, took low-dose aspirin?
            English Text: 
            {Are you/Is SP} now following this advice?
            Target: 
             Both males and females 40 YEARS -
			150 YEARS"	"Followed advice, took low-dose aspirin?
            English Text: 
            {Are you/Is SP} now following this advice?
            Target: 
             Both males and females 40 YEARS -
			150 YEARS"				FALSE	False
RXQ520	RXQASA_L	"Taking low-dose aspirin on your own?
            English Text: 
            On {your/SP's} own, {are you/is SP} now taking a low-dose aspirin each day to prevent heart attacks, strokes, or cancer?
            Target: 
             Both males and females 40 YEARS -
			150 YEARS"	"Taking low-dose aspirin on your own?
            English Text: 
            On {your/SP's} own, {are you/is SP} now taking a low-dose aspirin each day to prevent heart attacks, strokes, or cancer?
            Target: 
             Both males and females 40 YEARS -
			150 YEARS"				FALSE	False
SEQN	RHQ_L	"Respondent sequence number
            English Text: 
            Respondent sequence number.
            Target: 
             Females only 12 YEARS -
			150 YEARS"	"Respondent sequence number
            English Text: 
            Respondent sequence number.
            Target: 
             Females only 12 YEARS -
			150 YEARS"				FALSE	False
RHQ010	RHQ_L	"Age when first menstrual period occurred
            English Text: 
            The next series of questions are about {your/SP's} reproductive history.  I will begin by asking about {your/SP's} periods or menstrual cycles.  How old {were you/was SP} when {you/SP} had {your/her} first menstrual period?
            English Instructions: 
            CODE ""0"" IF HAVEN'T STARTED YET.  CAPI INSTRUCTION: SOFT EDIT VALUES: 8-25 YEARS.  HARD EDIT VALUES:  AGE OF 1ST PERIOD CANNOT BE GREATER THAN CURRENT AGE.  ENTER AGE IN YEARS.
            Target: 
             Females only 12 YEARS -
			150 YEARS"	"Age when first menstrual period occurred
            English Text: 
            The next series of questions are about {your/SP's} reproductive history.  I will begin by asking about {your/SP's} periods or menstrual cycles.  How old {were you/was SP} when {you/SP} had {your/her} first menstrual period?
            English Instructions: 
            CODE ""0"" IF HAVEN'T STARTED YET.  CAPI INSTRUCTION: SOFT EDIT VALUES: 8-25 YEARS.  HARD EDIT VALUES:  AGE OF 1ST PERIOD CANNOT BE GREATER THAN CURRENT AGE.  ENTER AGE IN YEARS.
            Target: 
             Females only 12 YEARS -
			150 YEARS"				FALSE	False
RHQ031	RHQ_L	"Had regular periods in past 12 months
            English Text: 
            {Have you/Has SP} had at least one menstrual period in the past 12 months? (Please do not include bleedings caused by medical conditions, hormone therapy, or surgeries.)
            Target: 
             Females only 12 YEARS -
			150 YEARS"	"Had regular periods in past 12 months
            English Text: 
            {Have you/Has SP} had at least one menstrual period in the past 12 months? (Please do not include bleedings caused by medical conditions, hormone therapy, or surgeries.)
            Target: 
             Females only 12 YEARS -
			150 YEARS"				FALSE	False
RHD043	RHQ_L	"Reason not having regular periods
            English Text: 
            What is the reason that {you have/SP has} not had a period in the past 12 months?
            Target: 
             Females only 20 YEARS -
			150 YEARS"	"Reason not having regular periods
            English Text: 
            What is the reason that {you have/SP has} not had a period in the past 12 months?
            Target: 
             Females only 20 YEARS -
			150 YEARS"				FALSE	False
RHQ060	RHQ_L	"Age at last menstrual period
            English Text: 
            About how old {were you/was SP} when {you/SP} had {your/her} last menstrual period?
            English Instructions: 
            ENTER AGE IN YEARS.
            Target: 
             Females only 12 YEARS -
			150 YEARS"	"Age at last menstrual period
            English Text: 
            About how old {were you/was SP} when {you/SP} had {your/her} last menstrual period?
            English Instructions: 
            ENTER AGE IN YEARS.
            Target: 
             Females only 12 YEARS -
			150 YEARS"				FALSE	False
RHQ078	RHQ_L	"Ever treated for a pelvic infection/PID?
            English Text: 
            {Have you/Has SP} ever been treated for an infection in {your/her} fallopian tubes, uterus or ovaries, also called a pelvic infection, pelvic inflammatory disease, or PID?
            Target: 
             Females only 18 YEARS -
			59 YEARS"	"Ever treated for a pelvic infection/PID?
            English Text: 
            {Have you/Has SP} ever been treated for an infection in {your/her} fallopian tubes, uterus or ovaries, also called a pelvic infection, pelvic inflammatory disease, or PID?
            Target: 
             Females only 18 YEARS -
			59 YEARS"				FALSE	False
RHQ131	RHQ_L	"Ever been pregnant?
            English Text: 
            The next questions are about {your/SP's} pregnancy history. {Have you/Has SP ever been pregnant? Please include (current pregnancy,) live births, miscarriages, stillbirths, tubal pregnancies and abortions.
            Target: 
             Females only 20 YEARS -
			59 YEARS"	"Ever been pregnant?
            English Text: 
            The next questions are about {your/SP's} pregnancy history. {Have you/Has SP ever been pregnant? Please include (current pregnancy,) live births, miscarriages, stillbirths, tubal pregnancies and abortions.
            Target: 
             Females only 20 YEARS -
			59 YEARS"				FALSE	False
RHD143	RHQ_L	"Are you pregnant now?
            English Text: 
            {Are you/Is SP} pregnant now?
            Target: 
             Females only 20 YEARS -
			44 YEARS"	"Are you pregnant now?
            English Text: 
            {Are you/Is SP} pregnant now?
            Target: 
             Females only 20 YEARS -
			44 YEARS"				FALSE	False
RHD167	RHQ_L	"Total number of deliveries
            English Text: 
            How many deliveries {have you/has SP} had?  (Please count all vaginal and Cesarean deliveries and count stillbirths as well as live births.)
            English Instructions: 
            COUNT THE NUMBER OF DELIVERIES, NOT THE NUMBER OF LIVE-BORN CHILDREN. FOR EXAMPLE, IF SP DELIVERED TWINS OR HAD ANY OTHER MULTIPLE BIRTH, COUNT AS A SINGLE DELIVERY.
            Target: 
             Females only 20 YEARS -
			59 YEARS"	"Total number of deliveries
            English Text: 
            How many deliveries {have you/has SP} had?  (Please count all vaginal and Cesarean deliveries and count stillbirths as well as live births.)
            English Instructions: 
            COUNT THE NUMBER OF DELIVERIES, NOT THE NUMBER OF LIVE-BORN CHILDREN. FOR EXAMPLE, IF SP DELIVERED TWINS OR HAD ANY OTHER MULTIPLE BIRTH, COUNT AS A SINGLE DELIVERY.
            Target: 
             Females only 20 YEARS -
			59 YEARS"				FALSE	False
RHQ200	RHQ_L	"Now breastfeeding a child?
            English Text: 
            {Are you/Is SP} now breast feeding a child?
            Target: 
             Females only 20 YEARS -
			44 YEARS"	"Now breastfeeding a child?
            English Text: 
            {Are you/Is SP} now breast feeding a child?
            Target: 
             Females only 20 YEARS -
			44 YEARS"				FALSE	False
RHD280	RHQ_L	"Had a hysterectomy?
            English Text: 
            {Have you/Has SP} had a hysterectomy that is, surgery to remove {your/her} uterus or womb?
            Target: 
             Females only 20 YEARS -
			150 YEARS"	"Had a hysterectomy?
            English Text: 
            {Have you/Has SP} had a hysterectomy that is, surgery to remove {your/her} uterus or womb?
            Target: 
             Females only 20 YEARS -
			150 YEARS"				FALSE	False
RHQ305	RHQ_L	"Had both ovaries removed?
            English Text: 
            {Have you/Has SP} had both of {your/her} ovaries removed (either when {you/she} had {your/her} uterus removed or at another time)?
            Target: 
             Females only 20 YEARS -
			150 YEARS"	"Had both ovaries removed?
            English Text: 
            {Have you/Has SP} had both of {your/her} ovaries removed (either when {you/she} had {your/her} uterus removed or at another time)?
            Target: 
             Females only 20 YEARS -
			150 YEARS"				FALSE	False
RHQ332	RHQ_L	"Age when both ovaries removed
            English Text: 
            How old {were you/was SP} when {you/she} had {your/her} ovaries removed or last ovary removed if removed at different times?
            English Instructions: 
            ENTER AGE IN YEARS.
            Target: 
             Females only 20 YEARS -
			150 YEARS"	"Age when both ovaries removed
            English Text: 
            How old {were you/was SP} when {you/she} had {your/her} ovaries removed or last ovary removed if removed at different times?
            English Instructions: 
            ENTER AGE IN YEARS.
            Target: 
             Females only 20 YEARS -
			150 YEARS"				FALSE	False
SEQN	SLQ_L	"Respondent sequence number
            English Text: 
            Respondent sequence number.
            Target: 
             Both males and females 16 YEARS -
			150 YEARS"	"Respondent sequence number
            English Text: 
            Respondent sequence number.
            Target: 
             Both males and females 16 YEARS -
			150 YEARS"				FALSE	False
SLQ300	SLQ_L	"Usual sleep time on weekdays or workdays
            English Text: 
            What time {do you/does SP} usually fall asleep on weekdays or workdays?
            English Instructions: 
            Character variable
'HH:MM' ('00:00' to '23:45')
            Target: 
             Both males and females 16 YEARS -
			150 YEARS"	"Usual sleep time on weekdays or workdays
            English Text: 
            What time {do you/does SP} usually fall asleep on weekdays or workdays?
            English Instructions: 
            Character variable
'HH:MM' ('00:00' to '23:45')
            Target: 
             Both males and females 16 YEARS -
			150 YEARS"				FALSE	False
SLQ310	SLQ_L	"Usual wake time on weekdays or workdays
            English Text: 
            What time {do you/does SP} usually wake up on weekdays or workdays?
            English Instructions: 
            Character variable
'HH:MM' ('00:00' to '23:30')
            Target: 
             Both males and females 16 YEARS -
			150 YEARS"	"Usual wake time on weekdays or workdays
            English Text: 
            What time {do you/does SP} usually wake up on weekdays or workdays?
            English Instructions: 
            Character variable
'HH:MM' ('00:00' to '23:30')
            Target: 
             Both males and females 16 YEARS -
			150 YEARS"				FALSE	False
SLD012	SLQ_L	"Sleep hours - weekdays or workdays
            English Text: 
            Number of hours usually sleep on weekdays or workdays.
            English Instructions: 
            Derived from SLQ300 and SLQ310
            Target: 
             Both males and females 16 YEARS -
			150 YEARS"	"Sleep hours - weekdays or workdays
            English Text: 
            Number of hours usually sleep on weekdays or workdays.
            English Instructions: 
            Derived from SLQ300 and SLQ310
            Target: 
             Both males and females 16 YEARS -
			150 YEARS"				FALSE	False
SLQ320	SLQ_L	"Usual sleep time on weekends
            English Text: 
            What time {do you/does SP} usually fall asleep on weekends or non-workdays?
            English Instructions: 
            Character variable 'HH:MM' ('00:00' to '23:45')
            Target: 
             Both males and females 16 YEARS -
			150 YEARS"	"Usual sleep time on weekends
            English Text: 
            What time {do you/does SP} usually fall asleep on weekends or non-workdays?
            English Instructions: 
            Character variable 'HH:MM' ('00:00' to '23:45')
            Target: 
             Both males and females 16 YEARS -
			150 YEARS"				FALSE	False
SLQ330	SLQ_L	"Usual wake time on weekends
            English Text: 
            What time {do you/does SP} usually wake up on weekends or non-workdays?
            English Instructions: 
            Character variable 'HH:MM' ('00:00' to '23:30')
            Target: 
             Both males and females 16 YEARS -
			150 YEARS"	"Usual wake time on weekends
            English Text: 
            What time {do you/does SP} usually wake up on weekends or non-workdays?
            English Instructions: 
            Character variable 'HH:MM' ('00:00' to '23:30')
            Target: 
             Both males and females 16 YEARS -
			150 YEARS"				FALSE	False
SLD013	SLQ_L	"Sleep hours - weekends
            English Text: 
            Number of hours usually sleep on weekends or non-workdays.
            English Instructions: 
            Derived from SLQ320 and SLQ330
            Target: 
             Both males and females 16 YEARS -
			150 YEARS"	"Sleep hours - weekends
            English Text: 
            Number of hours usually sleep on weekends or non-workdays.
            English Instructions: 
            Derived from SLQ320 and SLQ330
            Target: 
             Both males and females 16 YEARS -
			150 YEARS"				FALSE	False
SEQN	SMQ_L	"Respondent sequence number
            English Text: 
            Respondent sequence number.
            Target: 
             Both males and females 12 YEARS -
			150 YEARS"	"Respondent sequence number
            English Text: 
            Respondent sequence number.
            Target: 
             Both males and females 12 YEARS -
			150 YEARS"				FALSE	False
SMQ020	SMQ_L	"Smoked at least 100 cigarettes in life
            English Text: 
            These next questions are about cigarette smoking and other tobacco use. {Have you/Has SP} smoked at least 100 cigarettes in {your/his/her} entire life?
            Target: 
             Both males and females 18 YEARS -
			150 YEARS"	"Smoked at least 100 cigarettes in life
            English Text: 
            These next questions are about cigarette smoking and other tobacco use. {Have you/Has SP} smoked at least 100 cigarettes in {your/his/her} entire life?
            Target: 
             Both males and females 18 YEARS -
			150 YEARS"				FALSE	False
SMQ040	SMQ_L	"Do you now smoke cigarettes?
            English Text: 
            {Do you/Does SP} now smoke cigarettes?
            Target: 
             Both males and females 18 YEARS -
			150 YEARS"	"Do you now smoke cigarettes?
            English Text: 
            {Do you/Does SP} now smoke cigarettes?
            Target: 
             Both males and females 18 YEARS -
			150 YEARS"				FALSE	False
SMD641	SMQ_L	"# days smoked cigs during past 30 days
            English Text: 
            On how many of the past 30 days did {you/SP} smoke a cigarette?
            English Instructions: 
            ENTER NUMBER (OF DAYS)
            Target: 
             Both males and females 12 YEARS -
			150 YEARS
            Hard Edits: 
            0 to 30"	"# days smoked cigs during past 30 days
            English Text: 
            On how many of the past 30 days did {you/SP} smoke a cigarette?
            English Instructions: 
            ENTER NUMBER (OF DAYS)
            Target: 
             Both males and females 12 YEARS -
			150 YEARS
            Hard Edits: 
            0 to 30"				FALSE	False
SMD650	SMQ_L	"Avg # cigarettes/day during past 30 days
            English Text: 
            During the past 30 days, on the days that {you/SP} smoked, about how many cigarettes did {you/s/he} smoke per day?
            English Instructions: 
            1 PACK EQUALS 20 CIGARETTES.  IF LESS THAN 1 PER DAY, ENTER 1.  IF 95 OR MORE PER DAY, ENTER 95.  ENTER NUMBER (OF CIGARETTES) (PER DAY).
            Target: 
             Both males and females 12 YEARS -
			150 YEARS
            Hard Edits: 
            1 to 95"	"Avg # cigarettes/day during past 30 days
            English Text: 
            During the past 30 days, on the days that {you/SP} smoked, about how many cigarettes did {you/s/he} smoke per day?
            English Instructions: 
            1 PACK EQUALS 20 CIGARETTES.  IF LESS THAN 1 PER DAY, ENTER 1.  IF 95 OR MORE PER DAY, ENTER 95.  ENTER NUMBER (OF CIGARETTES) (PER DAY).
            Target: 
             Both males and females 12 YEARS -
			150 YEARS
            Hard Edits: 
            1 to 95"				FALSE	False
SMD100MN	SMQ_L	"Cigarette Menthol indicator
            English Text: 
            Do you usually smoke menthol or non-menthol cigarettes?
            Target: 
             Both males and females 18 YEARS -
			150 YEARS"	"Cigarette Menthol indicator
            English Text: 
            Do you usually smoke menthol or non-menthol cigarettes?
            Target: 
             Both males and females 18 YEARS -
			150 YEARS"				FALSE	False
SMQ621	SMQ_L	"Cigarettes smoked in entire life
            English Text: 
            The following questions are about cigarette smoking and other tobacco use.  Do not include cigars or marijuana.  About how many cigarettes have you smoked in your entire life?
            English Instructions: 
            INSTRUCTIONS TO SP: Please select . . .
            Target: 
             Both males and females 12 YEARS -
			17 YEARS"	"Cigarettes smoked in entire life
            English Text: 
            The following questions are about cigarette smoking and other tobacco use.  Do not include cigars or marijuana.  About how many cigarettes have you smoked in your entire life?
            English Instructions: 
            INSTRUCTIONS TO SP: Please select . . .
            Target: 
             Both males and females 12 YEARS -
			17 YEARS"				FALSE	False
SMD630	SMQ_L	"Age first smoked whole cigarette
            English Text: 
            How old were you when you smoked a whole cigarette for the first time?
            Target: 
             Both males and females 12 YEARS -
			17 YEARS"	"Age first smoked whole cigarette
            English Text: 
            How old were you when you smoked a whole cigarette for the first time?
            Target: 
             Both males and females 12 YEARS -
			17 YEARS"				FALSE	False
SMAQUEX2	SMQ_L	"Questionnaire Mode Flag
            English Text: 
            Questionnaire Mode Flag
            Target: 
             Both males and females 12 YEARS -
			150 YEARS"	"Questionnaire Mode Flag
            English Text: 
            Questionnaire Mode Flag
            Target: 
             Both males and females 12 YEARS -
			150 YEARS"				FALSE	False
SEQN	SMQFAM_L	"Respondent sequence number
            English Text: 
            Respondent sequence number.
            Target: 
             Both males and females 0 YEARS -
			150 YEARS"	"Respondent sequence number
            English Text: 
            Respondent sequence number.
            Target: 
             Both males and females 0 YEARS -
			150 YEARS"				FALSE	False
SMD460	SMQFAM_L	"# of people who live here smoke tobacco?
            English Text: 
            Now I would like to ask you a few questions about smoking in this home.  How many people who live here smoke cigarettes, cigars, little cigars, pipes, water pipes, hookah, or any other tobacco product?
            English Instructions: 
            INTERVIEWER INSTRUCTION:  IF RESPONSE IS NO ONE, ENTER ZERO. ENTER NUMBER OF PERSONS. CAPI INSTRUCTION:  ALLOW '0' AS AN ENTRY.  RANGE EDIT:  CANNOT BE GREATER THAN # OF PEOPLE IN THE HOUSEHOLD.  IF '0', 'REFUSED' OR 'DON'T KNOW', GO TO END OF SECTION.
            Target: 
             Both males and females 0 YEARS -
			150 YEARS"	"# of people who live here smoke tobacco?
            English Text: 
            Now I would like to ask you a few questions about smoking in this home.  How many people who live here smoke cigarettes, cigars, little cigars, pipes, water pipes, hookah, or any other tobacco product?
            English Instructions: 
            INTERVIEWER INSTRUCTION:  IF RESPONSE IS NO ONE, ENTER ZERO. ENTER NUMBER OF PERSONS. CAPI INSTRUCTION:  ALLOW '0' AS AN ENTRY.  RANGE EDIT:  CANNOT BE GREATER THAN # OF PEOPLE IN THE HOUSEHOLD.  IF '0', 'REFUSED' OR 'DON'T KNOW', GO TO END OF SECTION.
            Target: 
             Both males and females 0 YEARS -
			150 YEARS"				FALSE	False
SMD470	SMQFAM_L	"# of people who smoke inside this home?
            English Text: 
            Not counting decks, porches, or detached garages, how many people who live here smoke cigarettes, cigars, little cigars, pipes, water pipes, hookah, or any other tobacco product inside this home?
            English Instructions: 
            ENTER NUMBER OF PERSONS. CAPI INSTRUCTION:  ALLOW '0' AS AN ENTRY.  HARD EDIT: NUMBER ENTERED IN SMQ.470 MUST BE EQUAL OR LESS THAN SMQ.460. IF '0', 'REFUSED' OR 'DON'T KNOW', GO TO END OF SECTION.
            Target: 
             Both males and females 0 YEARS -
			150 YEARS"	"# of people who smoke inside this home?
            English Text: 
            Not counting decks, porches, or detached garages, how many people who live here smoke cigarettes, cigars, little cigars, pipes, water pipes, hookah, or any other tobacco product inside this home?
            English Instructions: 
            ENTER NUMBER OF PERSONS. CAPI INSTRUCTION:  ALLOW '0' AS AN ENTRY.  HARD EDIT: NUMBER ENTERED IN SMQ.470 MUST BE EQUAL OR LESS THAN SMQ.460. IF '0', 'REFUSED' OR 'DON'T KNOW', GO TO END OF SECTION.
            Target: 
             Both males and females 0 YEARS -
			150 YEARS"				FALSE	False
SEQN	SMQRTU_L	"Respondent sequence number
            English Text: 
            Respondent sequence number.
            Target: 
             Both males and females 12 YEARS -
			150 YEARS"	"Respondent sequence number
            English Text: 
            Respondent sequence number.
            Target: 
             Both males and females 12 YEARS -
			150 YEARS"				FALSE	False
SMQ681	SMQRTU_L	"Smoked tobacco last 5 days?
            English Text: 
            During the past 5 days, including today, did you smoke cigarettes, pipes, regular cigars, cigarillos, or little filtered cigars, water pipes, or hookahs with tobacco? 
            Target: 
             Both males and females 12 YEARS -
			150 YEARS"	"Smoked tobacco last 5 days?
            English Text: 
            During the past 5 days, including today, did you smoke cigarettes, pipes, regular cigars, cigarillos, or little filtered cigars, water pipes, or hookahs with tobacco? 
            Target: 
             Both males and females 12 YEARS -
			150 YEARS"				FALSE	False
SMQ690A	SMQRTU_L	"Used last 5 days - Cigarettes
            English Text: 
            Which of these products did {you/he/she} use?
            English Instructions: 
            (CHECK ALL THAT APPLY).  Verbal instructions to respondent: Please select all that you used.
            Target: 
             Both males and females 12 YEARS -
			150 YEARS"	"Used last 5 days - Cigarettes
            English Text: 
            Which of these products did {you/he/she} use?
            English Instructions: 
            (CHECK ALL THAT APPLY).  Verbal instructions to respondent: Please select all that you used.
            Target: 
             Both males and females 12 YEARS -
			150 YEARS"				FALSE	False
SMQ710	SMQRTU_L	"# days smoked cigarettes last 5 days
            English Text: 
            During the past 5 days, including today, on how many days did {you/he/she} smoke cigarettes?
            English Instructions: 
            ENTER NUMBER OF DAYS.
            Target: 
             Both males and females 12 YEARS -
			150 YEARS
            Hard Edits: 
            1 to 5"	"# days smoked cigarettes last 5 days
            English Text: 
            During the past 5 days, including today, on how many days did {you/he/she} smoke cigarettes?
            English Instructions: 
            ENTER NUMBER OF DAYS.
            Target: 
             Both males and females 12 YEARS -
			150 YEARS
            Hard Edits: 
            1 to 5"				FALSE	False
SMQ720	SMQRTU_L	"# cigarettes smoked per day
            English Text: 
            During the past 5 days, including today, on the days {you/he/she} smoked, how many cigarettes did {you/he/she} smoke each day?
            English Instructions: 
            ENTER NUMBER OF CIGARETTES.
            Target: 
             Both males and females 12 YEARS -
			150 YEARS"	"# cigarettes smoked per day
            English Text: 
            During the past 5 days, including today, on the days {you/he/she} smoked, how many cigarettes did {you/he/she} smoke each day?
            English Instructions: 
            ENTER NUMBER OF CIGARETTES.
            Target: 
             Both males and females 12 YEARS -
			150 YEARS"				FALSE	False
SMQ725	SMQRTU_L	"When did resp. smoke last cigarette?
            English Text: 
            When did {you/he/she} smoke {your/his/her} last cigarette? Was it...
            Target: 
             Both males and females 12 YEARS -
			150 YEARS"	"When did resp. smoke last cigarette?
            English Text: 
            When did {you/he/she} smoke {your/his/her} last cigarette? Was it...
            Target: 
             Both males and females 12 YEARS -
			150 YEARS"				FALSE	False
SMQ690B	SMQRTU_L	"Used last 5 days - Pipes
            English Text: 
            Which of these products did {you/he/she} use?
            English Instructions: 
            (CHECK ALL THAT APPLY).  Verbal instructions to respondent: Please select all that you used.
            Target: 
             Both males and females 12 YEARS -
			150 YEARS"	"Used last 5 days - Pipes
            English Text: 
            Which of these products did {you/he/she} use?
            English Instructions: 
            (CHECK ALL THAT APPLY).  Verbal instructions to respondent: Please select all that you used.
            Target: 
             Both males and females 12 YEARS -
			150 YEARS"				FALSE	False
SMQ740	SMQRTU_L	"# days smoked pipe over last 5 days
            English Text: 
            During the past 5 days, including today, on how many days did {you/he/she} smoke a pipe?
            English Instructions: 
            ENTER NUMBER OF DAYS.
            Target: 
             Both males and females 12 YEARS -
			150 YEARS
            Hard Edits: 
            1 to 5"	"# days smoked pipe over last 5 days
            English Text: 
            During the past 5 days, including today, on how many days did {you/he/she} smoke a pipe?
            English Instructions: 
            ENTER NUMBER OF DAYS.
            Target: 
             Both males and females 12 YEARS -
			150 YEARS
            Hard Edits: 
            1 to 5"				FALSE	False
SMQ690C	SMQRTU_L	"Used last 5 days - Cigars
            English Text: 
            Which of these products did {you/he/she} use?
            English Instructions: 
            (CHECK ALL THAT APPLY).  Verbal instructions to respondent: Please select all that you used.
            Target: 
             Both males and females 12 YEARS -
			150 YEARS"	"Used last 5 days - Cigars
            English Text: 
            Which of these products did {you/he/she} use?
            English Instructions: 
            (CHECK ALL THAT APPLY).  Verbal instructions to respondent: Please select all that you used.
            Target: 
             Both males and females 12 YEARS -
			150 YEARS"				FALSE	False
SMQ770	SMQRTU_L	"# days smoked cigars over last 5 days
            English Text: 
            During the past 5 days, including today, on how many days did you smoke regular cigars, cigarillos, or little filtered cigars?
            English Instructions: 
            ENTER NUMBER OF DAYS.
            Target: 
             Both males and females 12 YEARS -
			150 YEARS
            Hard Edits: 
            1 to 5"	"# days smoked cigars over last 5 days
            English Text: 
            During the past 5 days, including today, on how many days did you smoke regular cigars, cigarillos, or little filtered cigars?
            English Instructions: 
            ENTER NUMBER OF DAYS.
            Target: 
             Both males and females 12 YEARS -
			150 YEARS
            Hard Edits: 
            1 to 5"				FALSE	False
SMQ690G	SMQRTU_L	"Used last 5 days - Hookah, water pipes
            English Text: 
            Which of these products did {you/he/she} use?
            English Instructions: 
            CHECK ALL THAT APPLY). Verbal instructions to respondent: Please select all that you used.
            Target: 
             Both males and females 12 YEARS -
			150 YEARS"	"Used last 5 days - Hookah, water pipes
            English Text: 
            Which of these products did {you/he/she} use?
            English Instructions: 
            CHECK ALL THAT APPLY). Verbal instructions to respondent: Please select all that you used.
            Target: 
             Both males and females 12 YEARS -
			150 YEARS"				FALSE	False
SMQ845	SMQRTU_L	"# days smoked water pipe last 5 days
            English Text: 
            During the past 5 days, including today, on how many days did {you/he/she} smoke tobacco in a water pipe or Hookah?
            English Instructions: 
            ENTER NUMBER OF DAYS.
            Target: 
             Both males and females 12 YEARS -
			150 YEARS
            Hard Edits: 
            1 to 5"	"# days smoked water pipe last 5 days
            English Text: 
            During the past 5 days, including today, on how many days did {you/he/she} smoke tobacco in a water pipe or Hookah?
            English Instructions: 
            ENTER NUMBER OF DAYS.
            Target: 
             Both males and females 12 YEARS -
			150 YEARS
            Hard Edits: 
            1 to 5"				FALSE	False
SMQ846	SMQRTU_L	"Used last 5 days - E-cigarettes
            English Text: 
            During the past 5 days, including today, did you use e-cigarettes? You may also know them as JUUL(TM), vape-pens, vapes, hookah-pens, e-hookahs, or vaporizers. These are battery-powered, usually contain liquid nicotine, and produce vapor instead of smoke?
            Target: 
             Both males and females 12 YEARS -
			150 YEARS"	"Used last 5 days - E-cigarettes
            English Text: 
            During the past 5 days, including today, did you use e-cigarettes? You may also know them as JUUL(TM), vape-pens, vapes, hookah-pens, e-hookahs, or vaporizers. These are battery-powered, usually contain liquid nicotine, and produce vapor instead of smoke?
            Target: 
             Both males and females 12 YEARS -
			150 YEARS"				FALSE	False
SMQ849	SMQRTU_L	"# days used e-cigarettes last 5 days
            English Text: 
            During the past 5 days, including today, on how many days did {you/he/she} use e-cigarettes?
            English Instructions: 
            ENTER NUMBER OF DAYS.
            Target: 
             Both males and females 12 YEARS -
			150 YEARS
            Hard Edits: 
            1 to 5"	"# days used e-cigarettes last 5 days
            English Text: 
            During the past 5 days, including today, on how many days did {you/he/she} use e-cigarettes?
            English Instructions: 
            ENTER NUMBER OF DAYS.
            Target: 
             Both males and females 12 YEARS -
			150 YEARS
            Hard Edits: 
            1 to 5"				FALSE	False
SMQ851	SMQRTU_L	"Used smokeless tobacco last 5 days?
            English Text: 
            Smokeless tobacco products are placed in the mouth or nose and can include chewing tobacco, snuff, dip, snus, or dissolvable tobacco. During the past 5 days, including today, did {you/he/she} use any smokeless tobacco?
            Target: 
             Both males and females 12 YEARS -
			150 YEARS"	"Used smokeless tobacco last 5 days?
            English Text: 
            Smokeless tobacco products are placed in the mouth or nose and can include chewing tobacco, snuff, dip, snus, or dissolvable tobacco. During the past 5 days, including today, did {you/he/she} use any smokeless tobacco?
            Target: 
             Both males and females 12 YEARS -
			150 YEARS"				FALSE	False
SMQ690D	SMQRTU_L	"Used last 5 days - Chewing tobacco
            English Text: 
            Which of these products did {you/he/she} use?
            English Instructions: 
            (CHECK ALL THAT APPLY).  Verbal instructions to respondent: Please select all that you used.
            Target: 
             Both males and females 12 YEARS -
			150 YEARS"	"Used last 5 days - Chewing tobacco
            English Text: 
            Which of these products did {you/he/she} use?
            English Instructions: 
            (CHECK ALL THAT APPLY).  Verbal instructions to respondent: Please select all that you used.
            Target: 
             Both males and females 12 YEARS -
			150 YEARS"				FALSE	False
SMQ690E	SMQRTU_L	"Used last 5 days - Snuff
            English Text: 
            Which of these products did {you/he/she} use?
            English Instructions: 
            (CHECK ALL THAT APPLY).  Verbal instructions to respondent: Please select all that you used.
            Target: 
             Both males and females 12 YEARS -
			150 YEARS"	"Used last 5 days - Snuff
            English Text: 
            Which of these products did {you/he/she} use?
            English Instructions: 
            (CHECK ALL THAT APPLY).  Verbal instructions to respondent: Please select all that you used.
            Target: 
             Both males and females 12 YEARS -
			150 YEARS"				FALSE	False
SMQ690K	SMQRTU_L	"Used last 5 days - Other smokeless
            English Text: 
            Which of these products did {you/he/she} use?
            Target: 
             Both males and females 12 YEARS -
			150 YEARS"	"Used last 5 days - Other smokeless
            English Text: 
            Which of these products did {you/he/she} use?
            Target: 
             Both males and females 12 YEARS -
			150 YEARS"				FALSE	False
SMQ863	SMQRTU_L	"Used nicotine replacement last 5 days?
            English Text: 
            During the past 5 days, including today, did {you/he/she} use any nicotine replacement therapy products such as nicotine patches, gum, lozenges, inhalers, or nasal sprays?
            Target: 
             Both males and females 18 YEARS -
			150 YEARS"	"Used nicotine replacement last 5 days?
            English Text: 
            During the past 5 days, including today, did {you/he/she} use any nicotine replacement therapy products such as nicotine patches, gum, lozenges, inhalers, or nasal sprays?
            Target: 
             Both males and females 18 YEARS -
			150 YEARS"				FALSE	False
SMQ690F	SMQRTU_L	"Used last 5 days - Patch, gum, other
            English Text: 
            Which of these products did {you/he/she} use?
            English Instructions: 
            (CHECK ALL THAT APPLY). Verbal instructions to respondent: Please select all that you used.
            Target: 
             Both males and females 18 YEARS -
			150 YEARS"	"Used last 5 days - Patch, gum, other
            English Text: 
            Which of these products did {you/he/she} use?
            English Instructions: 
            (CHECK ALL THAT APPLY). Verbal instructions to respondent: Please select all that you used.
            Target: 
             Both males and females 18 YEARS -
			150 YEARS"				FALSE	False
SMDANY	SMQRTU_L	"Used any tobacco product last 5 days?
            English Text: 
            Used any tobacco product last 5 days?
            Target: 
             Both males and females 12 YEARS -
			150 YEARS"	"Used any tobacco product last 5 days?
            English Text: 
            Used any tobacco product last 5 days?
            Target: 
             Both males and females 12 YEARS -
			150 YEARS"				FALSE	False
SEQN	VTQ_L	"Respondent sequence number
            English Text: 
            Respondent sequence number.
            Target: 
             Both males and females 12 YEARS -
			150 YEARS"	"Respondent sequence number
            English Text: 
            Respondent sequence number.
            Target: 
             Both males and females 12 YEARS -
			150 YEARS"				FALSE	False
WTSVOC2Y	VTQ_L	"VOC Subsample Weight
            English Text: 
            VOC Subsample Weight
            Target: 
             Both males and females 12 YEARS -
			150 YEARS"	"VOC Subsample Weight
            English Text: 
            VOC Subsample Weight
            Target: 
             Both males and females 12 YEARS -
			150 YEARS"				FALSE	False
VTQ231A	VTQ_L	"Use moth balls or toilet deodorizers?
            English Text: 
            {Do you/Does she/Does he} currently use moth balls, moth crystals or toilet bowl deodorizers inside {your/her/his} home?
            English Instructions: 
            HELP SCREEN SHOULD READ: Some toilet bowl deodorizers clip onto the toilet rim, other, such as deodorant blocks and gels, are placed inside the tank or hang inside the wall of the tank. Brand names include Bully, 2000 Flushes, Vanish, X-14, Ty-D-Bol, Toilet Duck, Clorox, Lime-A-Way, and Sno Bol.
            Target: 
             Both males and females 12 YEARS -
			150 YEARS"	"Use moth balls or toilet deodorizers?
            English Text: 
            {Do you/Does she/Does he} currently use moth balls, moth crystals or toilet bowl deodorizers inside {your/her/his} home?
            English Instructions: 
            HELP SCREEN SHOULD READ: Some toilet bowl deodorizers clip onto the toilet rim, other, such as deodorant blocks and gels, are placed inside the tank or hang inside the wall of the tank. Brand names include Bully, 2000 Flushes, Vanish, X-14, Ty-D-Bol, Toilet Duck, Clorox, Lime-A-Way, and Sno Bol.
            Target: 
             Both males and females 12 YEARS -
			150 YEARS"				FALSE	False
VTQ233A	VTQ_L	"Past 3 days inhale smoke for 10 minutes
            English Text: 
            In the last three days, did {you/she/he} inhale smoke from any source for 10 or more minutes?
            Target: 
             Both males and females 12 YEARS -
			150 YEARS"	"Past 3 days inhale smoke for 10 minutes
            English Text: 
            In the last three days, did {you/she/he} inhale smoke from any source for 10 or more minutes?
            Target: 
             Both males and females 12 YEARS -
			150 YEARS"				FALSE	False
VTQ233B	VTQ_L	"When did you last inhale smoke for 10min
            English Text: 
            When did {you/she/he} last spend 10 or more minutes inhaling smoke?
            Target: 
             Both males and females 12 YEARS -
			150 YEARS"	"When did you last inhale smoke for 10min
            English Text: 
            When did {you/she/he} last spend 10 or more minutes inhaling smoke?
            Target: 
             Both males and females 12 YEARS -
			150 YEARS"				FALSE	False
VTQ244A	VTQ_L	"Did you pump gas into your car?
            English Text: 
            In the last 48 hours, did {you/she/he} pump gas into a car or other motor vehicle {yourself/herself/ himself}?
            Target: 
             Both males and females 12 YEARS -
			150 YEARS"	"Did you pump gas into your car?
            English Text: 
            In the last 48 hours, did {you/she/he} pump gas into a car or other motor vehicle {yourself/herself/ himself}?
            Target: 
             Both males and females 12 YEARS -
			150 YEARS"				FALSE	False
VTD244B	VTQ_L	"Long ago did you pump gas in your car?
            English Text: 
            How long ago, in hours, did {you/she/he} pump gas into a car or other motor vehicle {yourself/herself/ himself}?
            English Instructions: 
            HOURS
HARD EDIT:  Range - 1 - 48
            Target: 
             Both males and females 12 YEARS -
			150 YEARS
            Hard Edits: 
            1 to 48"	"Long ago did you pump gas in your car?
            English Text: 
            How long ago, in hours, did {you/she/he} pump gas into a car or other motor vehicle {yourself/herself/ himself}?
            English Instructions: 
            HOURS
HARD EDIT:  Range - 1 - 48
            Target: 
             Both males and females 12 YEARS -
			150 YEARS
            Hard Edits: 
            1 to 48"				FALSE	False
VTQ261A	VTQ_L	"In last 48 hrs use dry cleaning solvent?
            English Text: 
            In the last 48 hours, did {you/she/he} use dry cleaning solvents, visit a dry cleaning shop or wear clothes that had been dry-cleaned within the last week?
            Target: 
             Both males and females 12 YEARS -
			150 YEARS"	"In last 48 hrs use dry cleaning solvent?
            English Text: 
            In the last 48 hours, did {you/she/he} use dry cleaning solvents, visit a dry cleaning shop or wear clothes that had been dry-cleaned within the last week?
            Target: 
             Both males and females 12 YEARS -
			150 YEARS"				FALSE	False
VTD261B	VTQ_L	"Long since use dry cleaning solvents?
            English Text: 
            How long ago, in hours, has it been since {you/she/he} used dry cleaning solvents, visited a dry cleaning shop or wore clothes that had been dry-cleaned within the last week?
            English Instructions: 
            HARD EDIT:  Range - 1 - 48
HOURS
            Target: 
             Both males and females 12 YEARS -
			150 YEARS
            Hard Edits: 
            1 to 48"	"Long since use dry cleaning solvents?
            English Text: 
            How long ago, in hours, has it been since {you/she/he} used dry cleaning solvents, visited a dry cleaning shop or wore clothes that had been dry-cleaned within the last week?
            English Instructions: 
            HARD EDIT:  Range - 1 - 48
HOURS
            Target: 
             Both males and females 12 YEARS -
			150 YEARS
            Hard Edits: 
            1 to 48"				FALSE	False
VTQ271A	VTQ_L	"In last 48 hrs, bathe for 5+ minutes?
            English Text: 
            In the last 48 hours, did {you/she/he} take a hot shower or bath for five minutes or longer?
            Target: 
             Both males and females 12 YEARS -
			150 YEARS"	"In last 48 hrs, bathe for 5+ minutes?
            English Text: 
            In the last 48 hours, did {you/she/he} take a hot shower or bath for five minutes or longer?
            Target: 
             Both males and females 12 YEARS -
			150 YEARS"				FALSE	False
VTD271B	VTQ_L	"How long, in hrs, since you bathed?
            English Text: 
            How long ago, in hours, has it been since {your/SP's} last shower or hot bath?
            English Instructions: 
            Hours
            Target: 
             Both males and females 12 YEARS -
			150 YEARS
            Hard Edits: 
            1 to 48"	"How long, in hrs, since you bathed?
            English Text: 
            How long ago, in hours, has it been since {your/SP's} last shower or hot bath?
            English Instructions: 
            Hours
            Target: 
             Both males and females 12 YEARS -
			150 YEARS
            Hard Edits: 
            1 to 48"				FALSE	False
VTQ281A	VTQ_L	"In past 48 hrs breathe paint fumes?
            English Text: 
            In the last 48 hours, did {you/she/he} breathe fumes from freshly painted indoor surfaces, paints, paint thinner, or varnish?
            Target: 
             Both males and females 12 YEARS -
			150 YEARS"	"In past 48 hrs breathe paint fumes?
            English Text: 
            In the last 48 hours, did {you/she/he} breathe fumes from freshly painted indoor surfaces, paints, paint thinner, or varnish?
            Target: 
             Both males and females 12 YEARS -
			150 YEARS"				FALSE	False
VTD281B	VTQ_L	"How long, since breathed paint fumes?
            English Text: 
            How long ago, in hours, has it been since {you/she/he} breathed fumes from freshly painted indoor surfaces, paints, paint thinner, or varnish?
            English Instructions: 
            HARD EDIT:  Range - 1 - 48
HOURS
            Target: 
             Both males and females 12 YEARS -
			150 YEARS
            Hard Edits: 
            1 to 48"	"How long, since breathed paint fumes?
            English Text: 
            How long ago, in hours, has it been since {you/she/he} breathed fumes from freshly painted indoor surfaces, paints, paint thinner, or varnish?
            English Instructions: 
            HARD EDIT:  Range - 1 - 48
HOURS
            Target: 
             Both males and females 12 YEARS -
			150 YEARS
            Hard Edits: 
            1 to 48"				FALSE	False
SEQN	WHQ_L	"Respondent sequence number
            English Text: 
            Respondent sequence number.
            Target: 
             Both males and females 16 YEARS -
			150 YEARS"	"Respondent sequence number
            English Text: 
            Respondent sequence number.
            Target: 
             Both males and females 16 YEARS -
			150 YEARS"				FALSE	False
WHD010	WHQ_L	"Current self-reported height (inches)
            English Text: 
            These next questions ask about {your/SP's} height and weight at different times in {your/his/her} life.  How tall {are you/is SP} without shoes?
            English Instructions: 
            ENTER HEIGHT IN FEET AND INCHES OR METERS AND CENTIMETERS.
            Target: 
             Both males and females 16 YEARS -
			150 YEARS"	"Current self-reported height (inches)
            English Text: 
            These next questions ask about {your/SP's} height and weight at different times in {your/his/her} life.  How tall {are you/is SP} without shoes?
            English Instructions: 
            ENTER HEIGHT IN FEET AND INCHES OR METERS AND CENTIMETERS.
            Target: 
             Both males and females 16 YEARS -
			150 YEARS"				FALSE	False
WHD020	WHQ_L	"Current self-reported weight (pounds)
            English Text: 
            How much {do you/does SP} weigh without clothes or shoes?

            English Instructions: 
            RECORD CURRENT WEIGHT. IF PREGNANT, ASK FOR WEIGHT BEFORE PREGNANCY. ENTER WEIGHT IN POUNDS OR KILOGRAMS. 

            Target: 
             Both males and females 16 YEARS -
			150 YEARS"	"Current self-reported weight (pounds)
            English Text: 
            How much {do you/does SP} weigh without clothes or shoes?

            English Instructions: 
            RECORD CURRENT WEIGHT. IF PREGNANT, ASK FOR WEIGHT BEFORE PREGNANCY. ENTER WEIGHT IN POUNDS OR KILOGRAMS. 

            Target: 
             Both males and females 16 YEARS -
			150 YEARS"				FALSE	False
WHD050	WHQ_L	"Self-reported weight - 1 yr ago (pounds)
            English Text: 
            How much did {you/SP} weigh a year ago?
            English Instructions: 
            ENTER WEIGHT IN POUNDS OR KILOGRAMS.  IF PREGNANT, ASK FOR WEIGHT BEFORE PREGNANCY.
            Target: 
             Both males and females 16 YEARS -
			150 YEARS"	"Self-reported weight - 1 yr ago (pounds)
            English Text: 
            How much did {you/SP} weigh a year ago?
            English Instructions: 
            ENTER WEIGHT IN POUNDS OR KILOGRAMS.  IF PREGNANT, ASK FOR WEIGHT BEFORE PREGNANCY.
            Target: 
             Both males and females 16 YEARS -
			150 YEARS"				FALSE	False
WHQ070	WHQ_L	"Tried to lose weight in past year
            English Text: 
            During the past 12 months, {have you/has SP} tried to lose weight?
            Target: 
             Both males and females 16 YEARS -
			150 YEARS"	"Tried to lose weight in past year
            English Text: 
            During the past 12 months, {have you/has SP} tried to lose weight?
            Target: 
             Both males and females 16 YEARS -
			150 YEARS"				FALSE	False
