Variable	Table	CodeOrValue	ValueDescription	Count	Cumulative	SkipToItem
SDDSRVYR	DEMO_L	12	NHANES August 2021-August 2023 public release	11933	11933	
SDDSRVYR	DEMO_L	.	Missing	0	11933	
RIDSTATR	DEMO_L	1	Interviewed only	3073	3073	
RIDSTATR	DEMO_L	2	Both interviewed and MEC examined	8860	11933	
RIDSTATR	DEMO_L	.	Missing	0	11933	
RIAGENDR	DEMO_L	1	Male	5575	5575	
RIAGENDR	DEMO_L	2	Female	6358	11933	
RIAGENDR	DEMO_L	.	Missing	0	11933	
RIDAGEYR	DEMO_L	0 to 79	Range of Values	11408	11408	
RIDAGEYR	DEMO_L	80	80 years of age and over	525	11933	
RIDAGEYR	DEMO_L	.	Missing	0	11933	
RIDAGEMN	DEMO_L	0 to 24	Range of Values	377	377	
RIDAGEMN	DEMO_L	.	Missing	11556	11933	
RIDRETH1	DEMO_L	1	Mexican American	1117	1117	
RIDRETH1	DEMO_L	2	Other Hispanic	1373	2490	
RIDRETH1	DEMO_L	3	Non-Hispanic White	6217	8707	
RIDRETH1	DEMO_L	4	Non-Hispanic Black	1597	10304	
RIDRETH1	DEMO_L	5	Other Race - Including Multi-Racial	1629	11933	
RIDRETH1	DEMO_L	.	Missing	0	11933	
RIDRETH3	DEMO_L	1	Mexican American	1117	1117	
RIDRETH3	DEMO_L	2	Other Hispanic	1373	2490	
RIDRETH3	DEMO_L	3	Non-Hispanic White	6217	8707	
RIDRETH3	DEMO_L	4	Non-Hispanic Black	1597	10304	
RIDRETH3	DEMO_L	6	Non-Hispanic Asian	681	10985	
RIDRETH3	DEMO_L	7	Other Race - Including Multi-Racial	948	11933	
RIDRETH3	DEMO_L	.	Missing	0	11933	
RIDEXMON	DEMO_L	1	November 1 through April 30	4251	4251	
RIDEXMON	DEMO_L	2	May 1 through October 31	4609	8860	
RIDEXMON	DEMO_L	.	Missing	3073	11933	
RIDEXAGM	DEMO_L	0 to 239	Range of Values	2787	2787	
RIDEXAGM	DEMO_L	.	Missing	9146	11933	
DMQMILIZ	DEMO_L	1	Yes	694	694	
DMQMILIZ	DEMO_L	2	No	7606	8300	
DMQMILIZ	DEMO_L	7	Refused	1	8301	
DMQMILIZ	DEMO_L	9	Don't know	0	8301	
DMQMILIZ	DEMO_L	.	Missing	3632	11933	
DMDBORN4	DEMO_L	1	Born in 50 US states or Washington,	10039	10039	DMDEDUC2
DMDBORN4	DEMO_L	2	Others	1875	11914	
DMDBORN4	DEMO_L	77	Refused	0	11914	DMDEDUC2
DMDBORN4	DEMO_L	99	Don't know	0	11914	DMDEDUC2
DMDBORN4	DEMO_L	.	Missing	19	11933	
DMDYRUSR	DEMO_L	1	Less than 1 year	101	101	
DMDYRUSR	DEMO_L	2	1 to 4 years	260	361	
DMDYRUSR	DEMO_L	3	5 to 9 years	225	586	
DMDYRUSR	DEMO_L	4	10 to 14 years	160	746	
DMDYRUSR	DEMO_L	5	15 to 19 years	158	904	
DMDYRUSR	DEMO_L	6	20 years or more	912	1816	
DMDYRUSR	DEMO_L	77	Refused	13	1829	
DMDYRUSR	DEMO_L	99	Don't know	46	1875	
DMDYRUSR	DEMO_L	.	Missing	10058	11933	
DMDEDUC2	DEMO_L	1	Less than 9th grade	373	373	
DMDEDUC2	DEMO_L	2	9-11th grade (Includes 12th grade with no diploma)	666	1039	
DMDEDUC2	DEMO_L	3	High school graduate/GED or equivalent	1749	2788	
DMDEDUC2	DEMO_L	4	Some college or AA degree	2370	5158	
DMDEDUC2	DEMO_L	5	College graduate or above	2625	7783	
DMDEDUC2	DEMO_L	7	Refused	0	7783	
DMDEDUC2	DEMO_L	9	Don't know	11	7794	
DMDEDUC2	DEMO_L	.	Missing	4139	11933	
DMDMARTZ	DEMO_L	1	Married/Living with partner	4136	4136	
DMDMARTZ	DEMO_L	2	Widowed/Divorced/Separated	2022	6158	
DMDMARTZ	DEMO_L	3	Never married	1625	7783	
DMDMARTZ	DEMO_L	77	Refused	4	7787	
DMDMARTZ	DEMO_L	99	Don't know	5	7792	
DMDMARTZ	DEMO_L	.	Missing	4141	11933	
RIDEXPRG	DEMO_L	1	Yes, positive lab pregnancy test or self-reported pregnant at exam	41	41	
RIDEXPRG	DEMO_L	2	The participant was not pregnant at exam	1065	1106	
RIDEXPRG	DEMO_L	3	Cannot ascertain if the participant is pregnant at exam	397	1503	
RIDEXPRG	DEMO_L	.	Missing	10430	11933	
DMDHHSIZ	DEMO_L	1 to 6	Range of Values	11309	11309	
DMDHHSIZ	DEMO_L	7	7 or more people in the Household	624	11933	
DMDHHSIZ	DEMO_L	.	Missing	0	11933	
DMDHRGND	DEMO_L	1	Male	1793	1793	
DMDHRGND	DEMO_L	2	Female	2322	4115	
DMDHRGND	DEMO_L	.	Missing	7818	11933	
DMDHRAGZ	DEMO_L	1	&lt;20 years	83	83	
DMDHRAGZ	DEMO_L	2	20-39 years	1985	2068	
DMDHRAGZ	DEMO_L	3	40-59 years	1804	3872	
DMDHRAGZ	DEMO_L	4	60+ years	252	4124	
DMDHRAGZ	DEMO_L	.	Missing	7809	11933	
DMDHREDZ	DEMO_L	1	Less than high school degree	550	550	
DMDHREDZ	DEMO_L	2	High school grad/GED or some college/AA degree	2004	2554	
DMDHREDZ	DEMO_L	3	College graduate or above	1192	3746	
DMDHREDZ	DEMO_L	.	Missing	8187	11933	
DMDHRMAZ	DEMO_L	1	Married/Living with partner	2947	2947	
DMDHRMAZ	DEMO_L	2	Widowed/Divorced/Separated	614	3561	
DMDHRMAZ	DEMO_L	3	Never Married	459	4020	
DMDHRMAZ	DEMO_L	.	Missing	7913	11933	
DMDHSEDZ	DEMO_L	1	Less than high school degree	300	300	
DMDHSEDZ	DEMO_L	2	High school grad/GED or some college/AA degree	942	1242	
DMDHSEDZ	DEMO_L	3	College graduate or above	885	2127	
DMDHSEDZ	DEMO_L	.	Missing	9806	11933	
WTINT2YR	DEMO_L	4584.463196 to 170968.343177	Range of Values	11933	11933	
WTINT2YR	DEMO_L	.	Missing	0	11933	
WTMEC2YR	DEMO_L	4581.595095 to 227108.296958	Range of Values	8860	8860	
WTMEC2YR	DEMO_L	0	Not MEC Examined	3073	11933	
WTMEC2YR	DEMO_L	.	Missing	0	11933	
SDMVSTRA	DEMO_L	173 to 187	Range of Values	11933	11933	
SDMVSTRA	DEMO_L	.	Missing	0	11933	
SDMVPSU	DEMO_L	1 to 2	Range of Values	11933	11933	
SDMVPSU	DEMO_L	.	Missing	0	11933	
INDFMPIR	DEMO_L	0 to 4.99	Range of Values	7743	7743	
INDFMPIR	DEMO_L	5	Value greater than or equal to 5.00	2149	9892	
INDFMPIR	DEMO_L	.	Missing	2041	11933	
BAXMSTAT	BAX_L	1	Complete	3732	3732	BAX5STAT
BAXMSTAT	BAX_L	2	Partial	219	3951	BAXRXNC
BAXMSTAT	BAX_L	3	Not done	213	4164	BAXRXND
BAXMSTAT	BAX_L	4	Ineligible for all MRT conditions	607	4771	BAX5STAT
BAXMSTAT	BAX_L	.	Missing	0	4771	
BAXRXNC	BAX_L	1	SP refusal	176	176	BAX5STAT
BAXRXNC	BAX_L	2	Limited time	1	177	BAX5STAT
BAXRXNC	BAX_L	3	Physical limitation or SP ill/emergency	5	182	BAX5STAT
BAXRXNC	BAX_L	4	Equipment failure or error (technician/software/supply)	17	199	BAX5STAT
BAXRXNC	BAX_L	5	Other	5	204	BAX5STAT
BAXRXNC	BAX_L	.	Missing	4567	4771	
BAXRXND	BAX_L	1	SP refusal	9	9	BAX5STAT
BAXRXND	BAX_L	2	Limited time	103	112	BAX5STAT
BAXRXND	BAX_L	3	Physical limitation or SP ill/emergency	26	138	BAX5STAT
BAXRXND	BAX_L	4	Equipment failure or error (technician/software/supply)	5	143	BAX5STAT
BAXRXND	BAX_L	5	Other	70	213	BAX5STAT
BAXRXND	BAX_L	.	Missing	4558	4771	
BAX5STAT	BAX_L	1	Eligible  for Condition 5	3248	3248	
BAX5STAT	BAX_L	2	Ineligible for Condition 5	1317	4565	
BAX5STAT	BAX_L	.	Missing	206	4771	
BAQ110	BAX_L	1	Yes	4305	4305	
BAQ110	BAX_L	2	No	58	4363	
BAQ110	BAX_L	7	Refused	0	4363	
BAQ110	BAX_L	9	Don't know	0	4363	
BAQ110	BAX_L	.	Missing	408	4771	
BAQ121	BAX_L	1	Yes	25	25	
BAQ121	BAX_L	2	No	4279	4304	
BAQ121	BAX_L	7	Refused	1	4305	
BAQ121	BAX_L	9	Don't know	0	4305	
BAQ121	BAX_L	.	Missing	466	4771	
BAQ125	BAX_L	1	Yes	253	253	
BAQ125	BAX_L	2	No	4024	4277	
BAQ125	BAX_L	7	Refused	0	4277	
BAQ125	BAX_L	9	Don't know	2	4279	
BAQ125	BAX_L	.	Missing	492	4771	
BAQ132	BAX_L	1	Yes	200	200	
BAQ132	BAX_L	2	No	3822	4022	
BAQ132	BAX_L	7	Refused	1	4023	
BAQ132	BAX_L	9	Don't know	1	4024	
BAQ132	BAX_L	.	Missing	747	4771	
BAQ140	BAX_L	1	Yes	261	261	
BAQ140	BAX_L	2	No	3760	4021	
BAQ140	BAX_L	7	Refused	1	4022	
BAQ140	BAX_L	9	Don't know	2	4024	
BAQ140	BAX_L	.	Missing	747	4771	
BAQ150	BAX_L	1	Yes	354	354	
BAQ150	BAX_L	2	No	3618	3972	
BAQ150	BAX_L	7	Refused	0	3972	
BAQ150	BAX_L	9	Don't know	0	3972	
BAQ150	BAX_L	.	Missing	799	4771	
BAQ160	BAX_L	1	Yes	103	103	
BAQ160	BAX_L	2	No	3515	3618	
BAQ160	BAX_L	7	Refused	0	3618	
BAQ160	BAX_L	9	Don't know	0	3618	
BAQ160	BAX_L	.	Missing	1153	4771	
BAQ170	BAX_L	1	Yes	228	228	
BAQ170	BAX_L	2	No	3287	3515	
BAQ170	BAX_L	7	Refused	0	3515	
BAQ170	BAX_L	9	Don't know	0	3515	
BAQ170	BAX_L	.	Missing	1256	4771	
BAQ201	BAX_L	1	Yes	3259	3259	
BAQ201	BAX_L	2	No	28	3287	
BAQ201	BAX_L	7	Refused	0	3287	
BAQ201	BAX_L	9	Don't know	0	3287	
BAQ201	BAX_L	.	Missing	1484	4771	
BAQ173	BAX_L	1	Yes	3964	3964	
BAQ173	BAX_L	2	No	4	3968	
BAQ173	BAX_L	7	Refused	0	3968	
BAQ173	BAX_L	9	Don't know	0	3968	
BAQ173	BAX_L	.	Missing	803	4771	
BAXPF11	BAX_L	1	Pass	3902	3902	
BAXPF11	BAX_L	2	DNP (did not pass)	49	3951	
BAXPF11	BAX_L	7	Refused	0	3951	
BAXPF11	BAX_L	.	Missing	820	4771	
BAXTC11	BAX_L	0 to 15	Range of Values	3950	3950	
BAXTC11	BAX_L	.	Missing	821	4771	
BAARFC11	BAX_L	1	Feet moved	14	14	
BAARFC11	BAX_L	2	Arms moved off waist	4	18	
BAARFC11	BAX_L	3	Eyes opened	0	18	
BAARFC11	BAX_L	4	Tech intervention	28	46	
BAARFC11	BAX_L	5	Grab/touch wall	3	49	
BAARFC11	BAX_L	.	Missing	4722	4771	
BAXPF12	BAX_L	1	Pass	43	43	
BAXPF12	BAX_L	2	DNP (did not pass)	5	48	
BAXPF12	BAX_L	7	Refused	0	48	
BAXPF12	BAX_L	.	Missing	4723	4771	
BAXTC12	BAX_L	2 to 15	Range of Values	48	48	
BAXTC12	BAX_L	.	Missing	4723	4771	
BAARFC12	BAX_L	1	Feet moved	1	1	
BAARFC12	BAX_L	2	Arms moved off waist	1	2	
BAARFC12	BAX_L	3	Eyes opened	0	2	
BAARFC12	BAX_L	4	Tech intervention	2	4	
BAARFC12	BAX_L	5	Grab/touch wall	1	5	
BAARFC12	BAX_L	.	Missing	4766	4771	
BAXPF21	BAX_L	1	Pass	3846	3846	
BAXPF21	BAX_L	2	DNP (did not pass)	96	3942	
BAXPF21	BAX_L	7	Refused	1	3943	
BAXPF21	BAX_L	.	Missing	828	4771	
BAXTC21	BAX_L	0 to 15	Range of Values	3942	3942	
BAXTC21	BAX_L	.	Missing	829	4771	
BAARFC21	BAX_L	1	Feet moved	29	29	
BAARFC21	BAX_L	2	Arms moved off waist	4	33	
BAARFC21	BAX_L	3	Eyes opened	42	75	
BAARFC21	BAX_L	4	Tech intervention	9	84	
BAARFC21	BAX_L	5	Grab/touch wall	10	94	
BAARFC21	BAX_L	.	Missing	4677	4771	
BAXPF22	BAX_L	1	Pass	69	69	
BAXPF22	BAX_L	2	DNP (did not pass)	26	95	
BAXPF22	BAX_L	7	Refused	2	97	
BAXPF22	BAX_L	.	Missing	4674	4771	
BAXTC22	BAX_L	0 to 15	Range of Values	94	94	
BAXTC22	BAX_L	.	Missing	4677	4771	
BAARFC22	BAX_L	1	Feet moved	11	11	
BAARFC22	BAX_L	2	Arms moved off waist	3	14	
BAARFC22	BAX_L	3	Eyes opened	7	21	
BAARFC22	BAX_L	4	Tech intervention	1	22	
BAARFC22	BAX_L	5	Grab/touch wall	4	26	
BAARFC22	BAX_L	.	Missing	4745	4771	
BAXPF31	BAX_L	1	Pass	3820	3820	
BAXPF31	BAX_L	2	DNP (did not pass)	66	3886	
BAXPF31	BAX_L	7	Refused	11	3897	
BAXPF31	BAX_L	.	Missing	874	4771	
BAXTC31	BAX_L	1 to 30	Range of Values	3882	3882	
BAXTC31	BAX_L	.	Missing	889	4771	
BAARFC31	BAX_L	1	Feet moved	24	24	
BAARFC31	BAX_L	2	Arms moved off waist	13	37	
BAARFC31	BAX_L	3	Eyes opened	0	37	
BAARFC31	BAX_L	4	Tech intervention	21	58	
BAARFC31	BAX_L	5	Grab/touch wall	22	80	
BAARFC31	BAX_L	.	Missing	4691	4771	
BAXPF32	BAX_L	1	Pass	63	63	
BAXPF32	BAX_L	2	DNP (did not pass)	16	79	
BAXPF32	BAX_L	7	Refused	1	80	
BAXPF32	BAX_L	.	Missing	4691	4771	
BAXTC32	BAX_L	1 to 30	Range of Values	79	79	
BAXTC32	BAX_L	.	Missing	4692	4771	
BAARFC32	BAX_L	1	Feet moved	8	8	
BAARFC32	BAX_L	2	Arms moved off waist	1	9	
BAARFC32	BAX_L	3	Eyes opened	0	9	
BAARFC32	BAX_L	4	Tech intervention	3	12	
BAARFC32	BAX_L	5	Grab/touch wall	8	20	
BAARFC32	BAX_L	.	Missing	4751	4771	
BAXPF41	BAX_L	1	Pass	2591	2591	
BAXPF41	BAX_L	2	DNP (did not pass)	1260	3851	
BAXPF41	BAX_L	7	Refused	12	3863	
BAXPF41	BAX_L	.	Missing	908	4771	
BAXTC41	BAX_L	0 to 30	Range of Values	3850	3850	
BAXTC41	BAX_L	.	Missing	921	4771	
BAARFC41	BAX_L	1	Feet moved	366	366	
BAARFC41	BAX_L	2	Arms moved off waist	103	469	
BAARFC41	BAX_L	3	Eyes opened	372	841	
BAARFC41	BAX_L	4	Tech intervention	143	984	
BAARFC41	BAX_L	5	Grab/touch wall	406	1390	
BAARFC41	BAX_L	.	Missing	3381	4771	
BAXPF42	BAX_L	1	Pass	690	690	
BAXPF42	BAX_L	2	DNP (did not pass)	631	1321	
BAXPF42	BAX_L	7	Refused	65	1386	
BAXPF42	BAX_L	.	Missing	3385	4771	
BAXTC42	BAX_L	0 to 30	Range of Values	1319	1319	
BAXTC42	BAX_L	.	Missing	3452	4771	
BAARFC42	BAX_L	1	Feet moved	174	174	
BAARFC42	BAX_L	2	Arms moved off waist	55	229	
BAARFC42	BAX_L	3	Eyes opened	142	371	
BAARFC42	BAX_L	4	Tech intervention	88	459	
BAARFC42	BAX_L	5	Grab/touch wall	245	704	
BAARFC42	BAX_L	.	Missing	4067	4771	
BAXPF51	BAX_L	1	Pass	1501	1501	
BAXPF51	BAX_L	2	DNP (did not pass)	1119	2620	
BAXPF51	BAX_L	7	Refused	15	2635	
BAXPF51	BAX_L	.	Missing	2136	4771	
BAXTC51	BAX_L	0 to 30	Range of Values	2595	2595	
BAXTC51	BAX_L	.	Missing	2176	4771	
BAARFC51	BAX_L	1	Feet moved	444	444	
BAARFC51	BAX_L	2	Arms moved off waist	106	550	
BAARFC51	BAX_L	3	Eyes opened	184	734	
BAARFC51	BAX_L	4	Tech intervention	151	885	
BAARFC51	BAX_L	5	Grab/touch wall	402	1287	
BAARFC51	BAX_L	.	Missing	3484	4771	
BAXPF52	BAX_L	1	Pass	541	541	
BAXPF52	BAX_L	2	DNP (did not pass)	683	1224	
BAXPF52	BAX_L	7	Refused	24	1248	
BAXPF52	BAX_L	.	Missing	3523	4771	
BAXTC52	BAX_L	0 to 30	Range of Values	1223	1223	
BAXTC52	BAX_L	.	Missing	3548	4771	
BAARFC52	BAX_L	1	Feet moved	256	256	
BAARFC52	BAX_L	2	Arms moved off waist	55	311	
BAARFC52	BAX_L	3	Eyes opened	92	403	
BAARFC52	BAX_L	4	Tech intervention	125	528	
BAARFC52	BAX_L	5	Grab/touch wall	262	790	
BAARFC52	BAX_L	.	Missing	3981	4771	
BPAOARM	BPXO_L	L	Left	51	51	
BPAOARM	BPXO_L	R	Right	7603	7654	
BPAOARM	BPXO_L	&lt; blank &gt;	Missing	147	7801	
BPAOCSZ	BPXO_L	2	17-21.9 (bladder size = 9.20 x 16.68 cm)	330	330	
BPAOCSZ	BPXO_L	3	22-31.9 (bladder size = 12.49 x 23.52 cm)	3404	3734	
BPAOCSZ	BPXO_L	4	32-41.9 (bladder size = 14.98 x 31.19 cm)	3442	7176	
BPAOCSZ	BPXO_L	5	42-50 (bladder size = 17.98 x 37.89 cm)	435	7611	
BPAOCSZ	BPXO_L	.	Missing	190	7801	
BPXOSY1	BPXO_L	61 to 232	Range of Values	7517	7517	
BPXOSY1	BPXO_L	.	Missing	284	7801	
BPXODI1	BPXO_L	33 to 142	Range of Values	7517	7517	
BPXODI1	BPXO_L	.	Missing	284	7801	
BPXOSY2	BPXO_L	59 to 233	Range of Values	7505	7505	
BPXOSY2	BPXO_L	.	Missing	296	7801	
BPXODI2	BPXO_L	32 to 139	Range of Values	7505	7505	
BPXODI2	BPXO_L	.	Missing	296	7801	
BPXOSY3	BPXO_L	50 to 232	Range of Values	7480	7480	
BPXOSY3	BPXO_L	.	Missing	321	7801	
BPXODI3	BPXO_L	24 to 136	Range of Values	7480	7480	
BPXODI3	BPXO_L	.	Missing	321	7801	
BPXOPLS1	BPXO_L	35 to 158	Range of Values	7517	7517	
BPXOPLS1	BPXO_L	.	Missing	284	7801	
BPXOPLS2	BPXO_L	32 to 141	Range of Values	7505	7505	
BPXOPLS2	BPXO_L	.	Missing	296	7801	
BPXOPLS3	BPXO_L	31 to 154	Range of Values	7480	7480	
BPXOPLS3	BPXO_L	.	Missing	321	7801	
BMDSTATS	BMX_L	1	Complete data for age group	8235	8235	
BMDSTATS	BMX_L	2	Partial:  Only height and weight obtained	147	8382	
BMDSTATS	BMX_L	3	Other partial exam	409	8791	
BMDSTATS	BMX_L	4	No body measures exam data	69	8860	
BMDSTATS	BMX_L	.	Missing	0	8860	
BMXWT	BMX_L	2.7 to 248.2	Range of Values	8754	8754	
BMXWT	BMX_L	.	Missing	106	8860	
BMIWT	BMX_L	1	Could not obtain	30	30	
BMIWT	BMX_L	3	Clothing	296	326	
BMIWT	BMX_L	4	Medical appliance	19	345	
BMIWT	BMX_L	.	Missing	8515	8860	
BMXRECUM	BMX_L	48.5 to 118.8	Range of Values	454	454	
BMXRECUM	BMX_L	.	Missing	8406	8860	
BMIRECUM	BMX_L	1	Could not obtain	18	18	
BMIRECUM	BMX_L	3	Not straight	0	18	
BMIRECUM	BMX_L	.	Missing	8842	8860	
BMXHEAD	BMX_L	34.4 to 46.5	Range of Values	70	70	
BMXHEAD	BMX_L	.	Missing	8790	8860	
BMIHEAD	BMX_L	1	Could not obtain	0	0	
BMIHEAD	BMX_L	.	Missing	8860	8860	
BMXHT	BMX_L	79.1 to 200.7	Range of Values	8499	8499	
BMXHT	BMX_L	.	Missing	361	8860	
BMIHT	BMX_L	1	Could not obtain	46	46	
BMIHT	BMX_L	3	Not straight	88	134	
BMIHT	BMX_L	.	Missing	8726	8860	
BMXBMI	BMX_L	11.1 to 74.8	Range of Values	8471	8471	
BMXBMI	BMX_L	.	Missing	389	8860	
BMDBMIC	BMX_L	1	Underweight	92	92	
BMDBMIC	BMX_L	2	Normal weight	1469	1561	
BMDBMIC	BMX_L	3	Overweight	372	1933	
BMDBMIC	BMX_L	4	Obese	559	2492	
BMDBMIC	BMX_L	.	Missing	6368	8860	
BMXLEG	BMX_L	24.9 to 51.6	Range of Values	7335	7335	
BMXLEG	BMX_L	.	Missing	1525	8860	
BMILEG	BMX_L	1	Could not obtain	396	396	
BMILEG	BMX_L	.	Missing	8464	8860	
BMXARML	BMX_L	10 to 49.2	Range of Values	8568	8568	
BMXARML	BMX_L	.	Missing	292	8860	
BMIARML	BMX_L	1	Could not obtain	200	200	
BMIARML	BMX_L	.	Missing	8660	8860	
BMXARMC	BMX_L	12 to 63.3	Range of Values	8562	8562	
BMXARMC	BMX_L	.	Missing	298	8860	
BMIARMC	BMX_L	1	Could not obtain	205	205	
BMIARMC	BMX_L	.	Missing	8655	8860	
BMXWAIST	BMX_L	39.8 to 187	Range of Values	8190	8190	
BMXWAIST	BMX_L	.	Missing	670	8860	
BMIWAIST	BMX_L	1	Could not obtain	347	347	
BMIWAIST	BMX_L	.	Missing	8513	8860	
BMXHIP	BMX_L	69.9 to 187.1	Range of Values	6776	6776	
BMXHIP	BMX_L	.	Missing	2084	8860	
BMIHIP	BMX_L	1	Could not obtain	361	361	
BMIHIP	BMX_L	.	Missing	8499	8860	
LUAXSTAT	LUX_L	1	Complete	6280	6280	LUAPNME
LUAXSTAT	LUX_L	2	Partial	514	6794	
LUAXSTAT	LUX_L	3	Ineligible	201	6995	LUARXIN
LUAXSTAT	LUX_L	4	Not done	204	7199	LUARXND
LUAXSTAT	LUX_L	.	Missing	0	7199	
LUARXNC	LUX_L	1	Fasting &lt; 3hrs	165	165	LUAPNME
LUARXNC	LUX_L	2	Unable to obtain 10 valid measures	138	303	LUAPNME
LUARXNC	LUX_L	3	IQR/M &gt;30%	211	514	LUAPNME
LUARXNC	LUX_L	.	Missing	6685	7199	
LUARXND	LUX_L	1	Participant refusal	106	106	LUANMTGP
LUARXND	LUX_L	2	Limited time	40	146	LUANMTGP
LUARXND	LUX_L	3	Other (e.g. physical or technical limitations )	58	204	LUANMTGP
LUARXND	LUX_L	.	Missing	6995	7199	
LUARXIN	LUX_L	1	Pregnant/ Unable to get urine to test for pregnancy	67	67	LUANMTGP
LUARXIN	LUX_L	2	Other (e.g. insulin pump or other implantable electronic device)	134	201	LUANMTGP
LUARXIN	LUX_L	.	Missing	6998	7199	
LUAPNME	LUX_L	M	M	5158	5158	
LUAPNME	LUX_L	XL	XL	1574	6732	
LUAPNME	LUX_L	&lt; blank &gt;	Missing	467	7199	
LUANMVGP	LUX_L	0	0	32	32	
LUANMVGP	LUX_L	1	1	13	45	
LUANMVGP	LUX_L	2	2	6	51	
LUANMVGP	LUX_L	3	3	8	59	
LUANMVGP	LUX_L	4	4	7	66	
LUANMVGP	LUX_L	5	5	11	77	
LUANMVGP	LUX_L	6	6	4	81	
LUANMVGP	LUX_L	7	7	7	88	
LUANMVGP	LUX_L	8	8	4	92	
LUANMVGP	LUX_L	9	9	14	106	
LUANMVGP	LUX_L	10	10	4945	5051	
LUANMVGP	LUX_L	11	11	974	6025	
LUANMVGP	LUX_L	12	12	334	6359	
LUANMVGP	LUX_L	13	13	138	6497	
LUANMVGP	LUX_L	14	14	89	6586	
LUANMVGP	LUX_L	15	15	51	6637	
LUANMVGP	LUX_L	16	16	21	6658	
LUANMVGP	LUX_L	17	17	15	6673	
LUANMVGP	LUX_L	18	18	11	6684	
LUANMVGP	LUX_L	19	19	9	6693	
LUANMVGP	LUX_L	20	20 to 29	31	6724	
LUANMVGP	LUX_L	30	30 or more	8	6732	
LUANMVGP	LUX_L	.	Missing	467	7199	
LUANMTGP	LUX_L	0	Not done	467	467	
LUANMTGP	LUX_L	1	1	1	468	
LUANMTGP	LUX_L	2	2	1	469	
LUANMTGP	LUX_L	3	3	3	472	
LUANMTGP	LUX_L	5	5	1	473	
LUANMTGP	LUX_L	6	6	1	474	
LUANMTGP	LUX_L	7	7	2	476	
LUANMTGP	LUX_L	8	8	2	478	
LUANMTGP	LUX_L	9	9	4	482	
LUANMTGP	LUX_L	10	10	2361	2843	
LUANMTGP	LUX_L	11	11	1186	4029	
LUANMTGP	LUX_L	12	12	576	4605	
LUANMTGP	LUX_L	13	13	445	5050	
LUANMTGP	LUX_L	14	14	326	5376	
LUANMTGP	LUX_L	15	15	247	5623	
LUANMTGP	LUX_L	16	16	163	5786	
LUANMTGP	LUX_L	17	17	144	5930	
LUANMTGP	LUX_L	18	18	131	6061	
LUANMTGP	LUX_L	19	19	116	6177	
LUANMTGP	LUX_L	20	20-29	538	6715	
LUANMTGP	LUX_L	30	30 or more	484	7199	
LUANMTGP	LUX_L	.	Missing	0	7199	
LUXSMED	LUX_L	1.5 to 75	Range of Values	6700	6700	
LUXSMED	LUX_L	.	Missing	499	7199	
LUXSIQR	LUX_L	0 to 72.8	Range of Values	6687	6687	
LUXSIQR	LUX_L	.	Missing	512	7199	
LUXSIQRM	LUX_L	0 to 1720.7	Range of Values	6687	6687	
LUXSIQRM	LUX_L	.	Missing	512	7199	
LUXCAPM	LUX_L	100 to 400	Range of Values	6699	6699	
LUXCAPM	LUX_L	.	Missing	500	7199	
LUXCPIQR	LUX_L	0 to 208	Range of Values	6686	6686	
LUXCPIQR	LUX_L	.	Missing	513	7199	
URXUMA	ALB_CR_L	0.01 to 7942.47	Range of Values	8153	8153	
URXUMA	ALB_CR_L	.	Missing	340	8493	
URXUMS	ALB_CR_L	0.01 to 7942.47	Range of Values	8153	8153	
URXUMS	ALB_CR_L	.	Missing	340	8493	
URDUMALC	ALB_CR_L	0	At or above the detection limit	7665	7665	
URDUMALC	ALB_CR_L	1	Below lower detection limit	488	8153	
URDUMALC	ALB_CR_L	.	Missing	340	8493	
URXUCR	ALB_CR_L	4 to 873	Range of Values	8154	8154	
URXUCR	ALB_CR_L	.	Missing	339	8493	
URXCRS	ALB_CR_L	353.6 to 77173.2	Range of Values	8154	8154	
URXCRS	ALB_CR_L	.	Missing	339	8493	
URDUCRLC	ALB_CR_L	0	At or above the detection limit	8154	8154	
URDUCRLC	ALB_CR_L	1	Below lower detection limit	0	8154	
URDUCRLC	ALB_CR_L	.	Missing	339	8493	
URDACT	ALB_CR_L	0 to 14708.28	Range of Values	8153	8153	
URDACT	ALB_CR_L	.	Missing	340	8493	
WTPH2YR	AGP_L	6213.3002375 to 253478.77765	Range of Values	2051	2051	
WTPH2YR	AGP_L	0	No blood sample provided	513	2564	
WTPH2YR	AGP_L	.	Missing	0	2564	
LBXAGP	AGP_L	0.261 to 2.76	Range of Values	1950	1950	
LBXAGP	AGP_L	.	Missing	614	2564	
WTPH2YR	HDL_L	4391.8220579 to 241728.85724	Range of Values	7316	7316	
WTPH2YR	HDL_L	0	No blood sample provided	752	8068	
WTPH2YR	HDL_L	.	Missing	0	8068	
LBDHDD	HDL_L	22 to 159	Range of Values	6890	6890	
LBDHDD	HDL_L	.	Missing	1178	8068	
LBDHDDSI	HDL_L	0.57 to 4.11	Range of Values	6890	6890	
LBDHDDSI	HDL_L	.	Missing	1178	8068	
WTSAF2YR	TRIGLY_L	11459.183689 to 561922.42956	Range of Values	3361	3361	
WTSAF2YR	TRIGLY_L	0	No Lab Result or Not Fasting for 8 to &lt;24 hours	635	3996	
WTSAF2YR	TRIGLY_L	.	Missing	0	3996	
LBXTLG	TRIGLY_L	19 to 1745	Range of Values	3517	3517	
LBXTLG	TRIGLY_L	.	Missing	479	3996	
LBDTRSI	TRIGLY_L	0.215 to 19.701	Range of Values	3517	3517	
LBDTRSI	TRIGLY_L	.	Missing	479	3996	
LBDLDL	TRIGLY_L	3 to 314	Range of Values	3480	3480	
LBDLDL	TRIGLY_L	.	Missing	516	3996	
LBDLDLSI	TRIGLY_L	0.078 to 8.12	Range of Values	3480	3480	
LBDLDLSI	TRIGLY_L	.	Missing	516	3996	
LBDLDLM	TRIGLY_L	17 to 313	Range of Values	3480	3480	
LBDLDLM	TRIGLY_L	.	Missing	516	3996	
LBDLDMSI	TRIGLY_L	0.44 to 8.094	Range of Values	3480	3480	
LBDLDMSI	TRIGLY_L	.	Missing	516	3996	
LBDLDLN	TRIGLY_L	13 to 314	Range of Values	3513	3513	
LBDLDLN	TRIGLY_L	.	Missing	483	3996	
LBDLDNSI	TRIGLY_L	0.336 to 8.12	Range of Values	3513	3513	
LBDLDNSI	TRIGLY_L	.	Missing	483	3996	
WTPH2YR	TCHOL_L	4391.8220579 to 241728.85724	Range of Values	7316	7316	
WTPH2YR	TCHOL_L	0	No blood sample provided	752	8068	
WTPH2YR	TCHOL_L	.	Missing	0	8068	
LBXTC	TCHOL_L	62 to 438	Range of Values	6890	6890	
LBXTC	TCHOL_L	.	Missing	1178	8068	
LBDTCSI	TCHOL_L	1.6 to 11.33	Range of Values	6890	6890	
LBDTCSI	TCHOL_L	.	Missing	1178	8068	
WTPH2YR	CBC_L	4391.8220579 to 253478.77765	Range of Values	7626	7626	
WTPH2YR	CBC_L	0	No blood sample provided	1101	8727	
WTPH2YR	CBC_L	.	Missing	0	8727	
LBXWBCSI	CBC_L	2.1 to 20.8	Range of Values	7593	7593	
LBXWBCSI	CBC_L	400	400 and over	0	7593	
LBXWBCSI	CBC_L	.	Missing	1134	8727	
LBXLYPCT	CBC_L	3.1 to 78.9	Range of Values	7582	7582	
LBXLYPCT	CBC_L	.	Missing	1145	8727	
LBXMOPCT	CBC_L	1.3 to 25.9	Range of Values	7582	7582	
LBXMOPCT	CBC_L	.	Missing	1145	8727	
LBXNEPCT	CBC_L	12.4 to 92.1	Range of Values	7582	7582	
LBXNEPCT	CBC_L	.	Missing	1145	8727	
LBXEOPCT	CBC_L	0 to 46.7	Range of Values	7582	7582	
LBXEOPCT	CBC_L	.	Missing	1145	8727	
LBXBAPCT	CBC_L	0 to 4.2	Range of Values	7582	7582	
LBXBAPCT	CBC_L	.	Missing	1145	8727	
LBDLYMNO	CBC_L	0.2 to 9.8	Range of Values	7582	7582	
LBDLYMNO	CBC_L	.	Missing	1145	8727	
LBDMONO	CBC_L	0.1 to 1.8	Range of Values	7582	7582	
LBDMONO	CBC_L	.	Missing	1145	8727	
LBDNENO	CBC_L	0.5 to 16.1	Range of Values	7582	7582	
LBDNENO	CBC_L	.	Missing	1145	8727	
LBDEONO	CBC_L	0 to 6	Range of Values	7582	7582	
LBDEONO	CBC_L	.	Missing	1145	8727	
LBDBANO	CBC_L	0 to 0.3	Range of Values	7582	7582	
LBDBANO	CBC_L	.	Missing	1145	8727	
LBXRBCSI	CBC_L	2.44 to 7.08	Range of Values	7593	7593	
LBXRBCSI	CBC_L	.	Missing	1134	8727	
LBXHGB	CBC_L	6.3 to 18.6	Range of Values	7593	7593	
LBXHGB	CBC_L	.	Missing	1134	8727	
LBXHCT	CBC_L	19.9 to 54.9	Range of Values	7593	7593	
LBXHCT	CBC_L	.	Missing	1134	8727	
LBXMCVSI	CBC_L	52.5 to 116.7	Range of Values	7593	7593	
LBXMCVSI	CBC_L	.	Missing	1134	8727	
LBXMC	CBC_L	27.8 to 40.5	Range of Values	7593	7593	
LBXMC	CBC_L	.	Missing	1134	8727	
LBXMCHSI	CBC_L	15.6 to 41.1	Range of Values	7593	7593	
LBXMCHSI	CBC_L	.	Missing	1134	8727	
LBXRDW	CBC_L	11.2 to 37.5	Range of Values	7593	7593	
LBXRDW	CBC_L	.	Missing	1134	8727	
LBXPLTSI	CBC_L	46 to 787	Range of Values	7593	7593	
LBXPLTSI	CBC_L	.	Missing	1134	8727	
LBXMPSI	CBC_L	5.5 to 12.9	Range of Values	7593	7593	
LBXMPSI	CBC_L	.	Missing	1134	8727	
LBXNRBC	CBC_L	0 to 4	Range of Values	7582	7582	
LBXNRBC	CBC_L	.	Missing	1145	8727	
PHQ020	FASTQX_L	1	Yes	29	29	
PHQ020	FASTQX_L	2	No	8607	8636	PHQ030
PHQ020	FASTQX_L	.	Missing	91	8727	
PHACOFHR	FASTQX_L	1 to 26	Range of Values	29	29	
PHACOFHR	FASTQX_L	.	Missing	8698	8727	
PHACOFMN	FASTQX_L	0 to 59	Range of Values	29	29	
PHACOFMN	FASTQX_L	.	Missing	8698	8727	
PHQ030	FASTQX_L	1	Yes	25	25	
PHQ030	FASTQX_L	2	No	8611	8636	PHQ040
PHQ030	FASTQX_L	.	Missing	91	8727	
PHAALCHR	FASTQX_L	1 to 43	Range of Values	25	25	
PHAALCHR	FASTQX_L	.	Missing	8702	8727	
PHAALCMN	FASTQX_L	4 to 57	Range of Values	25	25	
PHAALCMN	FASTQX_L	.	Missing	8702	8727	
PHQ040	FASTQX_L	1	Yes	311	311	
PHQ040	FASTQX_L	2	No	8324	8635	PHQ050
PHQ040	FASTQX_L	.	Missing	92	8727	
PHAGUMHR	FASTQX_L	0 to 18	Range of Values	311	311	
PHAGUMHR	FASTQX_L	.	Missing	8416	8727	
PHAGUMMN	FASTQX_L	0 to 58	Range of Values	311	311	
PHAGUMMN	FASTQX_L	.	Missing	8416	8727	
PHQ050	FASTQX_L	1	Yes	105	105	
PHQ050	FASTQX_L	2	No	8531	8636	PHQ060
PHQ050	FASTQX_L	.	Missing	91	8727	
PHAANTHR	FASTQX_L	0 to 17	Range of Values	105	105	
PHAANTHR	FASTQX_L	.	Missing	8622	8727	
PHAANTMN	FASTQX_L	0 to 59	Range of Values	105	105	
PHAANTMN	FASTQX_L	.	Missing	8622	8727	
PHQ060	FASTQX_L	1	Yes	219	219	
PHQ060	FASTQX_L	2	No	8417	8636	PHAFSTHR
PHQ060	FASTQX_L	.	Missing	91	8727	
PHASUPHR	FASTQX_L	0 to 20	Range of Values	219	219	
PHASUPHR	FASTQX_L	.	Missing	8508	8727	
PHASUPMN	FASTQX_L	0 to 59	Range of Values	219	219	
PHASUPMN	FASTQX_L	.	Missing	8508	8727	
PHAFSTHR	FASTQX_L	0 to 29	Range of Values	8609	8609	
PHAFSTHR	FASTQX_L	30	30 hours or more	23	8632	
PHAFSTHR	FASTQX_L	.	Missing	95	8727	
PHAFSTMN	FASTQX_L	0 to 59	Range of Values	8632	8632	
PHAFSTMN	FASTQX_L	.	Missing	95	8727	
PHDSESNZ	FASTQX_L	0	morning	4756	4756	
PHDSESNZ	FASTQX_L	1	afternoon/evening	3971	8727	
PHDSESNZ	FASTQX_L	.	Missing	0	8727	
WTPH2YR	FAR_L	0 to 241728.85724	Range of Values	8068	8068	
WTPH2YR	FAR_L	.	Missing	0	8068	
LBXPAN	FAR_L	0.038 to 0.611	Range of Values	7176	7176	
LBXPAN	FAR_L	.	Missing	892	8068	
LBDPANLC	FAR_L	0	detectable result	7176	7176	
LBDPANLC	FAR_L	1	below detectable limit	0	7176	
LBDPANLC	FAR_L	.	Missing	892	8068	
LBXP1A	FAR_L	0.157 to 0.817	Range of Values	7133	7133	
LBXP1A	FAR_L	.	Missing	935	8068	
LBDP1ALC	FAR_L	0	detectable result	7133	7133	
LBDP1ALC	FAR_L	1	below detectable limit	0	7133	
LBDP1ALC	FAR_L	.	Missing	935	8068	
LBXPRA	FAR_L	4.17 to 21.2	Range of Values	7213	7213	
LBXPRA	FAR_L	.	Missing	855	8068	
LBDPRALC	FAR_L	0	detectable result	7213	7213	
LBDPRALC	FAR_L	1	below detectable limit	0	7213	
LBDPRALC	FAR_L	.	Missing	855	8068	
LBXPDA	FAR_L	0.629 to 3.26	Range of Values	7165	7165	
LBXPDA	FAR_L	.	Missing	903	8068	
LBDPDALC	FAR_L	0	detectable result	7165	7165	
LBDPDALC	FAR_L	1	below detectable limit	0	7165	
LBDPDALC	FAR_L	.	Missing	903	8068	
LBXPHA	FAR_L	0.337 to 10.4	Range of Values	7215	7215	
LBXPHA	FAR_L	.	Missing	853	8068	
LBDPHALC	FAR_L	0	detectable result	7215	7215	
LBDPHALC	FAR_L	1	below detectable limit	0	7215	
LBDPHALC	FAR_L	.	Missing	853	8068	
LBXPD3	FAR_L	0.381 to 7.5	Range of Values	7210	7210	
LBXPD3	FAR_L	.	Missing	858	8068	
LBDPD3LC	FAR_L	0	detectable result	7210	7210	
LBDPD3LC	FAR_L	1	below detectable limit	0	7210	
LBDPD3LC	FAR_L	.	Missing	858	8068	
LBXPD6	FAR_L	0.116 to 1.66	Range of Values	7213	7213	
LBXPD6	FAR_L	.	Missing	855	8068	
LBDPD6LC	FAR_L	0	detectable result	7213	7213	
LBDPD6LC	FAR_L	1	below detectable limit	0	7213	
LBDPD6LC	FAR_L	.	Missing	855	8068	
LBXPTA	FAR_L	0.563 to 8.89	Range of Values	7213	7213	
LBXPTA	FAR_L	.	Missing	855	8068	
LBDPTALC	FAR_L	0	detectable result	7213	7213	
LBDPTALC	FAR_L	1	below detectable limit	0	7213	
LBDPTALC	FAR_L	.	Missing	855	8068	
LBXPED	FAR_L	0.123 to 0.628	Range of Values	7215	7215	
LBXPED	FAR_L	.	Missing	853	8068	
LBDPEDLC	FAR_L	0	detectable result	7215	7215	
LBDPEDLC	FAR_L	1	below detectable limit	0	7215	
LBDPEDLC	FAR_L	.	Missing	853	8068	
LBXP1E	FAR_L	0.109 to 0.764	Range of Values	7035	7035	
LBXP1E	FAR_L	.	Missing	1033	8068	
LBDP1ELC	FAR_L	0	detectable result	7035	7035	
LBDP1ELC	FAR_L	1	below detectable limit	0	7035	
LBDP1ELC	FAR_L	.	Missing	1033	8068	
LBXPPE	FAR_L	0.063 to 6.92	Range of Values	7213	7213	
LBXPPE	FAR_L	.	Missing	855	8068	
LBDPPELC	FAR_L	0	detectable result	7213	7213	
LBDPPELC	FAR_L	1	below detectable limit	2	7215	
LBDPPELC	FAR_L	.	Missing	853	8068	
LBXPLG	FAR_L	0.016 to 0.168	Range of Values	7176	7176	
LBXPLG	FAR_L	.	Missing	892	8068	
LBDPLGLC	FAR_L	0	detectable result	7176	7176	
LBDPLGLC	FAR_L	1	below detectable limit	0	7176	
LBDPLGLC	FAR_L	.	Missing	892	8068	
LBXPGH	FAR_L	0.535 to 4.6	Range of Values	7215	7215	
LBXPGH	FAR_L	.	Missing	853	8068	
LBDPGHLC	FAR_L	0	detectable result	7215	7215	
LBDPGHLC	FAR_L	1	below detectable limit	0	7215	
LBDPGHLC	FAR_L	.	Missing	853	8068	
LBXP1G	FAR_L	3.05 to 9.48	Range of Values	7165	7165	
LBXP1G	FAR_L	.	Missing	903	8068	
LBDP1GLC	FAR_L	0	detectable result	7165	7165	
LBDP1GLC	FAR_L	1	below detectable limit	0	7165	
LBDP1GLC	FAR_L	.	Missing	903	8068	
LBXPNL	FAR_L	4.04 to 15.6	Range of Values	7173	7173	
LBXPNL	FAR_L	.	Missing	895	8068	
LBDPNLLC	FAR_L	0	detectable result	7173	7173	
LBDPNLLC	FAR_L	1	below detectable limit	0	7173	
LBDPNLLC	FAR_L	.	Missing	895	8068	
LBXPMR	FAR_L	0.135 to 1.13	Range of Values	7153	7153	
LBXPMR	FAR_L	.	Missing	915	8068	
LBDPMRLC	FAR_L	0	detectable result	7153	7153	
LBDPMRLC	FAR_L	1	below detectable limit	13	7166	
LBDPMRLC	FAR_L	.	Missing	902	8068	
LBXPNR	FAR_L	2.84 to 10.6	Range of Values	7166	7166	
LBXPNR	FAR_L	.	Missing	902	8068	
LBDPNRLC	FAR_L	0	detectable result	7166	7166	
LBDPNRLC	FAR_L	1	below detectable limit	0	7166	
LBDPNRLC	FAR_L	.	Missing	902	8068	
LBXPOL	FAR_L	7.93 to 19.1	Range of Values	7125	7125	
LBXPOL	FAR_L	.	Missing	943	8068	
LBDPOLLC	FAR_L	0	detectable result	7125	7125	
LBDPOLLC	FAR_L	1	below detectable limit	0	7125	
LBDPOLLC	FAR_L	.	Missing	943	8068	
LBXPPL	FAR_L	0.025 to 2.17	Range of Values	7084	7084	
LBXPPL	FAR_L	.	Missing	984	8068	
LBDPPLLC	FAR_L	0	detectable result	7084	7084	
LBDPPLLC	FAR_L	1	below detectable limit	0	7084	
LBDPPLLC	FAR_L	.	Missing	984	8068	
LBXPPM	FAR_L	15.4 to 31.1	Range of Values	7215	7215	
LBXPPM	FAR_L	.	Missing	853	8068	
LBDPPMLC	FAR_L	0	detectable result	7215	7215	
LBDPPMLC	FAR_L	1	below detectable limit	0	7215	
LBDPPMLC	FAR_L	.	Missing	853	8068	
LBXPST	FAR_L	10.1 to 21.8	Range of Values	7165	7165	
LBXPST	FAR_L	.	Missing	903	8068	
LBDPSTLC	FAR_L	0	detectable result	7165	7165	
LBDPSTLC	FAR_L	1	below detectable limit	0	7165	
LBDPSTLC	FAR_L	.	Missing	903	8068	
WTPH2YR	FERTIN_L	6213.3002375 to 253478.77765	Range of Values	2051	2051	
WTPH2YR	FERTIN_L	0	No blood sample provided	513	2564	
WTPH2YR	FERTIN_L	.	Missing	0	2564	
LBXFER	FERTIN_L	2.05 to 984	Range of Values	1950	1950	
LBXFER	FERTIN_L	.	Missing	614	2564	
LBDFERSI	FERTIN_L	2.05 to 984	Range of Values	1950	1950	
LBDFERSI	FERTIN_L	.	Missing	614	2564	
WTPH2YR	FOLATE_L	4391.8220579 to 253478.77765	Range of Values	7626	7626	
WTPH2YR	FOLATE_L	0	No blood sample provided	1101	8727	
WTPH2YR	FOLATE_L	.	Missing	0	8727	
LBDRFO	FOLATE_L	63.6 to 3240	Range of Values	7506	7506	
LBDRFO	FOLATE_L	.	Missing	1221	8727	
LBDRFOSI	FOLATE_L	144 to 7330	Range of Values	7506	7506	
LBDRFOSI	FOLATE_L	.	Missing	1221	8727	
WTPH2YR	FFMR_L	4391.8220579 to 241728.85724	Range of Values	7316	7316	
WTPH2YR	FFMR_L	0	No blood sample provided	752	8068	
WTPH2YR	FFMR_L	.	Missing	0	8068	
LBDRF7SI	FFMR_L	125 to 6360	Range of Values	7190	7190	
LBDRF7SI	FFMR_L	.	Missing	878	8068	
LBXRF1SI	FFMR_L	28 to 5960	Range of Values	7190	7190	
LBXRF1SI	FFMR_L	.	Missing	878	8068	
LBDRF1LC	FFMR_L	0	At or above the detection limit	7190	7190	
LBDRF1LC	FFMR_L	1	Below lower detection limit	0	7190	
LBDRF1LC	FFMR_L	.	Missing	878	8068	
LBXRF2SI	FFMR_L	0.664 to 72.5	Range of Values	7190	7190	
LBXRF2SI	FFMR_L	.	Missing	878	8068	
LBDRF2LC	FFMR_L	0	At or above the detection limit	3230	3230	
LBDRF2LC	FFMR_L	1	Below lower detection limit	3960	7190	
LBDRF2LC	FFMR_L	.	Missing	878	8068	
LBXRF3SI	FFMR_L	0.92 to 45.5	Range of Values	7190	7190	
LBXRF3SI	FFMR_L	.	Missing	878	8068	
LBDRF3LC	FFMR_L	0	At or above the detection limit	2985	2985	
LBDRF3LC	FFMR_L	1	Below lower detection limit	4205	7190	
LBDRF3LC	FFMR_L	.	Missing	878	8068	
LBXRF4SI	FFMR_L	1.84 to 1360	Range of Values	7190	7190	
LBXRF4SI	FFMR_L	.	Missing	878	8068	
LBDRF4LC	FFMR_L	0	At or above the detection limit	7101	7101	
LBDRF4LC	FFMR_L	1	Below lower detection limit	89	7190	
LBDRF4LC	FFMR_L	.	Missing	878	8068	
LBXRF5SI	FFMR_L	1.56 to 1020	Range of Values	7190	7190	
LBXRF5SI	FFMR_L	.	Missing	878	8068	
LBDRF5LC	FFMR_L	0	At or above the detection limit	5291	5291	
LBDRF5LC	FFMR_L	1	Below lower detection limit	1899	7190	
LBDRF5LC	FFMR_L	.	Missing	878	8068	
LBXRF6SI	FFMR_L	7.57 to 1630	Range of Values	7190	7190	
LBXRF6SI	FFMR_L	.	Missing	878	8068	
LBDRF6LC	FFMR_L	0	At or above the detection limit	7190	7190	
LBDRF6LC	FFMR_L	1	Below lower detection limit	0	7190	
LBDRF6LC	FFMR_L	.	Missing	878	8068	
WTPH2YR	GHB_L	4391.8220579 to 241728.85724	Range of Values	6750	6750	
WTPH2YR	GHB_L	0	No blood sample provided	449	7199	
WTPH2YR	GHB_L	.	Missing	0	7199	
LBXGH	GHB_L	3.2 to 17.1	Range of Values	6715	6715	
LBXGH	GHB_L	0	No Lab Result	0	6715	
LBXGH	GHB_L	.	Missing	484	7199	
WTPH2YR	HEPA_L	4391.8220579 to 253478.77765	Range of Values	7583	7583	
WTPH2YR	HEPA_L	0	No blood sample provided	1028	8611	
WTPH2YR	HEPA_L	.	Missing	0	8611	
LBXHA	HEPA_L	1	Positive	3791	3791	
LBXHA	HEPA_L	2	Negative	3511	7302	
LBXHA	HEPA_L	3	Indeterminate	64	7366	
LBXHA	HEPA_L	.	Missing	1245	8611	
WTPH2YR	HEPB_S_L	4391.8220579 to 253478.77765	Range of Values	7583	7583	
WTPH2YR	HEPB_S_L	0	No blood sample provided	1028	8611	
WTPH2YR	HEPB_S_L	.	Missing	0	8611	
LBXHBS	HEPB_S_L	1	Positive	2042	2042	
LBXHBS	HEPB_S_L	2	Negative	5324	7366	
LBXHBS	HEPB_S_L	3	Indeterminate	0	7366	
LBXHBS	HEPB_S_L	.	Missing	1245	8611	
WTPH2YR	HEPBD_L	0 to 241728.85724	Range of Values	8068	8068	
WTPH2YR	HEPBD_L	.	Missing	0	8068	
LBXHBC	HEPBD_L	1	Positive	327	327	
LBXHBC	HEPBD_L	2	Negative	6792	7119	
LBXHBC	HEPBD_L	3	Indeterminate	1	7120	
LBXHBC	HEPBD_L	.	Missing	948	8068	
LBDHBG	HEPBD_L	1	Positive	25	25	
LBDHBG	HEPBD_L	2	Negative	7093	7118	
LBDHBG	HEPBD_L	3	Indeterminate	0	7118	
LBDHBG	HEPBD_L	.	Missing	950	8068	
LBDHD	HEPBD_L	1	Positive	0	0	
LBDHD	HEPBD_L	2	Negative	7118	7118	
LBDHD	HEPBD_L	3	Indeterminate	0	7118	
LBDHD	HEPBD_L	.	Missing	950	8068	
WTPH2YR	HEPC_L	4391.8220579 to 241728.85724	Range of Values	7316	7316	
WTPH2YR	HEPC_L	0	No blood sample provided	752	8068	
WTPH2YR	HEPC_L	.	Missing	0	8068	
LBXHCR	HEPC_L	1	Positive	27	27	
LBXHCR	HEPC_L	2	Negative	113	140	
LBXHCR	HEPC_L	3	Negative Screening HCV Antibody	6975	7115	
LBXHCR	HEPC_L	.	Missing	953	8068	
LBDHCI	HEPC_L	1	Positive	87	87	
LBDHCI	HEPC_L	2	Negative	17	104	
LBDHCI	HEPC_L	3	Negative Screening HCV Antibody	6975	7079	
LBDHCI	HEPC_L	4	Positive HCV RNA	27	7106	
LBDHCI	HEPC_L	.	Missing	962	8068	
LBXHCG	HEPC_L	1	Genotype 1a	10	10	
LBXHCG	HEPC_L	2	Genotype 1b	3	13	
LBXHCG	HEPC_L	3	Gen 1 other than a/b/not determined	1	14	
LBXHCG	HEPC_L	4	Genotype 2	0	14	
LBXHCG	HEPC_L	5	Genotype 3	4	18	
LBXHCG	HEPC_L	6	Genotype 4	0	18	
LBXHCG	HEPC_L	7	Genotype 5	0	18	
LBXHCG	HEPC_L	8	Genotype 6	0	18	
LBXHCG	HEPC_L	9	Genotype undetermined	0	18	
LBXHCG	HEPC_L	.	Missing	8050	8068	
WTPH2YR	HEPE_L	4391.8220579 to 241728.85724	Range of Values	7316	7316	
WTPH2YR	HEPE_L	0	No blood sample provided	752	8068	
WTPH2YR	HEPE_L	.	Missing	0	8068	
LBDHEG	HEPE_L	1	Positive	836	836	
LBDHEG	HEPE_L	2	Negative	6284	7120	
LBDHEG	HEPE_L	3	Indeterminate	1	7121	
LBDHEG	HEPE_L	.	Missing	947	8068	
LBDHEM	HEPE_L	1	Positive	128	128	
LBDHEM	HEPE_L	2	Negative	708	836	
LBDHEM	HEPE_L	3	Indeterminate	0	836	
LBDHEM	HEPE_L	.	Missing	7232	8068	
WTPH2YR	HSCRP_L	4391.8220579 to 253478.77765	Range of Values	7626	7626	
WTPH2YR	HSCRP_L	0	No blood sample provided	1101	8727	
WTPH2YR	HSCRP_L	.	Missing	0	8727	
LBXHSCRP	HSCRP_L	0.11 to 165.63	Range of Values	7282	7282	
LBXHSCRP	HSCRP_L	.	Missing	1445	8727	
LBDHRPLC	HSCRP_L	0	At or above detection limit	7096	7096	
LBDHRPLC	HSCRP_L	1	Below lower detection limit	186	7282	
LBDHRPLC	HSCRP_L	.	Missing	1445	8727	
WTSAF2YR	INS_L	11459.183689 to 561922.42956	Range of Values	3361	3361	
WTSAF2YR	INS_L	0	No Lab Result or Not Fasting for 8 to &lt;24 hours	635	3996	
WTSAF2YR	INS_L	.	Missing	0	3996	
LBXIN	INS_L	0.35 to 699.9	Range of Values	3510	3510	
LBXIN	INS_L	.	Missing	486	3996	
LBDINSI	INS_L	2.1 to 4199.4	Range of Values	3510	3510	
LBDINSI	INS_L	.	Missing	486	3996	
LBDINLC	INS_L	0	Detectable result	3509	3509	
LBDINLC	INS_L	1	Below detectable limit	1	3510	
LBDINLC	INS_L	.	Missing	486	3996	
WTPH2YR	PBCD_L	4391.8220579 to 253478.77765	Range of Values	7626	7626	
WTPH2YR	PBCD_L	0	No blood sample provided	1101	8727	
WTPH2YR	PBCD_L	.	Missing	0	8727	
LBXBPB	PBCD_L	0.085 to 48.07	Range of Values	7586	7586	
LBXBPB	PBCD_L	.	Missing	1141	8727	
LBDBPBSI	PBCD_L	0.004 to 2.322	Range of Values	7586	7586	
LBDBPBSI	PBCD_L	.	Missing	1141	8727	
LBDBPBLC	PBCD_L	0	At or above the detection limit	7586	7586	
LBDBPBLC	PBCD_L	1	Below lower detection limit	0	7586	
LBDBPBLC	PBCD_L	.	Missing	1141	8727	
LBXBCD	PBCD_L	0.046 to 8.379	Range of Values	7586	7586	
LBXBCD	PBCD_L	.	Missing	1141	8727	
LBDBCDSI	PBCD_L	0.409 to 74.548	Range of Values	7586	7586	
LBDBCDSI	PBCD_L	.	Missing	1141	8727	
LBDBCDLC	PBCD_L	0	At or above the detection limit	7257	7257	
LBDBCDLC	PBCD_L	1	Below lower detection limit	329	7586	
LBDBCDLC	PBCD_L	.	Missing	1141	8727	
LBXTHG	PBCD_L	0.12 to 42.49	Range of Values	7586	7586	
LBXTHG	PBCD_L	.	Missing	1141	8727	
LBDTHGSI	PBCD_L	0.6 to 212.03	Range of Values	7586	7586	
LBDTHGSI	PBCD_L	.	Missing	1141	8727	
LBDTHGLC	PBCD_L	0	At or above the detection limit	5610	5610	
LBDTHGLC	PBCD_L	1	Below lower detection limit	1976	7586	
LBDTHGLC	PBCD_L	.	Missing	1141	8727	
LBXBSE	PBCD_L	86 to 867.7	Range of Values	7586	7586	
LBXBSE	PBCD_L	.	Missing	1141	8727	
LBDBSESI	PBCD_L	1.09 to 11.02	Range of Values	7586	7586	
LBDBSESI	PBCD_L	.	Missing	1141	8727	
LBDBSELC	PBCD_L	0	At or above the detection limit	7586	7586	
LBDBSELC	PBCD_L	1	Below lower detection limit	0	7586	
LBDBSELC	PBCD_L	.	Missing	1141	8727	
LBXBMN	PBCD_L	2.48 to 63.17	Range of Values	7586	7586	
LBXBMN	PBCD_L	.	Missing	1141	8727	
LBDBMNSI	PBCD_L	45.14 to 1149.82	Range of Values	7586	7586	
LBDBMNSI	PBCD_L	.	Missing	1141	8727	
LBDBMNLC	PBCD_L	0	At or above the detection limit	7586	7586	
LBDBMNLC	PBCD_L	1	Below lower detection limit	0	7586	
LBDBMNLC	PBCD_L	.	Missing	1141	8727	
WTPH2YR	IHGEM_L	4391.8220579 to 253478.77765	Range of Values	7626	7626	
WTPH2YR	IHGEM_L	0	No blood sample provided	1101	8727	
WTPH2YR	IHGEM_L	.	Missing	0	8727	
LBXIHG	IHGEM_L	0.15 to 17.14	Range of Values	7567	7567	
LBXIHG	IHGEM_L	.	Missing	1160	8727	
LBDIHGSI	IHGEM_L	0.75 to 85.53	Range of Values	7567	7567	
LBDIHGSI	IHGEM_L	.	Missing	1160	8727	
LBDIHGLC	IHGEM_L	0	At or above the detection limit	942	942	
LBDIHGLC	IHGEM_L	1	Below lower detection limit	6625	7567	
LBDIHGLC	IHGEM_L	.	Missing	1160	8727	
LBXBGE	IHGEM_L	0.05 to 0.25	Range of Values	7567	7567	
LBXBGE	IHGEM_L	.	Missing	1160	8727	
LBDBGESI	IHGEM_L	0.25 to 1.25	Range of Values	7567	7567	
LBDBGESI	IHGEM_L	.	Missing	1160	8727	
LBDBGELC	IHGEM_L	0	At or above the detection limit	10	10	
LBDBGELC	IHGEM_L	1	Below lower detection limit	7557	7567	
LBDBGELC	IHGEM_L	.	Missing	1160	8727	
LBXBGM	IHGEM_L	0.18 to 36.1	Range of Values	7567	7567	
LBXBGM	IHGEM_L	.	Missing	1160	8727	
LBDBGMSI	IHGEM_L	0.9 to 180.14	Range of Values	7567	7567	
LBDBGMSI	IHGEM_L	.	Missing	1160	8727	
LBDBGMLC	IHGEM_L	0	At or above the detection limit	4324	4324	
LBDBGMLC	IHGEM_L	1	Below lower detection limit	3243	7567	
LBDBGMLC	IHGEM_L	.	Missing	1160	8727	
WTSAF2YR	GLU_L	11459.183689 to 561922.42956	Range of Values	3361	3361	
WTSAF2YR	GLU_L	0	No Lab Result or Not Fasting for 8 to &lt;24 hours	635	3996	
WTSAF2YR	GLU_L	.	Missing	0	3996	
LBXGLU	GLU_L	59 to 561	Range of Values	3672	3672	
LBXGLU	GLU_L	.	Missing	324	3996	
LBDGLUSI	GLU_L	3.28 to 31.1	Range of Values	3672	3672	
LBDGLUSI	GLU_L	.	Missing	324	3996	
LBDFOTSI	FOLFMS_L	3.89 to 445	Range of Values	7348	7348	
LBDFOTSI	FOLFMS_L	.	Missing	1379	8727	
LBDFOT	FOLFMS_L	1.72 to 196	Range of Values	7348	7348	
LBDFOT	FOLFMS_L	.	Missing	1379	8727	
LBXSF1SI	FOLFMS_L	2.7 to 338	Range of Values	7348	7348	
LBXSF1SI	FOLFMS_L	.	Missing	1379	8727	
LBDSF1LC	FOLFMS_L	0	At or above the detection limit	7348	7348	
LBDSF1LC	FOLFMS_L	1	Below lower detection limit	0	7348	
LBDSF1LC	FOLFMS_L	.	Missing	1379	8727	
LBXSF2SI	FOLFMS_L	0.056 to 317	Range of Values	7348	7348	
LBXSF2SI	FOLFMS_L	.	Missing	1379	8727	
LBDSF2LC	FOLFMS_L	0	At or above the detection limit	7272	7272	
LBDSF2LC	FOLFMS_L	1	Below lower detection limit	76	7348	
LBDSF2LC	FOLFMS_L	.	Missing	1379	8727	
LBXSF3SI	FOLFMS_L	0.141 to 1.48	Range of Values	7348	7348	
LBXSF3SI	FOLFMS_L	.	Missing	1379	8727	
LBDSF3LC	FOLFMS_L	0	At or above the detection limit	17	17	
LBDSF3LC	FOLFMS_L	1	Below lower detection limit	7331	7348	
LBDSF3LC	FOLFMS_L	.	Missing	1379	8727	
LBXSF4SI	FOLFMS_L	0.177 to 31	Range of Values	7348	7348	
LBXSF4SI	FOLFMS_L	.	Missing	1379	8727	
LBDSF4LC	FOLFMS_L	0	At or above the detection limit	7033	7033	
LBDSF4LC	FOLFMS_L	1	Below lower detection limit	315	7348	
LBDSF4LC	FOLFMS_L	.	Missing	1379	8727	
LBXSF5SI	FOLFMS_L	0.141 to 7.14	Range of Values	7348	7348	
LBXSF5SI	FOLFMS_L	.	Missing	1379	8727	
LBDSF5LC	FOLFMS_L	0	At or above the detection limit	270	270	
LBDSF5LC	FOLFMS_L	1	Below lower detection limit	7078	7348	
LBDSF5LC	FOLFMS_L	.	Missing	1379	8727	
LBXSF6SI	FOLFMS_L	0.062 to 38.9	Range of Values	7348	7348	
LBXSF6SI	FOLFMS_L	.	Missing	1379	8727	
LBDSF6LC	FOLFMS_L	0	At or above the detection limit	7348	7348	
LBDSF6LC	FOLFMS_L	1	Below lower detection limit	0	7348	
LBDSF6LC	FOLFMS_L	.	Missing	1379	8727	
WTPH2YR	TST_L	4391.8220579 to 253478.77765	Range of Values	7532	7532	
WTPH2YR	TST_L	0	No blood sample provided	961	8493	
WTPH2YR	TST_L	.	Missing	0	8493	
LBX17H	TST_L	0.29 to 1840	Range of Values	7120	7120	
LBX17H	TST_L	.	Missing	1373	8493	
LBD17HSI	TST_L	0.00879 to 55.8	Range of Values	7120	7120	
LBD17HSI	TST_L	.	Missing	1373	8493	
LBD17HLC	TST_L	0	At or above the detection limit	7112	7112	
LBD17HLC	TST_L	1	Below lower detection limit	8	7120	
LBD17HLC	TST_L	.	Missing	1373	8493	
LBXAND	TST_L	0.58 to 755	Range of Values	7190	7190	
LBXAND	TST_L	.	Missing	1303	8493	
LBDANDSI	TST_L	0.0202 to 26.3	Range of Values	7190	7190	
LBDANDSI	TST_L	.	Missing	1303	8493	
LBDANDLC	TST_L	0	At or above the detection limit	7186	7186	
LBDANDLC	TST_L	1	Below lower detection limit	4	7190	
LBDANDLC	TST_L	.	Missing	1303	8493	
LBXAMH	TST_L	0.02 to 45.92	Range of Values	6823	6823	
LBXAMH	TST_L	.	Missing	1670	8493	
LBDAMHSI	TST_L	0.14 to 327.87	Range of Values	6823	6823	
LBDAMHSI	TST_L	.	Missing	1670	8493	
LBDAMHLC	TST_L	0	At or above the detection limit	4902	4902	
LBDAMHLC	TST_L	1	Below lower detection limit	1921	6823	
LBDAMHLC	TST_L	.	Missing	1670	8493	
LBXDHE	TST_L	0.156 to 601	Range of Values	7065	7065	
LBXDHE	TST_L	.	Missing	1428	8493	
LBDDHESI	TST_L	0.00423 to 16.3	Range of Values	7065	7065	
LBDDHESI	TST_L	.	Missing	1428	8493	
LBDDHELC	TST_L	0	At or above the detection limit	7057	7057	
LBDDHELC	TST_L	1	Below lower detection limit	8	7065	
LBDDHELC	TST_L	.	Missing	1428	8493	
LBXEST	TST_L	1.22 to 13200	Range of Values	7148	7148	
LBXEST	TST_L	.	Missing	1345	8493	
LBDESTSI	TST_L	4.48 to 48400	Range of Values	7148	7148	
LBDESTSI	TST_L	.	Missing	1345	8493	
LBDESTLC	TST_L	0	At or above the detection limit	6450	6450	
LBDESTLC	TST_L	1	Below lower detection limit	698	7148	
LBDESTLC	TST_L	.	Missing	1345	8493	
LBXESO	TST_L	0.0919 to 510	Range of Values	7159	7159	
LBXESO	TST_L	.	Missing	1334	8493	
LBDESOSI	TST_L	3.4 to 18900	Range of Values	7159	7159	
LBDESOSI	TST_L	.	Missing	1334	8493	
LBDESOLC	TST_L	0	At or above the detection limit	6993	6993	
LBDESOLC	TST_L	1	Below lower detection limit	166	7159	
LBDESOLC	TST_L	.	Missing	1334	8493	
LBXES1	TST_L	1.44 to 25400	Range of Values	7013	7013	
LBXES1	TST_L	.	Missing	1480	8493	
LBDES1SI	TST_L	3.93 to 69300	Range of Values	7013	7013	
LBDES1SI	TST_L	.	Missing	1480	8493	
LBDES1LC	TST_L	0	At or above the detection limit	6966	6966	
LBDES1LC	TST_L	1	Below lower detection limit	47	7013	
LBDES1LC	TST_L	.	Missing	1480	8493	
LBXFSH	TST_L	0.21 to 194.7	Range of Values	7014	7014	
LBXFSH	TST_L	.	Missing	1479	8493	
LBDFSHLC	TST_L	0	At or above the detection limit	6919	6919	
LBDFSHLC	TST_L	1	Below lower detection limit	95	7014	
LBDFSHLC	TST_L	.	Missing	1479	8493	
LBXLUH	TST_L	0.07 to 116.2	Range of Values	7014	7014	
LBXLUH	TST_L	.	Missing	1479	8493	
LBDLUHLC	TST_L	0	At or above the detection limit	6624	6624	
LBDLUHLC	TST_L	1	Below lower detection limit	390	7014	
LBDLUHLC	TST_L	.	Missing	1479	8493	
LBXPG4	TST_L	0.608 to 12800	Range of Values	7136	7136	
LBXPG4	TST_L	.	Missing	1357	8493	
LBDPG4SI	TST_L	0.0193 to 407	Range of Values	7136	7136	
LBDPG4SI	TST_L	.	Missing	1357	8493	
LBDPG4LC	TST_L	0	At or above the detection limit	6701	6701	
LBDPG4LC	TST_L	1	Below lower detection limit	435	7136	
LBDPG4LC	TST_L	.	Missing	1357	8493	
LBXSHBG	TST_L	1.18 to 671.9	Range of Values	7191	7191	
LBXSHBG	TST_L	.	Missing	1302	8493	
LBDSHGLC	TST_L	0	At or above the detection limit	7191	7191	
LBDSHGLC	TST_L	1	Below lower detection limit	0	7191	
LBDSHGLC	TST_L	.	Missing	1302	8493	
LBXTST	TST_L	0.403 to 5180	Range of Values	7160	7160	
LBXTST	TST_L	.	Missing	1333	8493	
LBDTSTSI	TST_L	0.014 to 180	Range of Values	7160	7160	
LBDTSTSI	TST_L	.	Missing	1333	8493	
LBDTSTLC	TST_L	0	At or above the detection limit	7062	7062	
LBDTSTLC	TST_L	1	Below lower detection limit	98	7160	
LBDTSTLC	TST_L	.	Missing	1333	8493	
WTPH2YR	BIOPRO_L	4391.8220579 to 241728.85724	Range of Values	6750	6750	
WTPH2YR	BIOPRO_L	0	No blood sample provided	449	7199	
WTPH2YR	BIOPRO_L	.	Missing	0	7199	
LBXSATSI	BIOPRO_L	3 to 350	Range of Values	6321	6321	
LBXSATSI	BIOPRO_L	.	Missing	878	7199	
LBXSAL	BIOPRO_L	2.2 to 5.5	Range of Values	6366	6366	
LBXSAL	BIOPRO_L	.	Missing	833	7199	
LBDSALSI	BIOPRO_L	22 to 55	Range of Values	6366	6366	
LBDSALSI	BIOPRO_L	.	Missing	833	7199	
LBXSAPSI	BIOPRO_L	20 to 731	Range of Values	6327	6327	
LBXSAPSI	BIOPRO_L	.	Missing	872	7199	
LBXSASSI	BIOPRO_L	6 to 518	Range of Values	6308	6308	
LBXSASSI	BIOPRO_L	.	Missing	891	7199	
LBXSC3SI	BIOPRO_L	15 to 37	Range of Values	6325	6325	
LBXSC3SI	BIOPRO_L	.	Missing	874	7199	
LBXSBU	BIOPRO_L	4 to 74	Range of Values	6326	6326	
LBXSBU	BIOPRO_L	.	Missing	873	7199	
LBDSBUSI	BIOPRO_L	1.4 to 26.4	Range of Values	6326	6326	
LBDSBUSI	BIOPRO_L	.	Missing	873	7199	
LBXSCLSI	BIOPRO_L	82 to 133	Range of Values	6329	6329	
LBXSCLSI	BIOPRO_L	.	Missing	870	7199	
LBXSCK	BIOPRO_L	10 to 16837	Range of Values	6321	6321	
LBXSCK	BIOPRO_L	.	Missing	878	7199	
LBXSCR	BIOPRO_L	0.33 to 15.17	Range of Values	6326	6326	
LBXSCR	BIOPRO_L	.	Missing	873	7199	
LBDSCRSI	BIOPRO_L	29.17 to 1341.03	Range of Values	6326	6326	
LBDSCRSI	BIOPRO_L	.	Missing	873	7199	
LBXSGB	BIOPRO_L	1.7 to 5.7	Range of Values	6364	6364	
LBXSGB	BIOPRO_L	.	Missing	835	7199	
LBDSGBSI	BIOPRO_L	17 to 57	Range of Values	6364	6364	
LBDSGBSI	BIOPRO_L	.	Missing	835	7199	
LBXSGL	BIOPRO_L	40 to 898	Range of Values	6357	6357	
LBXSGL	BIOPRO_L	.	Missing	842	7199	
LBDSGLSI	BIOPRO_L	2 to 50	Range of Values	6357	6357	
LBDSGLSI	BIOPRO_L	.	Missing	842	7199	
LBXSGTSI	BIOPRO_L	2 to 1541	Range of Values	6327	6327	
LBXSGTSI	BIOPRO_L	.	Missing	872	7199	
LBDSGTLC	BIOPRO_L	0	At or above detection limit	6326	6326	
LBDSGTLC	BIOPRO_L	1	Below lower detection limit	1	6327	
LBDSGTLC	BIOPRO_L	.	Missing	872	7199	
LBXSIR	BIOPRO_L	8 to 379	Range of Values	6364	6364	
LBXSIR	BIOPRO_L	.	Missing	835	7199	
LBDSIRSI	BIOPRO_L	1 to 68	Range of Values	6364	6364	
LBDSIRSI	BIOPRO_L	.	Missing	835	7199	
LBXSLDSI	BIOPRO_L	42 to 837	Range of Values	4740	4740	
LBXSLDSI	BIOPRO_L	.	Missing	2459	7199	
LBXMAGN	BIOPRO_L	0.7 to 2.8	Range of Values	6324	6324	
LBXMAGN	BIOPRO_L	.	Missing	875	7199	
LBXSOSSI	BIOPRO_L	240 to 334	Range of Values	6322	6322	
LBXSOSSI	BIOPRO_L	.	Missing	877	7199	
LBXSPH	BIOPRO_L	1.6 to 7	Range of Values	6322	6322	
LBXSPH	BIOPRO_L	.	Missing	877	7199	
LBDSPHSI	BIOPRO_L	0.52 to 2.26	Range of Values	6322	6322	
LBDSPHSI	BIOPRO_L	.	Missing	877	7199	
LBXSKSI	BIOPRO_L	2.5 to 6.4	Range of Values	6281	6281	
LBXSKSI	BIOPRO_L	.	Missing	918	7199	
LBXSNASI	BIOPRO_L	120 to 167	Range of Values	6366	6366	
LBXSNASI	BIOPRO_L	.	Missing	833	7199	
LBXSTB	BIOPRO_L	0.11 to 14.2	Range of Values	6325	6325	
LBXSTB	BIOPRO_L	.	Missing	874	7199	
LBDSTBSI	BIOPRO_L	3.42 to 242.82	Range of Values	6193	6193	
LBDSTBSI	BIOPRO_L	.	Missing	1006	7199	
LBDSTBLC	BIOPRO_L	0	At or above detection limit	6193	6193	
LBDSTBLC	BIOPRO_L	1	Below lower detection limit	132	6325	
LBDSTBLC	BIOPRO_L	.	Missing	874	7199	
LBXSCA	BIOPRO_L	7.5 to 11.7	Range of Values	6362	6362	
LBXSCA	BIOPRO_L	.	Missing	837	7199	
LBDSCASI	BIOPRO_L	1.9 to 2.9	Range of Values	6362	6362	
LBDSCASI	BIOPRO_L	.	Missing	837	7199	
LBXSCH	BIOPRO_L	63 to 454	Range of Values	6328	6328	
LBXSCH	BIOPRO_L	.	Missing	871	7199	
LBDSCHSI	BIOPRO_L	1.63 to 11.76	Range of Values	6328	6328	
LBDSCHSI	BIOPRO_L	.	Missing	871	7199	
LBXSTP	BIOPRO_L	5 to 9.1	Range of Values	6364	6364	
LBXSTP	BIOPRO_L	.	Missing	835	7199	
LBDSTPSI	BIOPRO_L	50 to 91	Range of Values	6364	6364	
LBDSTPSI	BIOPRO_L	.	Missing	835	7199	
LBXSTR	BIOPRO_L	24 to 1724	Range of Values	6359	6359	
LBXSTR	BIOPRO_L	.	Missing	840	7199	
LBDSTRSI	BIOPRO_L	0.27 to 19.48	Range of Values	6359	6359	
LBDSTRSI	BIOPRO_L	.	Missing	840	7199	
LBXSUA	BIOPRO_L	1.1 to 13.2	Range of Values	6329	6329	
LBXSUA	BIOPRO_L	.	Missing	870	7199	
LBDSUASI	BIOPRO_L	65.4 to 785.1	Range of Values	6329	6329	
LBDSUASI	BIOPRO_L	.	Missing	870	7199	
WTPH2YR	TFR_L	6213.3002375 to 253478.77765	Range of Values	2051	2051	
WTPH2YR	TFR_L	0	No blood sample provided	513	2564	
WTPH2YR	TFR_L	.	Missing	0	2564	
LBXTFR	TFR_L	1.41 to 29.4	Range of Values	1949	1949	
LBXTFR	TFR_L	.	Missing	615	2564	
LBDTFRSI	TFR_L	16.6 to 347	Range of Values	1949	1949	
LBDTFRSI	TFR_L	.	Missing	615	2564	
URXPREG	UCPREG_L	1	Positive	41	41	
URXPREG	UCPREG_L	2	Negative	1078	1119	
URXPREG	UCPREG_L	3	Not Done	11	1130	
URXPREG	UCPREG_L	4	Invalid	0	1130	
URXPREG	UCPREG_L	.	Missing	4	1134	
WTPH2YR	VID_L	4391.8220579 to 253478.77765	Range of Values	7626	7626	
WTPH2YR	VID_L	0	No blood sample provided	1101	8727	
WTPH2YR	VID_L	.	Missing	0	8727	
LBXVIDMS	VID_L	7.97 to 424	Range of Values	7307	7307	
LBXVIDMS	VID_L	.	Missing	1420	8727	
LBDVIDLC	VID_L	0	At or above the detection limit	7307	7307	
LBDVIDLC	VID_L	1	Below lower detection limit	0	7307	
LBDVIDLC	VID_L	.	Missing	1420	8727	
LBXVD2MS	VID_L	1.57 to 239	Range of Values	7307	7307	
LBXVD2MS	VID_L	.	Missing	1420	8727	
LBDVD2LC	VID_L	0	At or above the detection limit	1447	1447	
LBDVD2LC	VID_L	1	Below lower detection limit	5860	7307	
LBDVD2LC	VID_L	.	Missing	1420	8727	
LBXVD3MS	VID_L	4.1 to 422	Range of Values	7308	7308	
LBXVD3MS	VID_L	.	Missing	1419	8727	
LBDVD3LC	VID_L	0	At or above the detection limit	7308	7308	
LBDVD3LC	VID_L	1	Below lower detection limit	0	7308	
LBDVD3LC	VID_L	.	Missing	1419	8727	
LBXVE3MS	VID_L	0.54 to 62.8	Range of Values	7238	7238	
LBXVE3MS	VID_L	.	Missing	1489	8727	
LBDVE3LC	VID_L	0	At or above the detection limit	7168	7168	
LBDVE3LC	VID_L	1	Below lower detection limit	70	7238	
LBDVE3LC	VID_L	.	Missing	1489	8727	
WTSVOC2Y	VOCWB_L	11386.962716 to 543590.56928	Range of Values	2960	2960	
WTSVOC2Y	VOCWB_L	0	No Lab Result	658	3618	
WTSVOC2Y	VOCWB_L	.	Missing	0	3618	
LBX2DF	VOCWB_L	0.0078 to 0.857	Range of Values	2960	2960	
LBX2DF	VOCWB_L	.	Missing	658	3618	
LBD2DFLC	VOCWB_L	0	At or above detection limit	411	411	
LBD2DFLC	VOCWB_L	1	Below lower detection limit	2549	2960	
LBD2DFLC	VOCWB_L	.	Missing	658	3618	
LBXV06	VOCWB_L	0.086 to 14	Range of Values	2914	2914	
LBXV06	VOCWB_L	.	Missing	704	3618	
LBDV06LC	VOCWB_L	0	At or above detection limit	4	4	
LBDV06LC	VOCWB_L	1	Below lower detection limit	2910	2914	
LBDV06LC	VOCWB_L	.	Missing	704	3618	
LBXV07N	VOCWB_L	0.071 to 0.598	Range of Values	2931	2931	
LBXV07N	VOCWB_L	.	Missing	687	3618	
LBDV07LC	VOCWB_L	0	At or above detection limit	11	11	
LBDV07LC	VOCWB_L	1	Below lower detection limit	2920	2931	
LBDV07LC	VOCWB_L	.	Missing	687	3618	
LBXV08N	VOCWB_L	0.071 to 0.295	Range of Values	2959	2959	
LBXV08N	VOCWB_L	.	Missing	659	3618	
LBDV08LC	VOCWB_L	0	At or above detection limit	5	5	
LBDV08LC	VOCWB_L	1	Below lower detection limit	2954	2959	
LBDV08LC	VOCWB_L	.	Missing	659	3618	
LBXV1D	VOCWB_L	0.0177 to 0.0177	Range of Values	2936	2936	
LBXV1D	VOCWB_L	.	Missing	682	3618	
LBDV1DLC	VOCWB_L	0	At or above detection limit	0	0	
LBDV1DLC	VOCWB_L	1	Below lower detection limit	2936	2936	
LBDV1DLC	VOCWB_L	.	Missing	682	3618	
LBXV2A	VOCWB_L	0.0071 to 0.141	Range of Values	2939	2939	
LBXV2A	VOCWB_L	.	Missing	679	3618	
LBDV2ALC	VOCWB_L	0	At or above detection limit	52	52	
LBDV2ALC	VOCWB_L	1	Below lower detection limit	2887	2939	
LBDV2ALC	VOCWB_L	.	Missing	679	3618	
LBXV3B	VOCWB_L	0.0177 to 0.0177	Range of Values	2960	2960	
LBXV3B	VOCWB_L	.	Missing	658	3618	
LBDV3BLC	VOCWB_L	0	At or above detection limit	0	0	
LBDV3BLC	VOCWB_L	1	Below lower detection limit	2960	2960	
LBDV3BLC	VOCWB_L	.	Missing	658	3618	
LBXV4C	VOCWB_L	0.0339 to 3.63	Range of Values	2960	2960	
LBXV4C	VOCWB_L	.	Missing	658	3618	
LBDV4CLC	VOCWB_L	0	At or above detection limit	171	171	
LBDV4CLC	VOCWB_L	1	Below lower detection limit	2789	2960	
LBDV4CLC	VOCWB_L	.	Missing	658	3618	
LBXVAPN	VOCWB_L	0.0141 to 5.49	Range of Values	2934	2934	
LBXVAPN	VOCWB_L	.	Missing	684	3618	
LBDVAPLC	VOCWB_L	0	At or above detection limit	2020	2020	
LBDVAPLC	VOCWB_L	1	Below lower detection limit	914	2934	
LBDVAPLC	VOCWB_L	.	Missing	684	3618	
LBXVBF	VOCWB_L	0.0057 to 3.48	Range of Values	2960	2960	
LBXVBF	VOCWB_L	.	Missing	658	3618	
LBDVBFLC	VOCWB_L	0	At or above detection limit	60	60	
LBDVBFLC	VOCWB_L	1	Below lower detection limit	2900	2960	
LBDVBFLC	VOCWB_L	.	Missing	658	3618	
LBXVBM	VOCWB_L	0.0042 to 0.0441	Range of Values	2960	2960	
LBXVBM	VOCWB_L	.	Missing	658	3618	
LBDVBMLC	VOCWB_L	0	At or above detection limit	264	264	
LBDVBMLC	VOCWB_L	1	Below lower detection limit	2696	2960	
LBDVBMLC	VOCWB_L	.	Missing	658	3618	
LBXVBZ	VOCWB_L	0.017 to 2.15	Range of Values	2934	2934	
LBXVBZ	VOCWB_L	.	Missing	684	3618	
LBDVBZLC	VOCWB_L	0	At or above detection limit	709	709	
LBDVBZLC	VOCWB_L	1	Below lower detection limit	2225	2934	
LBDVBZLC	VOCWB_L	.	Missing	684	3618	
LBXVBZN	VOCWB_L	0.106 to 1.6	Range of Values	2957	2957	
LBXVBZN	VOCWB_L	.	Missing	661	3618	
LBDVZBLC	VOCWB_L	0	At or above detection limit	133	133	
LBDVZBLC	VOCWB_L	1	Below lower detection limit	2824	2957	
LBDVZBLC	VOCWB_L	.	Missing	661	3618	
LBXVC6	VOCWB_L	0.0141 to 3.49	Range of Values	2934	2934	
LBXVC6	VOCWB_L	.	Missing	684	3618	
LBDVC6LC	VOCWB_L	0	At or above detection limit	20	20	
LBDVC6LC	VOCWB_L	1	Below lower detection limit	2914	2934	
LBDVC6LC	VOCWB_L	.	Missing	684	3618	
LBXVCB	VOCWB_L	0.0078 to 0.158	Range of Values	2949	2949	
LBXVCB	VOCWB_L	.	Missing	669	3618	
LBDVCBLC	VOCWB_L	0	At or above detection limit	2	2	
LBDVCBLC	VOCWB_L	1	Below lower detection limit	2947	2949	
LBDVCBLC	VOCWB_L	.	Missing	669	3618	
LBXVCF	VOCWB_L	0.0057 to 0.685	Range of Values	2939	2939	
LBXVCF	VOCWB_L	.	Missing	679	3618	
LBDVCFLC	VOCWB_L	0	At or above detection limit	1616	1616	
LBDVCFLC	VOCWB_L	1	Below lower detection limit	1323	2939	
LBDVCFLC	VOCWB_L	.	Missing	679	3618	
LBXVCM	VOCWB_L	0.0035 to 0.035	Range of Values	2959	2959	
LBXVCM	VOCWB_L	.	Missing	659	3618	
LBDVCMLC	VOCWB_L	0	At or above detection limit	228	228	
LBDVCMLC	VOCWB_L	1	Below lower detection limit	2731	2959	
LBDVCMLC	VOCWB_L	.	Missing	659	3618	
LBXVCT	VOCWB_L	0.0035 to 0.0524	Range of Values	2960	2960	
LBXVCT	VOCWB_L	.	Missing	658	3618	
LBDVCTLC	VOCWB_L	0	At or above detection limit	9	9	
LBDVCTLC	VOCWB_L	1	Below lower detection limit	2951	2960	
LBDVCTLC	VOCWB_L	.	Missing	658	3618	
LBXVDB	VOCWB_L	0.0283 to 101	Range of Values	2942	2942	
LBXVDB	VOCWB_L	.	Missing	676	3618	
LBDVDBLC	VOCWB_L	0	At or above detection limit	845	845	
LBDVDBLC	VOCWB_L	1	Below lower detection limit	2097	2942	
LBDVDBLC	VOCWB_L	.	Missing	676	3618	
LBXVDEE	VOCWB_L	0.0283 to 0.508	Range of Values	2914	2914	
LBXVDEE	VOCWB_L	.	Missing	704	3618	
LBDVEELC	VOCWB_L	0	At or above detection limit	3	3	
LBDVEELC	VOCWB_L	1	Below lower detection limit	2911	2914	
LBDVEELC	VOCWB_L	.	Missing	704	3618	
LBXVEA	VOCWB_L	0.112 to 43.3	Range of Values	2797	2797	
LBXVEA	VOCWB_L	.	Missing	821	3618	
LBDVEALC	VOCWB_L	0	At or above detection limit	45	45	
LBDVEALC	VOCWB_L	1	Below lower detection limit	2752	2797	
LBDVEALC	VOCWB_L	.	Missing	821	3618	
LBXVEB	VOCWB_L	0.017 to 4.92	Range of Values	2936	2936	
LBXVEB	VOCWB_L	.	Missing	682	3618	
LBDVEBLC	VOCWB_L	0	At or above detection limit	543	543	
LBDVEBLC	VOCWB_L	1	Below lower detection limit	2393	2936	
LBDVEBLC	VOCWB_L	.	Missing	682	3618	
LBXVEC	VOCWB_L	0.0318 to 1.81	Range of Values	2890	2890	
LBXVEC	VOCWB_L	.	Missing	728	3618	
LBDVECLC	VOCWB_L	0	At or above detection limit	8	8	
LBDVECLC	VOCWB_L	1	Below lower detection limit	2882	2890	
LBDVECLC	VOCWB_L	.	Missing	728	3618	
LBXVFN	VOCWB_L	0.0177 to 0.35	Range of Values	2937	2937	
LBXVFN	VOCWB_L	.	Missing	681	3618	
LBDVFNLC	VOCWB_L	0	At or above detection limit	386	386	
LBDVFNLC	VOCWB_L	1	Below lower detection limit	2551	2937	
LBDVFNLC	VOCWB_L	.	Missing	681	3618	
LBXVIBN	VOCWB_L	0.0283 to 0.665	Range of Values	2918	2918	
LBXVIBN	VOCWB_L	.	Missing	700	3618	
LBDVIBLC	VOCWB_L	0	At or above detection limit	204	204	
LBDVIBLC	VOCWB_L	1	Below lower detection limit	2714	2918	
LBDVIBLC	VOCWB_L	.	Missing	700	3618	
LBXVIPB	VOCWB_L	0.0283 to 0.205	Range of Values	2959	2959	
LBXVIPB	VOCWB_L	.	Missing	659	3618	
LBDVIPLC	VOCWB_L	0	At or above detection limit	2	2	
LBDVIPLC	VOCWB_L	1	Below lower detection limit	2957	2959	
LBDVIPLC	VOCWB_L	.	Missing	659	3618	
LBXVMC	VOCWB_L	0.177 to 15.7	Range of Values	2937	2937	
LBXVMC	VOCWB_L	.	Missing	681	3618	
LBDVMCLC	VOCWB_L	0	At or above detection limit	7	7	
LBDVMCLC	VOCWB_L	1	Below lower detection limit	2930	2937	
LBDVMCLC	VOCWB_L	.	Missing	681	3618	
LBXVMCP	VOCWB_L	0.0141 to 15.6	Range of Values	2914	2914	
LBXVMCP	VOCWB_L	.	Missing	704	3618	
LBDVMPLC	VOCWB_L	0	At or above detection limit	22	22	
LBDVMPLC	VOCWB_L	1	Below lower detection limit	2892	2914	
LBDVMPLC	VOCWB_L	.	Missing	704	3618	
LBXVME	VOCWB_L	0.0071 to 0.0631	Range of Values	2944	2944	
LBXVME	VOCWB_L	.	Missing	674	3618	
LBDVMELC	VOCWB_L	0	At or above detection limit	20	20	
LBDVMELC	VOCWB_L	1	Below lower detection limit	2924	2944	
LBDVMELC	VOCWB_L	.	Missing	674	3618	
LBXVMIK	VOCWB_L	0.071 to 0.238	Range of Values	2942	2942	
LBXVMIK	VOCWB_L	.	Missing	676	3618	
LBDVMKLC	VOCWB_L	0	At or above detection limit	21	21	
LBDVMKLC	VOCWB_L	1	Below lower detection limit	2921	2942	
LBDVMKLC	VOCWB_L	.	Missing	676	3618	
LBXVOX	VOCWB_L	0.017 to 5.96	Range of Values	2960	2960	
LBXVOX	VOCWB_L	.	Missing	658	3618	
LBDVOXLC	VOCWB_L	0	At or above detection limit	548	548	
LBDVOXLC	VOCWB_L	1	Below lower detection limit	2412	2960	
LBDVOXLC	VOCWB_L	.	Missing	658	3618	
LBXVST	VOCWB_L	0.0212 to 9.16	Range of Values	2933	2933	
LBXVST	VOCWB_L	.	Missing	685	3618	
LBDVSTLC	VOCWB_L	0	At or above detection limit	1388	1388	
LBDVSTLC	VOCWB_L	1	Below lower detection limit	1545	2933	
LBDVSTLC	VOCWB_L	.	Missing	685	3618	
LBXVTC	VOCWB_L	0.0085 to 0.5	Range of Values	2960	2960	
LBXVTC	VOCWB_L	.	Missing	658	3618	
LBDVTCLC	VOCWB_L	0	At or above detection limit	15	15	
LBDVTCLC	VOCWB_L	1	Below lower detection limit	2945	2960	
LBDVTCLC	VOCWB_L	.	Missing	658	3618	
LBXVTE	VOCWB_L	0.0071 to 0.122	Range of Values	2958	2958	
LBXVTE	VOCWB_L	.	Missing	660	3618	
LBDVTELC	VOCWB_L	0	At or above detection limit	17	17	
LBDVTELC	VOCWB_L	1	Below lower detection limit	2941	2958	
LBDVTELC	VOCWB_L	.	Missing	660	3618	
LBXVTHF	VOCWB_L	0.088 to 19.7	Range of Values	2940	2940	
LBXVTHF	VOCWB_L	.	Missing	678	3618	
LBDVHTLC	VOCWB_L	0	At or above detection limit	5	5	
LBDVHTLC	VOCWB_L	1	Below lower detection limit	2935	2940	
LBDVHTLC	VOCWB_L	.	Missing	678	3618	
LBXVTO	VOCWB_L	0.0177 to 16.7	Range of Values	2924	2924	
LBXVTO	VOCWB_L	.	Missing	694	3618	
LBDVTOLC	VOCWB_L	0	At or above detection limit	2425	2425	
LBDVTOLC	VOCWB_L	1	Below lower detection limit	499	2924	
LBDVTOLC	VOCWB_L	.	Missing	694	3618	
LBXVTP	VOCWB_L	0.0283 to 0.0283	Range of Values	2960	2960	
LBXVTP	VOCWB_L	.	Missing	658	3618	
LBDVTPLC	VOCWB_L	0	At or above detection limit	0	0	
LBDVTPLC	VOCWB_L	1	Below lower detection limit	2960	2960	
LBDVTPLC	VOCWB_L	.	Missing	658	3618	
LBXVXY	VOCWB_L	0.024 to 12.6	Range of Values	2956	2956	
LBXVXY	VOCWB_L	.	Missing	662	3618	
LBDVXYLC	VOCWB_L	0	At or above detection limit	981	981	
LBDVXYLC	VOCWB_L	1	Below lower detection limit	1975	2956	
LBDVXYLC	VOCWB_L	.	Missing	662	3618	
AUQ054	AUQ_L	1	Excellent	5201	5201	AUQ413
AUQ054	AUQ_L	2	Good	4217	9418	AUQ413
AUQ054	AUQ_L	3	A little trouble	1354	10772	
AUQ054	AUQ_L	4	Moderate hearing trouble	645	11417	
AUQ054	AUQ_L	5	A lot of trouble	284	11701	
AUQ054	AUQ_L	6	Deaf	36	11737	
AUQ054	AUQ_L	77	Refused	1	11738	AUQ413
AUQ054	AUQ_L	99	Don't know	2	11740	AUQ413
AUQ054	AUQ_L	.	Missing	4	11744	
AUQ410A	AUQ_L	1	Genetic/Hereditary causes	276	276	
AUQ410A	AUQ_L	77	Refused	0	276	
AUQ410A	AUQ_L	99	Don't know	82	358	
AUQ410A	AUQ_L	.	Missing	11386	11744	
AUQ410B	AUQ_L	2	Ear infections (including fluid in ears)	432	432	
AUQ410B	AUQ_L	.	Missing	11312	11744	
AUQ410C	AUQ_L	3	Ear diseases (Otosclerosis, Menieres, Tumor)	87	87	
AUQ410C	AUQ_L	.	Missing	11657	11744	
AUQ410D	AUQ_L	4	Illness/Infections (Measles, Meningitis, Mumps)	86	86	
AUQ410D	AUQ_L	.	Missing	11658	11744	
AUQ410E	AUQ_L	5	Drugs/Medications	30	30	
AUQ410E	AUQ_L	.	Missing	11714	11744	
AUQ410F	AUQ_L	6	Head or neck injury/trauma	134	134	
AUQ410F	AUQ_L	.	Missing	11610	11744	
AUQ410G	AUQ_L	7	Loud brief explosive noise/sounds	450	450	
AUQ410G	AUQ_L	.	Missing	11294	11744	
AUQ410H	AUQ_L	8	Noise exposure, long-term (machinery, etc.)	806	806	
AUQ410H	AUQ_L	.	Missing	10938	11744	
AUQ410I	AUQ_L	9	Aging, getting older	1179	1179	
AUQ410I	AUQ_L	.	Missing	10565	11744	
AUQ410J	AUQ_L	10	Other causes	66	66	
AUQ410J	AUQ_L	.	Missing	11678	11744	
AUQ144	AUQ_L	1	Less than a year ago	717	717	
AUQ144	AUQ_L	2	1 year to 4 years ago	1378	2095	
AUQ144	AUQ_L	3	5 to 9 years ago	969	3064	
AUQ144	AUQ_L	4	Ten or more years ago	2561	5625	
AUQ144	AUQ_L	5	Never	1963	7588	
AUQ144	AUQ_L	7	Refused	1	7589	
AUQ144	AUQ_L	9	Don't know	218	7807	
AUQ144	AUQ_L	.	Missing	3937	11744	
AUQ101	AUQ_L	1	Always	494	494	
AUQ101	AUQ_L	2	Usually	696	1190	
AUQ101	AUQ_L	3	About half the time	1315	2505	
AUQ101	AUQ_L	4	Seldom	2834	5339	
AUQ101	AUQ_L	5	Never	2444	7783	
AUQ101	AUQ_L	7	Refused	2	7785	
AUQ101	AUQ_L	9	Don't know	19	7804	
AUQ101	AUQ_L	.	Missing	3940	11744	
ACD010A	ACQ_L	1	English	8597	8597	
ACD010A	ACQ_L	77	Refused	0	8597	
ACD010A	ACQ_L	99	Don't know	2	8599	
ACD010A	ACQ_L	.	Missing	2773	11372	
ACD010B	ACQ_L	8	Spanish	26	26	
ACD010B	ACQ_L	.	Missing	11346	11372	
ACD010C	ACQ_L	9	Other	689	689	
ACD010C	ACQ_L	.	Missing	10683	11372	
ACD040	ACQ_L	1	Only Spanish,	521	521	
ACD040	ACQ_L	2	More Spanish than English	329	850	
ACD040	ACQ_L	3	Both equally	422	1272	
ACD040	ACQ_L	4	More English than Spanish	466	1738	
ACD040	ACQ_L	5	Only English	566	2304	
ACD040	ACQ_L	7	Refused	10	2314	
ACD040	ACQ_L	9	Don't know	11	2325	
ACD040	ACQ_L	.	Missing	9047	11372	
ALQ111	ALQ_L	1	Yes	4918	4918	
ALQ111	ALQ_L	2	No	558	5476	End of Section
ALQ111	ALQ_L	7	Refused	0	5476	
ALQ111	ALQ_L	9	Don't know	5	5481	
ALQ111	ALQ_L	.	Missing	856	6337	
ALQ121	ALQ_L	0	Never in the last year	836	836	ALQ151
ALQ121	ALQ_L	1	Every day	163	999	
ALQ121	ALQ_L	2	Nearly every day	301	1300	
ALQ121	ALQ_L	3	3 to 4 times a week	458	1758	
ALQ121	ALQ_L	4	2 times a week	483	2241	
ALQ121	ALQ_L	5	Once a week	420	2661	
ALQ121	ALQ_L	6	2 to 3 times a month	574	3235	
ALQ121	ALQ_L	7	Once a month	362	3597	
ALQ121	ALQ_L	8	7 to 11 times in the last year	261	3858	
ALQ121	ALQ_L	9	3 to 6 times in the last year	517	4375	
ALQ121	ALQ_L	10	1 to 2 times in the last year	542	4917	
ALQ121	ALQ_L	77	Refused	2	4919	
ALQ121	ALQ_L	99	Don't know	3	4922	
ALQ121	ALQ_L	.	Missing	1415	6337	
ALQ130	ALQ_L	1 to 14	Range of Values	4035	4035	
ALQ130	ALQ_L	15	15 drinks or more	20	4055	
ALQ130	ALQ_L	777	Refused	4	4059	
ALQ130	ALQ_L	999	Don't know	10	4069	
ALQ130	ALQ_L	.	Missing	2268	6337	
ALQ142	ALQ_L	0	Never in the last year	1709	1709	ALQ151
ALQ142	ALQ_L	1	Every day	39	1748	
ALQ142	ALQ_L	2	Nearly every day	63	1811	
ALQ142	ALQ_L	3	3 to 4 times a week	122	1933	
ALQ142	ALQ_L	4	2 times a week	114	2047	
ALQ142	ALQ_L	5	Once a week	207	2254	
ALQ142	ALQ_L	6	2 to 3 times a month	249	2503	
ALQ142	ALQ_L	7	Once a month	290	2793	
ALQ142	ALQ_L	8	7 to 11 times in the last year	142	2935	
ALQ142	ALQ_L	9	3 to 6 times in the last year	398	3333	
ALQ142	ALQ_L	10	1 to 2 times in the last year	729	4062	
ALQ142	ALQ_L	77	Refused	8	4070	
ALQ142	ALQ_L	99	Don't know	12	4082	
ALQ142	ALQ_L	.	Missing	2255	6337	
ALQ270	ALQ_L	0	Never in the last year	1020	1020	
ALQ270	ALQ_L	1	Every day	12	1032	
ALQ270	ALQ_L	2	Nearly every day	34	1066	
ALQ270	ALQ_L	3	3 to 4 times a week	57	1123	
ALQ270	ALQ_L	4	2 times a week	71	1194	
ALQ270	ALQ_L	5	Once a week	99	1293	
ALQ270	ALQ_L	6	2 to 3 times a month	128	1421	
ALQ270	ALQ_L	7	Once a month	183	1604	
ALQ270	ALQ_L	8	7 to 11 times in the last year	79	1683	
ALQ270	ALQ_L	9	3 to 6 times in the last year	163	1846	
ALQ270	ALQ_L	10	1 to 2 times in the last year	507	2353	
ALQ270	ALQ_L	77	Refused	4	2357	
ALQ270	ALQ_L	99	Don't know	9	2366	
ALQ270	ALQ_L	.	Missing	3971	6337	
ALQ280	ALQ_L	0	Never in the last year	1391	1391	ALQ151
ALQ280	ALQ_L	1	Every day	12	1403	
ALQ280	ALQ_L	2	Nearly every day	21	1424	
ALQ280	ALQ_L	3	3 to 4 times a week	36	1460	
ALQ280	ALQ_L	4	2 times a week	49	1509	
ALQ280	ALQ_L	5	Once a week	74	1583	
ALQ280	ALQ_L	6	2 to 3 times a month	82	1665	
ALQ280	ALQ_L	7	Once a month	122	1787	
ALQ280	ALQ_L	8	7 to 11 times in the last year	80	1867	
ALQ280	ALQ_L	9	3 to 6 times in the last year	114	1981	
ALQ280	ALQ_L	10	1 to 2 times in the last year	371	2352	
ALQ280	ALQ_L	77	Refused	3	2355	
ALQ280	ALQ_L	99	Don't know	7	2362	
ALQ280	ALQ_L	.	Missing	3975	6337	
ALQ151	ALQ_L	1	Yes	916	916	
ALQ151	ALQ_L	2	No	3979	4895	
ALQ151	ALQ_L	7	Refused	1	4896	
ALQ151	ALQ_L	9	Don't know	5	4901	
ALQ151	ALQ_L	.	Missing	1436	6337	
ALQ170	ALQ_L	0 to 20	Range of Values	2309	2309	
ALQ170	ALQ_L	30	More than 20 times	43	2352	
ALQ170	ALQ_L	777	Refused	3	2355	
ALQ170	ALQ_L	999	Don't know	3	2358	
ALQ170	ALQ_L	.	Missing	3979	6337	
BAQ321A	BAQ_L	1	Yes	1151	1151	
BAQ321A	BAQ_L	2	No	4898	6049	
BAQ321A	BAQ_L	7	Refused	1	6050	
BAQ321A	BAQ_L	9	Don't know	9	6059	
BAQ321A	BAQ_L	.	Missing	11	6070	
BAQ321B	BAQ_L	1	Yes	684	684	
BAQ321B	BAQ_L	2	No	5369	6053	
BAQ321B	BAQ_L	7	Refused	1	6054	
BAQ321B	BAQ_L	9	Don't know	5	6059	
BAQ321B	BAQ_L	.	Missing	11	6070	
BAQ321C	BAQ_L	1	Yes	1433	1433	
BAQ321C	BAQ_L	2	No	4620	6053	
BAQ321C	BAQ_L	7	Refused	2	6055	
BAQ321C	BAQ_L	9	Don't know	3	6058	
BAQ321C	BAQ_L	.	Missing	12	6070	
BAQ321D	BAQ_L	1	Yes	1202	1202	
BAQ321D	BAQ_L	2	No	4851	6053	
BAQ321D	BAQ_L	7	Refused	2	6055	
BAQ321D	BAQ_L	9	Don't know	3	6058	
BAQ321D	BAQ_L	.	Missing	12	6070	
BAQ341	BAQ_L	1	Vertigo	536	536	
BAQ341	BAQ_L	2	Blurring vision	233	769	
BAQ341	BAQ_L	3	Unsteadiness	638	1407	
BAQ341	BAQ_L	4	Light-headed or fainting	715	2122	
BAQ341	BAQ_L	7	Refused	1	2123	
BAQ341	BAQ_L	9	Don't know	16	2139	
BAQ341	BAQ_L	.	Missing	3931	6070	
BAQ391A	BAQ_L	1	Yes	511	511	
BAQ391A	BAQ_L	2	No	1609	2120	
BAQ391A	BAQ_L	7	Refused	0	2120	
BAQ391A	BAQ_L	9	Don't know	2	2122	
BAQ391A	BAQ_L	.	Missing	3948	6070	
BAQ391B	BAQ_L	1	Yes	736	736	
BAQ391B	BAQ_L	2	No	1384	2120	
BAQ391B	BAQ_L	7	Refused	0	2120	
BAQ391B	BAQ_L	9	Don't know	2	2122	
BAQ391B	BAQ_L	.	Missing	3948	6070	
BAQ401	BAQ_L	1	Yes	728	728	
BAQ401	BAQ_L	2	No	1410	2138	
BAQ401	BAQ_L	7	Refused	0	2138	
BAQ401	BAQ_L	9	Don't know	1	2139	
BAQ401	BAQ_L	.	Missing	3931	6070	
BAQ421	BAQ_L	1	No problem,	577	577	
BAQ421	BAQ_L	2	A small problem,	899	1476	
BAQ421	BAQ_L	3	A moderate problem,	443	1919	
BAQ421	BAQ_L	4	A big problem, or	142	2061	
BAQ421	BAQ_L	5	A very big problem?	78	2139	
BAQ421	BAQ_L	7	Refused	0	2139	
BAQ421	BAQ_L	9	Don't know	0	2139	
BAQ421	BAQ_L	.	Missing	3931	6070	
BAQ431	BAQ_L	1	Yes	981	981	
BAQ431	BAQ_L	2	No	1156	2137	
BAQ431	BAQ_L	7	Refused	0	2137	
BAQ431	BAQ_L	9	Don't know	2	2139	
BAQ431	BAQ_L	.	Missing	3931	6070	
BAQ491	BAQ_L	1	Yes	876	876	
BAQ491	BAQ_L	2	No	1258	2134	
BAQ491	BAQ_L	7	Refused	0	2134	
BAQ491	BAQ_L	9	Don't know	5	2139	
BAQ491	BAQ_L	.	Missing	3931	6070	
BAQ530	BAQ_L	1	Never	3220	3220	End of Section
BAQ530	BAQ_L	2	1 or 2 times	1615	4835	
BAQ530	BAQ_L	3	3 to 4 times	604	5439	
BAQ530	BAQ_L	4	About every year	368	5807	
BAQ530	BAQ_L	5	About every month	153	5960	
BAQ530	BAQ_L	6	About every week	43	6003	
BAQ530	BAQ_L	7	Daily or constantly	27	6030	
BAQ530	BAQ_L	77	Refused	1	6031	End of Section
BAQ530	BAQ_L	99	Don't know	29	6060	End of Section
BAQ530	BAQ_L	.	Missing	10	6070	
BAQ550	BAQ_L	1	Never	1087	1087	End of Section
BAQ550	BAQ_L	2	1 or 2 times	1316	2403	
BAQ550	BAQ_L	3	3 to 4 times	204	2607	
BAQ550	BAQ_L	4	5 to 9 times	103	2710	
BAQ550	BAQ_L	5	10 or more times	93	2803	
BAQ550	BAQ_L	7	Refused	0	2803	
BAQ550	BAQ_L	9	Don't know	7	2810	
BAQ550	BAQ_L	.	Missing	3260	6070	
BAQ560	BAQ_L	1	Yes	588	588	
BAQ560	BAQ_L	2	No	1131	1719	
BAQ560	BAQ_L	7	Refused	0	1719	
BAQ560	BAQ_L	9	Don't know	4	1723	
BAQ560	BAQ_L	.	Missing	4347	6070	
BPQ020	BPQ_L	1	Yes	2969	2969	
BPQ020	BPQ_L	2	No	5518	8487	BPQ080
BPQ020	BPQ_L	7	Refused	1	8488	BPQ080
BPQ020	BPQ_L	9	Don't know	10	8498	BPQ080
BPQ020	BPQ_L	.	Missing	3	8501	
BPQ030	BPQ_L	1	Yes	2468	2468	
BPQ030	BPQ_L	2	No	474	2942	
BPQ030	BPQ_L	7	Refused	1	2943	
BPQ030	BPQ_L	9	Don't know	25	2968	
BPQ030	BPQ_L	.	Missing	5533	8501	
BPQ150	BPQ_L	1	Yes	2442	2442	
BPQ150	BPQ_L	2	No	523	2965	
BPQ150	BPQ_L	7	Refused	0	2965	
BPQ150	BPQ_L	9	Don't know	4	2969	
BPQ150	BPQ_L	.	Missing	5532	8501	
BPQ080	BPQ_L	1	Yes	3096	3096	
BPQ080	BPQ_L	2	No	5348	8444	
BPQ080	BPQ_L	7	Refused	1	8445	
BPQ080	BPQ_L	9	Don't know	53	8498	
BPQ080	BPQ_L	.	Missing	3	8501	
BPQ101D	BPQ_L	1	Yes	2126	2126	
BPQ101D	BPQ_L	2	No	6339	8465	
BPQ101D	BPQ_L	7	Refused	0	8465	
BPQ101D	BPQ_L	9	Don't know	33	8498	
BPQ101D	BPQ_L	.	Missing	3	8501	
HSQ590	HSQ_L	1	Yes	1654	1654	
HSQ590	HSQ_L	2	No	4087	5741	
HSQ590	HSQ_L	7	Refused	1	5742	
HSQ590	HSQ_L	9	Don't know	9	5751	
HSQ590	HSQ_L	.	Missing	864	6615	
DEQ034A	DEQ_L	1	Always	366	366	
DEQ034A	DEQ_L	2	Most of the time	1153	1519	
DEQ034A	DEQ_L	3	Sometimes	1768	3287	
DEQ034A	DEQ_L	4	Rarely, or	697	3984	
DEQ034A	DEQ_L	5	Never?	283	4267	
DEQ034A	DEQ_L	6	Don't go out in the sun	31	4298	End of Section
DEQ034A	DEQ_L	77	Refused	0	4298	
DEQ034A	DEQ_L	99	Don't know	4	4302	
DEQ034A	DEQ_L	.	Missing	3	4305	
DEQ034C	DEQ_L	1	Always	201	201	
DEQ034C	DEQ_L	2	Most of the time	347	548	
DEQ034C	DEQ_L	3	Sometimes	1092	1640	
DEQ034C	DEQ_L	4	Rarely, or	1165	2805	
DEQ034C	DEQ_L	5	Never?	1465	4270	
DEQ034C	DEQ_L	7	Refused	0	4270	
DEQ034C	DEQ_L	9	Don't know	1	4271	
DEQ034C	DEQ_L	.	Missing	34	4305	
DEQ034D	DEQ_L	1	Always	561	561	
DEQ034D	DEQ_L	2	Most of the time	780	1341	
DEQ034D	DEQ_L	3	Sometimes	992	2333	
DEQ034D	DEQ_L	4	Rarely, or	721	3054	
DEQ034D	DEQ_L	5	Never?	1217	4271	
DEQ034D	DEQ_L	7	Refused	0	4271	
DEQ034D	DEQ_L	9	Don't know	0	4271	
DEQ034D	DEQ_L	.	Missing	34	4305	
DIQ010	DIQ_L	1	Yes	1081	1081	
DIQ010	DIQ_L	2	No	10371	11452	DIQ159
DIQ010	DIQ_L	3	Borderline	284	11736	DIQ159
DIQ010	DIQ_L	7	Refused	0	11736	DIQ159
DIQ010	DIQ_L	9	Don't know	4	11740	DIQ159
DIQ010	DIQ_L	.	Missing	4	11744	
DID040	DIQ_L	1 to 79	Range of Values	1050	1050	
DID040	DIQ_L	80	80 years or older	7	1057	
DID040	DIQ_L	666	Less than 1 year	0	1057	
DID040	DIQ_L	777	Refused	0	1057	
DID040	DIQ_L	999	Don't know	24	1081	
DID040	DIQ_L	.	Missing	10663	11744	
DIQ160	DIQ_L	1	Yes	918	918	
DIQ160	DIQ_L	2	No	7089	8007	
DIQ160	DIQ_L	7	Refused	0	8007	
DIQ160	DIQ_L	9	Don't know	15	8022	
DIQ160	DIQ_L	.	Missing	3722	11744	
DIQ180	DIQ_L	1	Yes	3370	3370	DIQ065
DIQ180	DIQ_L	2	No	4667	8037	DIQ065
DIQ180	DIQ_L	7	Refused	2	8039	DIQ065
DIQ180	DIQ_L	9	Don't know	265	8304	DIQ065
DIQ180	DIQ_L	.	Missing	3440	11744	
DIQ050	DIQ_L	1	Yes	344	344	
DIQ050	DIQ_L	2	No	737	1081	DIQ065
DIQ050	DIQ_L	7	Refused	0	1081	DIQ065
DIQ050	DIQ_L	9	Don't know	0	1081	DIQ065
DIQ050	DIQ_L	.	Missing	10663	11744	
DID060	DIQ_L	1 to 60	Range of Values	332	332	
DID060	DIQ_L	666	Less than 1 month	3	335	
DID060	DIQ_L	777	Refused	0	335	
DID060	DIQ_L	999	Don't know	8	343	
DID060	DIQ_L	.	Missing	11401	11744	
DIQ060U	DIQ_L	1	Months	35	35	
DIQ060U	DIQ_L	2	Years	297	332	
DIQ060U	DIQ_L	.	Missing	11412	11744	
DIQ070	DIQ_L	1	Yes	885	885	
DIQ070	DIQ_L	2	No	1389	2274	
DIQ070	DIQ_L	7	Refused	0	2274	
DIQ070	DIQ_L	9	Don't know	7	2281	
DIQ070	DIQ_L	.	Missing	9463	11744	
DBQ010	DBQ_L	1	Yes	1121	1121	
DBQ010	DBQ_L	2	No	314	1435	DBD041
DBQ010	DBQ_L	7	Refused	0	1435	DBD041
DBQ010	DBQ_L	9	Don't know	6	1441	DBD041
DBQ010	DBQ_L	.	Missing	10492	11933	
DBD030	DBQ_L	1 to 1095	Range of Values	987	987	
DBD030	DBQ_L	0	Still breastfeeding	124	1111	
DBD030	DBQ_L	666666	More than 1095 days (3-year) old	5	1116	DBD041
DBD030	DBQ_L	777777	Refused	0	1116	DBD041
DBD030	DBQ_L	999999	Don't know	5	1121	DBD041
DBD030	DBQ_L	.	Missing	10812	11933	
DBD041	DBQ_L	1 to 365	Range of Values	1128	1128	
DBD041	DBQ_L	0	Never	288	1416	DBD055
DBD041	DBQ_L	666666	More than 365 days (1-year) old	8	1424	
DBD041	DBQ_L	777777	Refused	0	1424	
DBD041	DBQ_L	999999	Don't know	17	1441	
DBD041	DBQ_L	.	Missing	10492	11933	
DBD050	DBQ_L	2 to 1095	Range of Values	948	948	
DBD050	DBQ_L	0	Still drinking formula	167	1115	
DBD050	DBQ_L	666666	More than 1095 days (3-year) old	3	1118	
DBD050	DBQ_L	777777	Refused	0	1118	
DBD050	DBQ_L	999999	Don't know	35	1153	
DBD050	DBQ_L	.	Missing	10780	11933	
DBD055	DBQ_L	1 to 730	Range of Values	1350	1350	
DBD055	DBQ_L	0	Never	60	1410	DBD265A
DBD055	DBQ_L	666666	More than 730 days (2-year) old	4	1414	
DBD055	DBQ_L	777777	Refused	0	1414	
DBD055	DBQ_L	999999	Don't know	26	1440	
DBD055	DBQ_L	.	Missing	10493	11933	
DBD061	DBQ_L	1 to 1095	Range of Values	1185	1185	
DBD061	DBQ_L	0	Never	158	1343	DBD265A
DBD061	DBQ_L	666666	More than 1095 days (3-year) old	1	1344	
DBD061	DBQ_L	777777	Refused	0	1344	
DBD061	DBQ_L	999999	Don't know	12	1356	
DBD061	DBQ_L	.	Missing	10577	11933	
DBQ073A	DBQ_L	10	Whole or regular milk	862	862	
DBQ073A	DBQ_L	77	Refused	0	862	
DBQ073A	DBQ_L	99	Don't know	7	869	
DBQ073A	DBQ_L	.	Missing	11064	11933	
DBQ073B	DBQ_L	11	2% fat or reduced-fat milk	180	180	
DBQ073B	DBQ_L	.	Missing	11753	11933	
DBQ073C	DBQ_L	12	1% fat or low-fat milk (includes 0.5% fat milk or low-fat milk not further specified),	66	66	
DBQ073C	DBQ_L	.	Missing	11867	11933	
DBQ073D	DBQ_L	13	fat-free, skim or nonfat milk, or	16	16	
DBQ073D	DBQ_L	.	Missing	11917	11933	
DBQ073E	DBQ_L	14	soy milk, or	21	21	
DBQ073E	DBQ_L	.	Missing	11912	11933	
DBQ073U	DBQ_L	30	Another type?	82	82	
DBQ073U	DBQ_L	.	Missing	11851	11933	
DBQ301	DBQ_L	1	Yes	174	174	
DBQ301	DBQ_L	2	No	3326	3500	
DBQ301	DBQ_L	7	Refused	0	3500	
DBQ301	DBQ_L	9	Don't know	0	3500	
DBQ301	DBQ_L	.	Missing	8433	11933	
DBQ330	DBQ_L	1	Yes	95	95	
DBQ330	DBQ_L	2	No	3404	3499	
DBQ330	DBQ_L	7	Refused	0	3499	
DBQ330	DBQ_L	9	Don't know	1	3500	
DBQ330	DBQ_L	.	Missing	8433	11933	
DBQ360	DBQ_L	1	Yes	2762	2762	
DBQ360	DBQ_L	2	No	593	3355	DBD710
DBQ360	DBQ_L	7	Refused	1	3356	DBD710
DBQ360	DBQ_L	9	Don't know	1	3357	DBD710
DBQ360	DBQ_L	.	Missing	8576	11933	
DBQ370	DBQ_L	1	Yes	2643	2643	
DBQ370	DBQ_L	2	No	116	2759	DBQ400
DBQ370	DBQ_L	7	Refused	1	2760	DBQ400
DBQ370	DBQ_L	9	Don't know	2	2762	DBQ400
DBQ370	DBQ_L	.	Missing	9171	11933	
DBD381	DBQ_L	1 to 5	Range of Values	2159	2159	
DBD381	DBQ_L	0	None	463	2622	DBQ400
DBD381	DBQ_L	7777	Refused	0	2622	DBQ400
DBD381	DBQ_L	9999	Don't know	21	2643	DBQ400
DBD381	DBQ_L	.	Missing	9290	11933	
DBQ390	DBQ_L	1	Free	1612	1612	
DBQ390	DBQ_L	2	Reduced price	101	1713	
DBQ390	DBQ_L	3	Full price	437	2150	
DBQ390	DBQ_L	7	Refused	0	2150	
DBQ390	DBQ_L	9	Don't know	9	2159	
DBQ390	DBQ_L	.	Missing	9774	11933	
DBQ400	DBQ_L	1	Yes	2378	2378	
DBQ400	DBQ_L	2	No	298	2676	DBQ422
DBQ400	DBQ_L	7	Refused	1	2677	DBQ422
DBQ400	DBQ_L	9	Don't know	85	2762	DBQ422
DBQ400	DBQ_L	.	Missing	9171	11933	
DBD411	DBQ_L	1 to 5	Range of Values	1400	1400	
DBD411	DBQ_L	0	None	955	2355	DBQ422
DBD411	DBQ_L	7777	Refused	0	2355	DBQ422
DBD411	DBQ_L	9999	Don't know	23	2378	DBQ422
DBD411	DBQ_L	.	Missing	9555	11933	
DBQ421	DBQ_L	1	Free	1230	1230	
DBQ421	DBQ_L	2	Reduced price	59	1289	
DBQ421	DBQ_L	3	Full price	105	1394	
DBQ421	DBQ_L	7	Refused	0	1394	
DBQ421	DBQ_L	9	Don't know	6	1400	
DBQ421	DBQ_L	.	Missing	10533	11933	
DBQ424	DBQ_L	1	Yes	480	480	
DBQ424	DBQ_L	2	No	760	1240	
DBQ424	DBQ_L	3	Did not attend summer program	530	1770	
DBQ424	DBQ_L	7	Refused	0	1770	
DBQ424	DBQ_L	9	Don't know	10	1780	
DBQ424	DBQ_L	.	Missing	10153	11933	
DBQ930	DBQ_L	1	Yes	5513	5513	
DBQ930	DBQ_L	2	No	2970	8483	
DBQ930	DBQ_L	7	Refused	0	8483	
DBQ930	DBQ_L	9	Don't know	3	8486	
DBQ930	DBQ_L	.	Missing	3447	11933	
DBQ935	DBQ_L	1	Yes	4273	4273	
DBQ935	DBQ_L	2	No	4212	8485	
DBQ935	DBQ_L	7	Refused	0	8485	
DBQ935	DBQ_L	9	Don't know	1	8486	
DBQ935	DBQ_L	.	Missing	3447	11933	
DBQ940	DBQ_L	1	Yes	5502	5502	
DBQ940	DBQ_L	2	No	2982	8484	
DBQ940	DBQ_L	7	Refused	0	8484	
DBQ940	DBQ_L	9	Don't know	2	8486	
DBQ940	DBQ_L	.	Missing	3447	11933	
DBQ945	DBQ_L	1	Yes	4289	4289	
DBQ945	DBQ_L	2	No	4195	8484	
DBQ945	DBQ_L	7	Refused	0	8484	
DBQ945	DBQ_L	9	Don't know	2	8486	
DBQ945	DBQ_L	.	Missing	3447	11933	
ECD070A	ECQ_L	4 to 10	Range of Values	3185	3185	
ECD070A	ECQ_L	3	3 pounds or less	77	3262	
ECD070A	ECQ_L	11	11 pounds or more	15	3277	
ECD070A	ECQ_L	7777	Refused	4	3281	
ECD070A	ECQ_L	9999	Don't know	151	3432	
ECD070A	ECQ_L	.	Missing	0	3432	
ECD070B	ECQ_L	0 to 15	Range of Values	3277	3277	
ECD070B	ECQ_L	7777	Refused	4	3281	
ECD070B	ECQ_L	9999	Don't know	151	3432	
ECD070B	ECQ_L	.	Missing	0	3432	
ECQ080	ECQ_L	1	More than 5-1/2 lbs. (2500 g), or	116	116	
ECQ080	ECQ_L	2	Less than 5-1/2 lbs. (2500 g)?	11	127	ECQ095
ECQ080	ECQ_L	7	Refused	0	127	ECQ095
ECQ080	ECQ_L	9	Don't know	28	155	ECQ095
ECQ080	ECQ_L	.	Missing	3277	3432	
ECQ090	ECQ_L	1	More than 9 lbs. (4100 g), or	19	19	
ECQ090	ECQ_L	2	Less than 9 lbs. (4100 g)?	87	106	
ECQ090	ECQ_L	7	Refused	0	106	
ECQ090	ECQ_L	9	Don't know	10	116	
ECQ090	ECQ_L	.	Missing	3316	3432	
WHQ030E	ECQ_L	1	Overweight	314	314	
WHQ030E	ECQ_L	2	Underweight	183	497	
WHQ030E	ECQ_L	3	About the right weight	2562	3059	
WHQ030E	ECQ_L	7	Refused	3	3062	
WHQ030E	ECQ_L	9	Don't know	2	3064	
WHQ030E	ECQ_L	.	Missing	368	3432	
MCQ080E	ECQ_L	1	Yes	341	341	
MCQ080E	ECQ_L	2	No	2716	3057	
MCQ080E	ECQ_L	7	Refused	3	3060	
MCQ080E	ECQ_L	9	Don't know	4	3064	
MCQ080E	ECQ_L	.	Missing	368	3432	
FSD032A	FSQ_L	1	Often true	993	993	
FSD032A	FSQ_L	2	Sometimes true	2143	3136	
FSD032A	FSQ_L	3	Never true	7440	10576	
FSD032A	FSQ_L	7	Refused	27	10603	
FSD032A	FSQ_L	9	Don't know	3	10606	
FSD032A	FSQ_L	.	Missing	1327	11933	
FSD032B	FSQ_L	1	Often true	742	742	
FSD032B	FSQ_L	2	Sometimes true	1858	2600	
FSD032B	FSQ_L	3	Never true	7971	10571	
FSD032B	FSQ_L	7	Refused	28	10599	
FSD032B	FSQ_L	9	Don't know	7	10606	
FSD032B	FSQ_L	.	Missing	1327	11933	
FSD032C	FSQ_L	1	Often true	697	697	
FSD032C	FSQ_L	2	Sometimes true	1652	2349	
FSD032C	FSQ_L	3	Never true	8226	10575	
FSD032C	FSQ_L	7	Refused	26	10601	
FSD032C	FSQ_L	9	Don't know	5	10606	
FSD032C	FSQ_L	.	Missing	1327	11933	
FSD041	FSQ_L	1	Yes	1527	1527	
FSD041	FSQ_L	2	No	2110	3637	FSD061
FSD041	FSQ_L	7	Refused	0	3637	FSD061
FSD041	FSQ_L	9	Don't know	5	3642	FSD061
FSD041	FSQ_L	.	Missing	8291	11933	
FSD052	FSQ_L	1	Almost every month,	428	428	
FSD052	FSQ_L	2	Some months but not every month, or	704	1132	
FSD052	FSQ_L	3	Only 1 or 2 months?	395	1527	
FSD052	FSQ_L	7	Refused	0	1527	
FSD052	FSQ_L	9	Don't know	0	1527	
FSD052	FSQ_L	.	Missing	10406	11933	
FSD061	FSQ_L	1	Yes	1455	1455	
FSD061	FSQ_L	2	No	2184	3639	
FSD061	FSQ_L	7	Refused	0	3639	
FSD061	FSQ_L	9	Don't know	3	3642	
FSD061	FSQ_L	.	Missing	8291	11933	
FSD071	FSQ_L	1	Yes	835	835	
FSD071	FSQ_L	2	No	2806	3641	
FSD071	FSQ_L	7	Refused	0	3641	
FSD071	FSQ_L	9	Don't know	1	3642	
FSD071	FSQ_L	.	Missing	8291	11933	
FSD081	FSQ_L	1	Yes	558	558	
FSD081	FSQ_L	2	No	3064	3622	
FSD081	FSQ_L	7	Refused	0	3622	
FSD081	FSQ_L	9	Don't know	20	3642	
FSD081	FSQ_L	.	Missing	8291	11933	
FSD092	FSQ_L	1	Yes	356	356	
FSD092	FSQ_L	2	No	1455	1811	
FSD092	FSQ_L	7	Refused	1	1812	
FSD092	FSQ_L	9	Don't know	1	1813	
FSD092	FSQ_L	.	Missing	10120	11933	
FSD102	FSQ_L	1	Almost every month,	107	107	
FSD102	FSQ_L	2	Some months but not every month, or	161	268	
FSD102	FSQ_L	3	Only 1 or 2 months?	88	356	
FSD102	FSQ_L	7	Refused	0	356	
FSD102	FSQ_L	9	Don't know	0	356	
FSD102	FSQ_L	.	Missing	11577	11933	
FSDAD	FSQ_L	1	AD full food security: 0	6939	6939	
FSDAD	FSQ_L	2	AD marginal food security: 1-2	1376	8315	
FSDAD	FSQ_L	3	AD low food security: 3-5	1234	9549	
FSDAD	FSQ_L	4	AD very low food security: 6-10	1032	10581	
FSDAD	FSQ_L	.	Missing	1352	11933	
FSD151	FSQ_L	1	Yes	1730	1730	
FSD151	FSQ_L	2	No	8853	10583	
FSD151	FSQ_L	7	Refused	22	10605	
FSD151	FSQ_L	9	Don't know	7	10612	
FSD151	FSQ_L	.	Missing	1321	11933	
FSQ165	FSQ_L	1	Yes	4830	4830	
FSQ165	FSQ_L	2	No	5695	10525	FSQBOX5
FSQ165	FSQ_L	7	Refused	31	10556	FSQBOX5
FSQ165	FSQ_L	9	Don't know	31	10587	FSQBOX5
FSQ165	FSQ_L	.	Missing	1346	11933	
FSD165N	FSQ_L	1 to 6	Range of Values	4674	4674	
FSD165N	FSQ_L	7	7 or more	150	4824	
FSD165N	FSQ_L	77	Refused	1	4825	
FSD165N	FSQ_L	99	Don't know	5	4830	
FSD165N	FSQ_L	.	Missing	7103	11933	
FSQ012	FSQ_L	1	Yes	3005	3005	
FSQ012	FSQ_L	2	No	1817	4822	FSQBOX5
FSQ012	FSQ_L	7	Refused	1	4823	FSQBOX5
FSQ012	FSQ_L	9	Don't know	7	4830	FSQBOX5
FSQ012	FSQ_L	.	Missing	7103	11933	
FSD012N	FSQ_L	1 to 6	Range of Values	2895	2895	
FSD012N	FSQ_L	7	7 or more	110	3005	
FSD012N	FSQ_L	77	Refused	0	3005	
FSD012N	FSQ_L	99	Don't know	0	3005	
FSD012N	FSQ_L	.	Missing	8928	11933	
FSD230	FSQ_L	1	Yes	2400	2400	
FSD230	FSQ_L	2	No	602	3002	FSD795
FSD230	FSQ_L	7	Refused	0	3002	FSD795
FSD230	FSQ_L	9	Don't know	3	3005	FSD795
FSD230	FSQ_L	.	Missing	8928	11933	
FSD230N	FSQ_L	1 to 6	Range of Values	2290	2290	
FSD230N	FSQ_L	7	7 or more	110	2400	
FSD230N	FSQ_L	77	Refused	0	2400	
FSD230N	FSQ_L	99	Don't know	0	2400	
FSD230N	FSQ_L	.	Missing	9533	11933	
FSD795	FSQ_L	1 to 12	Range of Values	2923	2923	
FSD795	FSQ_L	77	Refused	12	2935	
FSD795	FSQ_L	99	Don't know	70	3005	
FSD795	FSQ_L	.	Missing	8928	11933	
FSD225	FSQ_L	0 to 296	Range of Values	2444	2444	
FSD225	FSQ_L	55555	More than 300 days	21	2465	
FSD225	FSQ_L	77777	Refused	23	2488	
FSD225	FSQ_L	99999	Don't know	512	3000	
FSD225	FSQ_L	.	Missing	8933	11933	
FSD235	FSQ_L	8 to 1000	Range of Values	2482	2482	
FSD235	FSQ_L	55555	More than $1,000	195	2677	
FSD235	FSQ_L	77777	Refused	61	2738	
FSD235	FSQ_L	99999	Don't know	267	3005	
FSD235	FSQ_L	.	Missing	8928	11933	
FSD162	FSQ_L	1	Yes	1044	1044	
FSD162	FSQ_L	2	No	9530	10574	FSQBOX6
FSD162	FSQ_L	7	Refused	15	10589	FSQBOX6
FSD162	FSQ_L	9	Don't know	32	10621	FSQBOX6
FSD162	FSQ_L	.	Missing	1312	11933	
FSQ760	FSQ_L	1	Yes	785	785	
FSQ760	FSQ_L	2	No	259	1044	FSQBOX6
FSQ760	FSQ_L	7	Refused	0	1044	FSQBOX6
FSQ760	FSQ_L	9	Don't know	0	1044	FSQBOX6
FSQ760	FSQ_L	.	Missing	10889	11933	
FSD760N	FSQ_L	1 to 6	Range of Values	781	781	
FSD760N	FSQ_L	77	Refused	3	784	
FSD760N	FSQ_L	99	Don't know	1	785	
FSD760N	FSQ_L	.	Missing	11148	11933	
FSQ653	FSQ_L	1	Yes	645	645	
FSQ653	FSQ_L	2	No	585	1230	FSQ690
FSQ653	FSQ_L	7	Refused	0	1230	FSQ690
FSQ653	FSQ_L	9	Don't know	7	1237	FSQ690
FSQ653	FSQ_L	.	Missing	10696	11933	
FSD660ZC	FSQ_L	1	Yes	318	318	
FSD660ZC	FSQ_L	2	No	324	642	
FSD660ZC	FSQ_L	7	Refused	0	642	
FSD660ZC	FSQ_L	9	Don't know	3	645	
FSD660ZC	FSQ_L	.	Missing	11288	11933	
FSD675	FSQ_L	1	Yes	600	600	
FSD675	FSQ_L	2	No	39	639	
FSD675	FSQ_L	7	Refused	0	639	
FSD675	FSQ_L	9	Don't know	6	645	
FSD675	FSQ_L	.	Missing	11288	11933	
FSD680	FSQ_L	1	Yes	387	387	
FSD680	FSQ_L	2	No	120	507	
FSD680	FSQ_L	7	Refused	0	507	
FSD680	FSQ_L	9	Don't know	1	508	
FSD680	FSQ_L	.	Missing	11425	11933	
FSD670ZC	FSQ_L	0 to 60	Range of Values	638	638	
FSD670ZC	FSQ_L	777	Refused	0	638	
FSD670ZC	FSQ_L	999	Don't know	7	645	
FSD670ZC	FSQ_L	.	Missing	11288	11933	
FSQ690	FSQ_L	1	Yes	505	505	
FSQ690	FSQ_L	2	No	709	1214	End of Section
FSQ690	FSQ_L	7	Refused	0	1214	End of Section
FSQ690	FSQ_L	9	Don't know	23	1237	End of Section
FSQ690	FSQ_L	.	Missing	10696	11933	
FSQ695	FSQ_L	1 to 9	Range of Values	480	480	
FSQ695	FSQ_L	77	Refused	0	480	
FSQ695	FSQ_L	99	Don't know	25	505	
FSQ695	FSQ_L	.	Missing	11428	11933	
FNQ021	FNQ_L	1	No difficulty	2337	2337	
FNQ021	FNQ_L	2	Some difficulty	411	2748	
FNQ021	FNQ_L	3	A lot of difficulty	34	2782	
FNQ021	FNQ_L	4	Cannot do at all	0	2782	
FNQ021	FNQ_L	7	Refused	0	2782	
FNQ021	FNQ_L	9	Don’t know	5	2787	
FNQ021	FNQ_L	.	Missing	8155	10942	
FNQ041	FNQ_L	1	No difficulty	2647	2647	
FNQ041	FNQ_L	2	Some difficulty	126	2773	
FNQ041	FNQ_L	3	A lot of difficulty	9	2782	
FNQ041	FNQ_L	4	Cannot do at all	1	2783	
FNQ041	FNQ_L	7	Refused	0	2783	
FNQ041	FNQ_L	9	Don't know	4	2787	
FNQ041	FNQ_L	.	Missing	8155	10942	
FNQ050	FNQ_L	1	Yes	22	22	
FNQ050	FNQ_L	2	No	2764	2786	FNQ080
FNQ050	FNQ_L	7	Refused	0	2786	FNQ080
FNQ050	FNQ_L	9	Don't know	1	2787	FNQ080
FNQ050	FNQ_L	.	Missing	8155	10942	
FNQ060	FNQ_L	2	Some difficulty	11	11	FNQ160
FNQ060	FNQ_L	3	A lot of difficulty	5	16	FNQ160
FNQ060	FNQ_L	4	Cannot do at all	6	22	FNQ160
FNQ060	FNQ_L	7	Refused	0	22	FNQ160
FNQ060	FNQ_L	9	Don't know	0	22	FNQ160
FNQ060	FNQ_L	.	Missing	10920	10942	
FNQ080	FNQ_L	1	No difficulty	2662	2662	
FNQ080	FNQ_L	2	Some difficulty	83	2745	
FNQ080	FNQ_L	3	A lot of difficulty	16	2761	
FNQ080	FNQ_L	4	Cannot do at all	1	2762	
FNQ080	FNQ_L	7	Refused	0	2762	
FNQ080	FNQ_L	9	Don't know	3	2765	
FNQ080	FNQ_L	.	Missing	8177	10942	
FNQ160	FNQ_L	1	No difficulty	2660	2660	
FNQ160	FNQ_L	2	Some difficulty	104	2764	
FNQ160	FNQ_L	3	A lot of difficulty	17	2781	
FNQ160	FNQ_L	4	Cannot do at all	5	2786	
FNQ160	FNQ_L	7	Refused	0	2786	
FNQ160	FNQ_L	9	Don't know	1	2787	
FNQ160	FNQ_L	.	Missing	8155	10942	
FNQ100	FNQ_L	1	No difficulty	2523	2523	
FNQ100	FNQ_L	2	Some difficulty	225	2748	
FNQ100	FNQ_L	3	A lot of difficulty	28	2776	
FNQ100	FNQ_L	4	Cannot do at all	10	2786	
FNQ100	FNQ_L	7	Refused	0	2786	
FNQ100	FNQ_L	9	Don't know	1	2787	
FNQ100	FNQ_L	.	Missing	8155	10942	
FNQ110	FNQ_L	1	No difficulty	2402	2402	
FNQ110	FNQ_L	2	Some difficulty	318	2720	
FNQ110	FNQ_L	3	A lot of difficulty	54	2774	
FNQ110	FNQ_L	4	Cannot do at all	11	2785	
FNQ110	FNQ_L	7	Refused	0	2785	
FNQ110	FNQ_L	9	Don't know	2	2787	
FNQ110	FNQ_L	.	Missing	8155	10942	
FNQ120	FNQ_L	1	No difficulty	2241	2241	
FNQ120	FNQ_L	2	Some difficulty	428	2669	
FNQ120	FNQ_L	3	A lot of difficulty	112	2781	
FNQ120	FNQ_L	4	Cannot do at all	4	2785	
FNQ120	FNQ_L	7	Refused	0	2785	
FNQ120	FNQ_L	9	Don't know	2	2787	
FNQ120	FNQ_L	.	Missing	8155	10942	
FNQ170	FNQ_L	1	No difficulty	2195	2195	
FNQ170	FNQ_L	2	Some difficulty	505	2700	
FNQ170	FNQ_L	3	A lot of difficulty	81	2781	
FNQ170	FNQ_L	4	Cannot do at all	2	2783	
FNQ170	FNQ_L	7	Refused	0	2783	
FNQ170	FNQ_L	9	Don't know	4	2787	
FNQ170	FNQ_L	.	Missing	8155	10942	
FNQ180	FNQ_L	1	No difficulty	2342	2342	
FNQ180	FNQ_L	2	Some difficulty	358	2700	
FNQ180	FNQ_L	3	A lot of difficulty	83	2783	
FNQ180	FNQ_L	4	Cannot do at all	2	2785	
FNQ180	FNQ_L	7	Refused	0	2785	
FNQ180	FNQ_L	9	Don't know	2	2787	
FNQ180	FNQ_L	.	Missing	8155	10942	
FNQ190	FNQ_L	1	No difficulty	1764	1764	
FNQ190	FNQ_L	2	Some difficulty	832	2596	
FNQ190	FNQ_L	3	A lot of difficulty	184	2780	
FNQ190	FNQ_L	4	Cannot do at all	5	2785	
FNQ190	FNQ_L	7	Refused	0	2785	
FNQ190	FNQ_L	9	Don't know	2	2787	
FNQ190	FNQ_L	.	Missing	8155	10942	
FNQ130	FNQ_L	1	No difficulty	2050	2050	
FNQ130	FNQ_L	2	Some difficulty	589	2639	
FNQ130	FNQ_L	3	A lot of difficulty	145	2784	
FNQ130	FNQ_L	4	Cannot do at all	0	2784	
FNQ130	FNQ_L	7	Refused	1	2785	
FNQ130	FNQ_L	9	Don't know	2	2787	
FNQ130	FNQ_L	.	Missing	8155	10942	
FNQ200	FNQ_L	1	No difficulty	2292	2292	
FNQ200	FNQ_L	2	Some difficulty	394	2686	
FNQ200	FNQ_L	3	A lot of difficulty	93	2779	
FNQ200	FNQ_L	4	Cannot do at all	5	2784	
FNQ200	FNQ_L	7	Refused	1	2785	
FNQ200	FNQ_L	9	Don't know	2	2787	
FNQ200	FNQ_L	.	Missing	8155	10942	
FNQ140	FNQ_L	1	Daily	220	220	
FNQ140	FNQ_L	2	Weekly	428	648	
FNQ140	FNQ_L	3	Monthly	314	962	
FNQ140	FNQ_L	4	A few times a year	890	1852	
FNQ140	FNQ_L	5	Never	931	2783	
FNQ140	FNQ_L	7	Refused	1	2784	
FNQ140	FNQ_L	9	Don't know	3	2787	
FNQ140	FNQ_L	.	Missing	8155	10942	
FNQ150	FNQ_L	1	Daily	52	52	
FNQ150	FNQ_L	2	Weekly	170	222	
FNQ150	FNQ_L	3	Monthly	248	470	
FNQ150	FNQ_L	4	A few times a year	913	1383	
FNQ150	FNQ_L	5	Never	1401	2784	
FNQ150	FNQ_L	7	Refused	1	2785	
FNQ150	FNQ_L	9	Don't know	2	2787	
FNQ150	FNQ_L	.	Missing	8155	10942	
FNDCDI	FNQ_L	1	With disabilities	529	529	End of Section
FNDCDI	FNQ_L	2	Without disabilities	2257	2786	End of Section
FNDCDI	FNQ_L	.	Missing	8156	10942	
FNQ410	FNQ_L	1	No difficulty	4933	4933	
FNQ410	FNQ_L	2	Some difficulty	2834	7767	
FNQ410	FNQ_L	3	A lot of difficulty	351	8118	
FNQ410	FNQ_L	4	Cannot do at all	18	8136	
FNQ410	FNQ_L	7	Refused	3	8139	
FNQ410	FNQ_L	9	Don't know	3	8142	
FNQ410	FNQ_L	.	Missing	2800	10942	
FNQ430	FNQ_L	1	No difficulty	6147	6147	
FNQ430	FNQ_L	2	Some difficulty	1731	7878	
FNQ430	FNQ_L	3	A lot of difficulty	224	8102	
FNQ430	FNQ_L	4	Cannot do at all	15	8117	
FNQ430	FNQ_L	7	Refused	2	8119	
FNQ430	FNQ_L	9	Don't know	24	8143	
FNQ430	FNQ_L	.	Missing	2799	10942	
FNQ440	FNQ_L	1	No difficulty	5478	5478	
FNQ440	FNQ_L	2	Some difficulty	1876	7354	
FNQ440	FNQ_L	3	A lot of difficulty	685	8039	
FNQ440	FNQ_L	4	Cannot do at all	99	8138	
FNQ440	FNQ_L	7	Refused	1	8139	
FNQ440	FNQ_L	9	Don't know	3	8142	
FNQ440	FNQ_L	.	Missing	2800	10942	
FNQ450	FNQ_L	1	No difficulty	6915	6915	
FNQ450	FNQ_L	2	Some difficulty	1075	7990	
FNQ450	FNQ_L	3	A lot of difficulty	136	8126	
FNQ450	FNQ_L	4	Cannot do at all	14	8140	
FNQ450	FNQ_L	7	Refused	0	8140	
FNQ450	FNQ_L	9	Don't know	2	8142	
FNQ450	FNQ_L	.	Missing	2800	10942	
FNQ460	FNQ_L	1	No difficulty	4352	4352	
FNQ460	FNQ_L	2	Some difficulty	3242	7594	
FNQ460	FNQ_L	3	A lot of difficulty	531	8125	
FNQ460	FNQ_L	4	Cannot do at all	12	8137	
FNQ460	FNQ_L	7	Refused	3	8140	
FNQ460	FNQ_L	9	Don't know	2	8142	
FNQ460	FNQ_L	.	Missing	2800	10942	
FNQ470	FNQ_L	1	No difficulty	7421	7421	
FNQ470	FNQ_L	2	Some difficulty	594	8015	
FNQ470	FNQ_L	3	A lot of difficulty	95	8110	
FNQ470	FNQ_L	4	Cannot do at all	28	8138	
FNQ470	FNQ_L	7	Refused	2	8140	
FNQ470	FNQ_L	9	Don't know	1	8141	
FNQ470	FNQ_L	.	Missing	2801	10942	
FNQ480	FNQ_L	1	No difficulty	7471	7471	
FNQ480	FNQ_L	2	Some difficulty	492	7963	
FNQ480	FNQ_L	3	A lot of difficulty	120	8083	
FNQ480	FNQ_L	4	Cannot do at all	53	8136	
FNQ480	FNQ_L	7	Refused	2	8138	
FNQ480	FNQ_L	9	Don't know	3	8141	
FNQ480	FNQ_L	.	Missing	2801	10942	
FNQ490	FNQ_L	1	No difficulty	6651	6651	
FNQ490	FNQ_L	2	Some difficulty	1191	7842	
FNQ490	FNQ_L	3	A lot of difficulty	277	8119	
FNQ490	FNQ_L	4	Cannot do at all	19	8138	
FNQ490	FNQ_L	7	Refused	2	8140	
FNQ490	FNQ_L	9	Don't know	1	8141	
FNQ490	FNQ_L	.	Missing	2801	10942	
FNQ510	FNQ_L	1	Daily	1712	1712	
FNQ510	FNQ_L	2	Weekly	1614	3326	
FNQ510	FNQ_L	3	Monthly	961	4287	
FNQ510	FNQ_L	4	A few times a year	2326	6613	
FNQ510	FNQ_L	5	Never	1511	8124	FNQ530
FNQ510	FNQ_L	7	Refused	6	8130	FNQ530
FNQ510	FNQ_L	9	Don't know	10	8140	FNQ530
FNQ510	FNQ_L	.	Missing	2802	10942	
FNQ520	FNQ_L	1	A little	2328	2328	
FNQ520	FNQ_L	2	A lot	859	3187	
FNQ520	FNQ_L	3	Somewhere in between a little and a lot	3418	6605	
FNQ520	FNQ_L	7	Refused	1	6606	
FNQ520	FNQ_L	9	Don't know	7	6613	
FNQ520	FNQ_L	.	Missing	4329	10942	
FNQ530	FNQ_L	1	Daily	580	580	
FNQ530	FNQ_L	2	Weekly	808	1388	
FNQ530	FNQ_L	3	Monthly	852	2240	
FNQ530	FNQ_L	4	A few times a year	2770	5010	
FNQ530	FNQ_L	5	Never	3105	8115	FNDADI
FNQ530	FNQ_L	7	Refused	6	8121	FNDADI
FNQ530	FNQ_L	9	Don't know	17	8138	FNDADI
FNQ530	FNQ_L	.	Missing	2804	10942	
FNQ540	FNQ_L	1	A little	2042	2042	
FNQ540	FNQ_L	2	A lot	714	2756	
FNQ540	FNQ_L	3	Somewhere in between a little and a lot	2245	5001	
FNQ540	FNQ_L	7	Refused	1	5002	
FNQ540	FNQ_L	9	Don't know	8	5010	
FNQ540	FNQ_L	.	Missing	5932	10942	
FNDADI	FNQ_L	1	With disabilities	1544	1544	
FNDADI	FNQ_L	2	Without disabilities	6599	8143	
FNDADI	FNQ_L	.	Missing	2799	10942	
FNDAEDI	FNQ_L	1	With disabilities	1900	1900	
FNDAEDI	FNQ_L	2	Without disabilities	6243	8143	
FNDAEDI	FNQ_L	.	Missing	2799	10942	
HIQ011	HIQ_L	1	Yes	11007	11007	
HIQ011	HIQ_L	2	No	864	11871	
HIQ011	HIQ_L	7	Refused	10	11881	
HIQ011	HIQ_L	9	Don't know	29	11910	
HIQ011	HIQ_L	.	Missing	23	11933	
HIQ032A	HIQ_L	1	Covered by private insurance	5827	5827	
HIQ032A	HIQ_L	77	Refused	13	5840	
HIQ032A	HIQ_L	99	Don't know	107	5947	
HIQ032A	HIQ_L	.	Missing	5986	11933	
HIQ032B	HIQ_L	2	Covered by Medicare	2776	2776	
HIQ032B	HIQ_L	.	Missing	9157	11933	
HIQ032C	HIQ_L	3	Covered by Medi-Gap	201	201	
HIQ032C	HIQ_L	.	Missing	11732	11933	
HIQ032D	HIQ_L	4	Covered by Medicaid	2565	2565	
HIQ032D	HIQ_L	.	Missing	9368	11933	
HIQ032E	HIQ_L	5	Covered by CHIP	94	94	
HIQ032E	HIQ_L	.	Missing	11839	11933	
HIQ032F	HIQ_L	6	Covered by military health care	370	370	
HIQ032F	HIQ_L	.	Missing	11563	11933	
HIQ032H	HIQ_L	8	Covered by state-sponsored health plan	1120	1120	
HIQ032H	HIQ_L	.	Missing	10813	11933	
HIQ032I	HIQ_L	9	Covered by other government insurance	451	451	
HIQ032I	HIQ_L	.	Missing	11482	11933	
HIQ210	HIQ_L	1	Yes	455	455	
HIQ210	HIQ_L	2	No	10529	10984	
HIQ210	HIQ_L	7	Refused	2	10986	
HIQ210	HIQ_L	9	Don't know	19	11005	
HIQ210	HIQ_L	.	Missing	928	11933	
HEQ010	HEQ_L	1	Yes	109	109	
HEQ010	HEQ_L	2	No	10548	10657	
HEQ010	HEQ_L	7	Refused	1	10658	
HEQ010	HEQ_L	9	Don't know	34	10692	
HEQ010	HEQ_L	.	Missing	4	10696	
HUQ010	HUQ_L	1	Excellent,	3078	3078	
HUQ010	HUQ_L	2	Very good,	3632	6710	
HUQ010	HUQ_L	3	Good,	3508	10218	
HUQ010	HUQ_L	4	Fair, or	1388	11606	
HUQ010	HUQ_L	5	Poor?	320	11926	
HUQ010	HUQ_L	7	Refused	4	11930	
HUQ010	HUQ_L	9	Don't know	3	11933	
HUQ010	HUQ_L	.	Missing	0	11933	
HUQ030	HUQ_L	1	Yes	10645	10645	
HUQ030	HUQ_L	2	There is no place	1221	11866	HUQ055
HUQ030	HUQ_L	3	There is more than one place	57	11923	
HUQ030	HUQ_L	7	Refused	4	11927	HUQ055
HUQ030	HUQ_L	9	Don't know	6	11933	HUQ055
HUQ030	HUQ_L	.	Missing	0	11933	
HUQ042	HUQ_L	1	A doctor's office or health center	8721	8721	
HUQ042	HUQ_L	2	Urgent care center or clinic in a drug store or grocery store	1138	9859	
HUQ042	HUQ_L	3	Emergency room	465	10324	
HUQ042	HUQ_L	4	A VA medical center or VA outpatient clinic	252	10576	
HUQ042	HUQ_L	5	Some other place	110	10686	
HUQ042	HUQ_L	6	Doesn't go to one place most often	10	10696	
HUQ042	HUQ_L	77	Refused	0	10696	
HUQ042	HUQ_L	99	Don't know	6	10702	
HUQ042	HUQ_L	.	Missing	1231	11933	
HUQ055	HUQ_L	1	Yes	3567	3567	
HUQ055	HUQ_L	2	No	8342	11909	
HUQ055	HUQ_L	7	Refused	2	11911	
HUQ055	HUQ_L	9	Don't know	22	11933	
HUQ055	HUQ_L	.	Missing	0	11933	
HUQ090	HUQ_L	1	Yes	1644	1644	
HUQ090	HUQ_L	2	No	9498	11142	
HUQ090	HUQ_L	7	Refused	13	11155	
HUQ090	HUQ_L	9	Don't know	14	11169	
HUQ090	HUQ_L	.	Missing	764	11933	
HOD051	HOQ_L	1	1	117	117	
HOD051	HOQ_L	2	2	310	427	
HOD051	HOQ_L	3	3	950	1377	
HOD051	HOQ_L	4	4	1879	3256	
HOD051	HOQ_L	5	5	2255	5511	
HOD051	HOQ_L	6	6	1965	7476	
HOD051	HOQ_L	7	7	1270	8746	
HOD051	HOQ_L	8	8	874	9620	
HOD051	HOQ_L	9	9	456	10076	
HOD051	HOQ_L	10	10	259	10335	
HOD051	HOQ_L	11	11	115	10450	
HOD051	HOQ_L	12	12 or more	110	10560	
HOD051	HOQ_L	77	Refused	42	10602	
HOD051	HOQ_L	99	Don't know	6	10608	
HOD051	HOQ_L	.	Missing	1325	11933	
IMQ011	IMQ_L	1	Yes, at least 2 doses	3465	3465	
IMQ011	IMQ_L	2	Less than 2 doses	547	4012	
IMQ011	IMQ_L	3	No doses	5460	9472	
IMQ011	IMQ_L	7	Refused	21	9493	
IMQ011	IMQ_L	9	Don't know	2072	11565	
IMQ011	IMQ_L	.	Missing	0	11565	
IMQ060	IMQ_L	1	Yes	1095	1095	IMQ090
IMQ060	IMQ_L	2	No	1512	2607	End of Section
IMQ060	IMQ_L	7	Refused	2	2609	End of Section
IMQ060	IMQ_L	9	Don't know	244	2853	End of Section
IMQ060	IMQ_L	.	Missing	8712	11565	
IMQ070	IMQ_L	1	Yes	637	637	
IMQ070	IMQ_L	2	No	1500	2137	End of Section
IMQ070	IMQ_L	7	Refused	5	2142	End of Section
IMQ070	IMQ_L	9	Don't know	351	2493	End of Section
IMQ070	IMQ_L	.	Missing	9072	11565	
IMQ090	IMQ_L	1 to 46	Range of Values	1331	1331	
IMQ090	IMQ_L	777	Refused	2	1333	
IMQ090	IMQ_L	999	Don't know	399	1732	
IMQ090	IMQ_L	.	Missing	9833	11565	
IMQ100	IMQ_L	1	1 Dose	387	387	
IMQ100	IMQ_L	2	2 Doses	720	1107	
IMQ100	IMQ_L	3	3 Doses	418	1525	
IMQ100	IMQ_L	7	Refused	1	1526	
IMQ100	IMQ_L	9	Don't know	206	1732	
IMQ100	IMQ_L	.	Missing	9833	11565	
INDFMMPI	INQ_L	0 to 4.94	Range of Values	7419	7419	
INDFMMPI	INQ_L	5	Value greater than or equal to 5.00	1570	8989	
INDFMMPI	INQ_L	.	Missing	2944	11933	
INDFMMPC	INQ_L	1	Monthly poverty level index &lt;= 1.30	2996	2996	
INDFMMPC	INQ_L	2	1.30 &lt; Monthly poverty level index &lt;= 1.85	1539	4535	
INDFMMPC	INQ_L	3	Monthly poverty level index &gt;1.85	5660	10195	
INDFMMPC	INQ_L	7	Refused	79	10274	
INDFMMPC	INQ_L	9	Don't know	190	10464	
INDFMMPC	INQ_L	.	Missing	1469	11933	
INQ300	INQ_L	1	Yes	4424	4424	End of Section
INQ300	INQ_L	2	No	5650	10074	
INQ300	INQ_L	7	Refused	234	10308	End of Section
INQ300	INQ_L	9	Don't know	160	10468	End of Section
INQ300	INQ_L	.	Missing	1465	11933	
IND310	INQ_L	1	Less than $3000	3950	3950	
IND310	INQ_L	2	$3001- $5000	579	4529	
IND310	INQ_L	3	$5001-$10000	485	5014	
IND310	INQ_L	4	$10001-$15000	338	5352	
IND310	INQ_L	5	$15001-$20000	167	5519	
IND310	INQ_L	77	Refused	61	5580	
IND310	INQ_L	99	Don't know	70	5650	
IND310	INQ_L	.	Missing	6283	11933	
KIQ022	KIQ_U_L	1	Yes	321	321	
KIQ022	KIQ_U_L	2	No	7473	7794	KIQ005
KIQ022	KIQ_U_L	7	Refused	0	7794	KIQ005
KIQ022	KIQ_U_L	9	Don't know	13	7807	KIQ005
KIQ022	KIQ_U_L	.	Missing	2	7809	
KIQ025	KIQ_U_L	1	Yes	23	23	
KIQ025	KIQ_U_L	2	No	298	321	
KIQ025	KIQ_U_L	7	Refused	0	321	
KIQ025	KIQ_U_L	9	Don't know	0	321	
KIQ025	KIQ_U_L	.	Missing	7488	7809	
KIQ005	KIQ_U_L	1	Never	2877	2877	KIQ042
KIQ005	KIQ_U_L	2	Less than once a month	813	3690	
KIQ005	KIQ_U_L	3	A few times a month	551	4241	
KIQ005	KIQ_U_L	4	A few times a week	552	4793	
KIQ005	KIQ_U_L	5	Every day and/or night	410	5203	
KIQ005	KIQ_U_L	7	Refused	3	5206	KIQ042
KIQ005	KIQ_U_L	9	Don't know	2	5208	KIQ042
KIQ005	KIQ_U_L	.	Missing	2601	7809	
KIQ010	KIQ_U_L	1	Drops	1586	1586	
KIQ010	KIQ_U_L	2	Small splashes	589	2175	
KIQ010	KIQ_U_L	3	More	146	2321	
KIQ010	KIQ_U_L	7	Refused	0	2321	
KIQ010	KIQ_U_L	9	Don't know	3	2324	
KIQ010	KIQ_U_L	.	Missing	5485	7809	
KIQ042	KIQ_U_L	1	Yes	1737	1737	
KIQ042	KIQ_U_L	2	No	3461	5198	
KIQ042	KIQ_U_L	7	Refused	0	5198	
KIQ042	KIQ_U_L	9	Don't know	3	5201	
KIQ042	KIQ_U_L	.	Missing	2608	7809	
KIQ044	KIQ_U_L	1	Yes	1863	1863	
KIQ044	KIQ_U_L	2	No	3326	5189	
KIQ044	KIQ_U_L	7	Refused	1	5190	
KIQ044	KIQ_U_L	9	Don't know	3	5193	
KIQ044	KIQ_U_L	.	Missing	2616	7809	
KIQ052	KIQ_U_L	1	Not at all	1406	1406	
KIQ052	KIQ_U_L	2	Only a little	753	2159	
KIQ052	KIQ_U_L	3	Somewhat	252	2411	
KIQ052	KIQ_U_L	4	Very much	93	2504	
KIQ052	KIQ_U_L	5	Greatly	35	2539	
KIQ052	KIQ_U_L	7	Refused	2	2541	
KIQ052	KIQ_U_L	9	Don't know	2	2543	
KIQ052	KIQ_U_L	.	Missing	5266	7809	
KIQ481	KIQ_U_L	0	0	1071	1071	
KIQ481	KIQ_U_L	1	1	1985	3056	
KIQ481	KIQ_U_L	2	2	1152	4208	
KIQ481	KIQ_U_L	3	3	559	4767	
KIQ481	KIQ_U_L	4	4	161	4928	
KIQ481	KIQ_U_L	5	5 or more	253	5181	
KIQ481	KIQ_U_L	7	Refused	1	5182	
KIQ481	KIQ_U_L	9	Don't know	5	5187	
KIQ481	KIQ_U_L	.	Missing	2622	7809	
MCQ010	MCQ_L	1	Yes	1946	1946	
MCQ010	MCQ_L	2	No	9782	11728	AGQ030
MCQ010	MCQ_L	7	Refused	0	11728	AGQ030
MCQ010	MCQ_L	9	Don't know	15	11743	AGQ030
MCQ010	MCQ_L	.	Missing	1	11744	
MCQ035	MCQ_L	1	Yes	1219	1219	
MCQ035	MCQ_L	2	No	690	1909	AGQ030
MCQ035	MCQ_L	7	Refused	0	1909	AGQ030
MCQ035	MCQ_L	9	Don't know	37	1946	AGQ030
MCQ035	MCQ_L	.	Missing	9798	11744	
MCQ040	MCQ_L	1	Yes	591	591	
MCQ040	MCQ_L	2	No	624	1215	
MCQ040	MCQ_L	7	Refused	0	1215	
MCQ040	MCQ_L	9	Don't know	4	1219	
MCQ040	MCQ_L	.	Missing	10525	11744	
MCQ050	MCQ_L	1	Yes	161	161	
MCQ050	MCQ_L	2	No	1056	1217	
MCQ050	MCQ_L	7	Refused	0	1217	
MCQ050	MCQ_L	9	Don't know	2	1219	
MCQ050	MCQ_L	.	Missing	10525	11744	
AGQ030	MCQ_L	1	Yes	2067	2067	
AGQ030	MCQ_L	2	No	9665	11732	
AGQ030	MCQ_L	7	Refused	0	11732	
AGQ030	MCQ_L	9	Don't know	11	11743	
AGQ030	MCQ_L	.	Missing	1	11744	
MCQ053	MCQ_L	1	Yes	433	433	
MCQ053	MCQ_L	2	No	11300	11733	
MCQ053	MCQ_L	7	Refused	1	11734	
MCQ053	MCQ_L	9	Don't know	7	11741	
MCQ053	MCQ_L	.	Missing	3	11744	
MCQ149	MCQ_L	1	Yes	64	64	
MCQ149	MCQ_L	2	No	368	432	MCQ220
MCQ149	MCQ_L	7	Refused	0	432	MCQ220
MCQ149	MCQ_L	9	Don't know	2	434	MCQ220
MCQ149	MCQ_L	.	Missing	11310	11744	
MCQ160a	MCQ_L	1	Yes	2532	2532	
MCQ160a	MCQ_L	2	No	5258	7790	MCQ160B
MCQ160a	MCQ_L	7	Refused	0	7790	MCQ160B
MCQ160a	MCQ_L	9	Don't know	17	7807	MCQ160B
MCQ160a	MCQ_L	.	Missing	3937	11744	
MCQ195	MCQ_L	1	Osteoarthritis or degenerative arthritis	1297	1297	
MCQ195	MCQ_L	2	Rheumatoid arthritis	419	1716	
MCQ195	MCQ_L	3	Psoriatic arthritis	61	1777	
MCQ195	MCQ_L	4	Other	254	2031	
MCQ195	MCQ_L	7	Refused	5	2036	
MCQ195	MCQ_L	9	Don't know	496	2532	
MCQ195	MCQ_L	.	Missing	9212	11744	
MCQ160b	MCQ_L	1	Yes	343	343	
MCQ160b	MCQ_L	2	No	7448	7791	
MCQ160b	MCQ_L	7	Refused	0	7791	
MCQ160b	MCQ_L	9	Don't know	17	7808	
MCQ160b	MCQ_L	.	Missing	3936	11744	
MCQ160c	MCQ_L	1	Yes	402	402	
MCQ160c	MCQ_L	2	No	7371	7773	
MCQ160c	MCQ_L	7	Refused	0	7773	
MCQ160c	MCQ_L	9	Don't know	34	7807	
MCQ160c	MCQ_L	.	Missing	3937	11744	
MCQ160d	MCQ_L	1	Yes	181	181	
MCQ160d	MCQ_L	2	No	7602	7783	
MCQ160d	MCQ_L	7	Refused	0	7783	
MCQ160d	MCQ_L	9	Don't know	25	7808	
MCQ160d	MCQ_L	.	Missing	3936	11744	
MCQ160e	MCQ_L	1	Yes	332	332	
MCQ160e	MCQ_L	2	No	7462	7794	
MCQ160e	MCQ_L	7	Refused	0	7794	
MCQ160e	MCQ_L	9	Don't know	13	7807	
MCQ160e	MCQ_L	.	Missing	3937	11744	
MCQ160f	MCQ_L	1	Yes	367	367	
MCQ160f	MCQ_L	2	No	7418	7785	
MCQ160f	MCQ_L	7	Refused	0	7785	
MCQ160f	MCQ_L	9	Don't know	21	7806	
MCQ160f	MCQ_L	.	Missing	3938	11744	
MCQ160m	MCQ_L	1	Yes	1053	1053	
MCQ160m	MCQ_L	2	No	6734	7787	MCQ160P
MCQ160m	MCQ_L	7	Refused	1	7788	MCQ160P
MCQ160m	MCQ_L	9	Don't know	18	7806	MCQ160P
MCQ160m	MCQ_L	.	Missing	3938	11744	
MCQ170m	MCQ_L	1	Yes	830	830	
MCQ170m	MCQ_L	2	No	200	1030	
MCQ170m	MCQ_L	7	Refused	0	1030	
MCQ170m	MCQ_L	9	Don't know	23	1053	
MCQ170m	MCQ_L	.	Missing	10691	11744	
MCQ160p	MCQ_L	1	Yes	567	567	
MCQ160p	MCQ_L	2	No	7226	7793	
MCQ160p	MCQ_L	7	Refused	0	7793	
MCQ160p	MCQ_L	9	Don't know	14	7807	
MCQ160p	MCQ_L	.	Missing	3937	11744	
MCQ160l	MCQ_L	1	Yes	425	425	
MCQ160l	MCQ_L	2	No	7369	7794	
MCQ160l	MCQ_L	7	Refused	2	7796	
MCQ160l	MCQ_L	9	Don't know	11	7807	
MCQ160l	MCQ_L	.	Missing	3937	11744	
MCQ170l	MCQ_L	1	Yes	243	243	
MCQ170l	MCQ_L	2	No	127	370	
MCQ170l	MCQ_L	7	Refused	1	371	
MCQ170l	MCQ_L	9	Don't know	54	425	
MCQ170l	MCQ_L	.	Missing	11319	11744	
MCQ500	MCQ_L	1	Yes	15	15	
MCQ500	MCQ_L	2	No	1562	1577	MCQ515
MCQ500	MCQ_L	7	Refused	0	1577	MCQ515
MCQ500	MCQ_L	9	Don't know	1	1578	MCQ515
MCQ500	MCQ_L	.	Missing	10166	11744	
MCQ510a	MCQ_L	1	Fatty liver	227	227	
MCQ510a	MCQ_L	77	Refused	2	229	MCQ515
MCQ510a	MCQ_L	99	Don't know	31	260	MCQ515
MCQ510a	MCQ_L	.	Missing	11484	11744	
MCQ510b	MCQ_L	2	Liver fibrosis	4	4	
MCQ510b	MCQ_L	.	Missing	11740	11744	
MCQ510c	MCQ_L	3	Liver cirrhosis	47	47	
MCQ510c	MCQ_L	.	Missing	11697	11744	
MCQ510d	MCQ_L	4	Viral hepatitis	62	62	
MCQ510d	MCQ_L	.	Missing	11682	11744	
MCQ510e	MCQ_L	5	Autoimmune hepatitis	16	16	
MCQ510e	MCQ_L	.	Missing	11728	11744	
MCQ510f	MCQ_L	6	Other liver disease	79	79	
MCQ510f	MCQ_L	.	Missing	11665	11744	
MCQ550	MCQ_L	1	Yes	864	864	
MCQ550	MCQ_L	2	No	6924	7788	
MCQ550	MCQ_L	7	Refused	1	7789	
MCQ550	MCQ_L	9	Don't know	18	7807	
MCQ550	MCQ_L	.	Missing	3937	11744	
MCQ560	MCQ_L	1	Yes	926	926	
MCQ560	MCQ_L	2	No	6874	7800	
MCQ560	MCQ_L	7	Refused	0	7800	
MCQ560	MCQ_L	9	Don't know	7	7807	
MCQ560	MCQ_L	.	Missing	3937	11744	
MCQ220	MCQ_L	1	Yes	1169	1169	
MCQ220	MCQ_L	2	No	6631	7800	OSQ230
MCQ220	MCQ_L	7	Refused	2	7802	OSQ230
MCQ220	MCQ_L	9	Don't know	5	7807	OSQ230
MCQ220	MCQ_L	.	Missing	3937	11744	
MCQ230a	MCQ_L	10	Bladder	30	30	
MCQ230a	MCQ_L	11	Blood	7	37	
MCQ230a	MCQ_L	12	Bone	4	41	
MCQ230a	MCQ_L	13	Brain	6	47	
MCQ230a	MCQ_L	14	Breast	203	250	
MCQ230a	MCQ_L	15	Cervix (cervical)	49	299	
MCQ230a	MCQ_L	16	Colon	49	348	
MCQ230a	MCQ_L	17	Esophagus (esophageal)	5	353	
MCQ230a	MCQ_L	18	Gallbladder	0	353	
MCQ230a	MCQ_L	19	Kidney	27	380	
MCQ230a	MCQ_L	20	Larynx/ windpipe	3	383	
MCQ230a	MCQ_L	21	Leukemia	22	405	
MCQ230a	MCQ_L	22	Liver	7	412	
MCQ230a	MCQ_L	23	Lung	34	446	
MCQ230a	MCQ_L	24	Lymphoma/ Hodgkin's disease	24	470	
MCQ230a	MCQ_L	25	Melanoma	81	551	
MCQ230a	MCQ_L	26	Mouth/tongue/lip	10	561	
MCQ230a	MCQ_L	27	Nervous system	0	561	
MCQ230a	MCQ_L	28	Ovary (ovarian)	14	575	
MCQ230a	MCQ_L	29	Pancreas (pancreatic)	4	579	
MCQ230a	MCQ_L	30	Prostate	133	712	
MCQ230a	MCQ_L	31	Rectum (rectal)	5	717	
MCQ230a	MCQ_L	32	Skin (non-melanoma)	203	920	
MCQ230a	MCQ_L	33	Skin (don't know what kind)	71	991	
MCQ230a	MCQ_L	34	Soft tissue (muscle or fat)	3	994	
MCQ230a	MCQ_L	35	Stomach	6	1000	
MCQ230a	MCQ_L	36	Testis (testicular)	10	1010	
MCQ230a	MCQ_L	37	Thyroid	35	1045	
MCQ230a	MCQ_L	38	Uterus (uterine)	36	1081	
MCQ230a	MCQ_L	39	Other	76	1157	
MCQ230a	MCQ_L	66	More than 3 kinds	0	1157	
MCQ230a	MCQ_L	77	Refused	0	1157	
MCQ230a	MCQ_L	99	Don't know	12	1169	
MCQ230a	MCQ_L	.	Missing	10575	11744	
MCQ230b	MCQ_L	10	Bladder	3	3	
MCQ230b	MCQ_L	11	Blood	0	3	
MCQ230b	MCQ_L	12	Bone	1	4	
MCQ230b	MCQ_L	13	Brain	0	4	
MCQ230b	MCQ_L	14	Breast	12	16	
MCQ230b	MCQ_L	15	Cervix (cervical)	5	21	
MCQ230b	MCQ_L	16	Colon	9	30	
MCQ230b	MCQ_L	17	Esophagus (esophageal)	0	30	
MCQ230b	MCQ_L	18	Gallbladder	1	31	
MCQ230b	MCQ_L	19	Kidney	6	37	
MCQ230b	MCQ_L	20	Larynx/ windpipe	1	38	
MCQ230b	MCQ_L	21	Leukemia	1	39	
MCQ230b	MCQ_L	22	Liver	0	39	
MCQ230b	MCQ_L	23	Lung	6	45	
MCQ230b	MCQ_L	24	Lymphoma/ Hodgkins disease	3	48	
MCQ230b	MCQ_L	25	Melanoma	7	55	
MCQ230b	MCQ_L	26	Mouth/tongue/lip	0	55	
MCQ230b	MCQ_L	27	Nervous system	0	55	
MCQ230b	MCQ_L	28	Ovary (ovarian)	3	58	
MCQ230b	MCQ_L	29	Pancreas (pancreatic)	0	58	
MCQ230b	MCQ_L	30	Prostate	8	66	
MCQ230b	MCQ_L	31	Rectum (rectal)	3	69	
MCQ230b	MCQ_L	32	Skin (non-melanoma)	34	103	
MCQ230b	MCQ_L	33	Skin (don't know what kind)	16	119	
MCQ230b	MCQ_L	34	Soft tissue (muscle or fat)	0	119	
MCQ230b	MCQ_L	35	Stomach	3	122	
MCQ230b	MCQ_L	36	Testis (testicular)	1	123	
MCQ230b	MCQ_L	37	Thyroid	2	125	
MCQ230b	MCQ_L	38	Uterus (uterine)	5	130	
MCQ230b	MCQ_L	39	Other	29	159	
MCQ230b	MCQ_L	66	More than 3 kinds	0	159	
MCQ230b	MCQ_L	77	Refused	0	159	
MCQ230b	MCQ_L	99	Don't know	0	159	
MCQ230b	MCQ_L	.	Missing	11585	11744	
MCQ230c	MCQ_L	10	Bladder	0	0	
MCQ230c	MCQ_L	11	Blood	0	0	
MCQ230c	MCQ_L	12	Bone	0	0	
MCQ230c	MCQ_L	13	Brain	1	1	
MCQ230c	MCQ_L	14	Breast	0	1	
MCQ230c	MCQ_L	15	Cervix (cervical)	1	2	
MCQ230c	MCQ_L	16	Colon	1	3	
MCQ230c	MCQ_L	17	Esophagus (esophageal)	0	3	
MCQ230c	MCQ_L	18	Gallbladder	0	3	
MCQ230c	MCQ_L	19	Kidney	0	3	
MCQ230c	MCQ_L	20	Larynx/ windpipe	0	3	
MCQ230c	MCQ_L	21	Leukemia	1	4	
MCQ230c	MCQ_L	22	Liver	1	5	
MCQ230c	MCQ_L	23	Lung	2	7	
MCQ230c	MCQ_L	24	Lymphoma/ Hodgkins disease	1	8	
MCQ230c	MCQ_L	25	Melanoma	3	11	
MCQ230c	MCQ_L	26	Mouth/tongue/lip	0	11	
MCQ230c	MCQ_L	27	Nervous system	0	11	
MCQ230c	MCQ_L	28	Ovary (ovarian)	2	13	
MCQ230c	MCQ_L	29	Pancreas (pancreatic)	0	13	
MCQ230c	MCQ_L	30	Prostate	2	15	
MCQ230c	MCQ_L	31	Rectum (rectal)	0	15	
MCQ230c	MCQ_L	32	Skin (non-melanoma)	3	18	
MCQ230c	MCQ_L	33	Skin (don't know what kind)	3	21	
MCQ230c	MCQ_L	34	Soft tissue (muscle or fat)	0	21	
MCQ230c	MCQ_L	35	Stomach	1	22	
MCQ230c	MCQ_L	36	Testis (testicular)	0	22	
MCQ230c	MCQ_L	37	Thyroid	0	22	
MCQ230c	MCQ_L	38	Uterus (uterine)	0	22	
MCQ230c	MCQ_L	39	Other	4	26	
MCQ230c	MCQ_L	66	More than 3 kinds	0	26	
MCQ230c	MCQ_L	77	Refused	0	26	
MCQ230c	MCQ_L	99	Don't know	0	26	
MCQ230c	MCQ_L	.	Missing	11718	11744	
MCQ230d	MCQ_L	66	More than 3 kinds	2	2	
MCQ230d	MCQ_L	77	Refused	0	2	
MCQ230d	MCQ_L	99	Don't know	0	2	
MCQ230d	MCQ_L	.	Missing	11742	11744	
OSQ230	MCQ_L	1	Yes	1917	1917	
OSQ230	MCQ_L	2	No	3770	5687	
OSQ230	MCQ_L	7	Refused	0	5687	
OSQ230	MCQ_L	9	Don't know	36	5723	
OSQ230	MCQ_L	.	Missing	6021	11744	
DPQ010	DPQ_L	0	Not at all	3703	3703	
DPQ010	DPQ_L	1	Several days	1205	4908	
DPQ010	DPQ_L	2	More than half the days	334	5242	
DPQ010	DPQ_L	3	Nearly every day	256	5498	
DPQ010	DPQ_L	7	Refused	5	5503	
DPQ010	DPQ_L	9	Don't know	16	5519	
DPQ010	DPQ_L	.	Missing	818	6337	
DPQ020	DPQ_L	0	Not at all	3674	3674	
DPQ020	DPQ_L	1	Several days	1325	4999	
DPQ020	DPQ_L	2	More than half the days	295	5294	
DPQ020	DPQ_L	3	Nearly every day	214	5508	
DPQ020	DPQ_L	7	Refused	3	5511	
DPQ020	DPQ_L	9	Don't know	7	5518	
DPQ020	DPQ_L	.	Missing	819	6337	
DPQ030	DPQ_L	0	Not at all	2772	2772	
DPQ030	DPQ_L	1	Several days	1690	4462	
DPQ030	DPQ_L	2	More than half the days	511	4973	
DPQ030	DPQ_L	3	Nearly every day	536	5509	
DPQ030	DPQ_L	7	Refused	3	5512	
DPQ030	DPQ_L	9	Don't know	4	5516	
DPQ030	DPQ_L	.	Missing	821	6337	
DPQ040	DPQ_L	0	Not at all	2348	2348	
DPQ040	DPQ_L	1	Several days	2113	4461	
DPQ040	DPQ_L	2	More than half the days	571	5032	
DPQ040	DPQ_L	3	Nearly every day	474	5506	
DPQ040	DPQ_L	7	Refused	3	5509	
DPQ040	DPQ_L	9	Don't know	5	5514	
DPQ040	DPQ_L	.	Missing	823	6337	
DPQ050	DPQ_L	0	Not at all	3710	3710	
DPQ050	DPQ_L	1	Several days	1138	4848	
DPQ050	DPQ_L	2	More than half the days	371	5219	
DPQ050	DPQ_L	3	Nearly every day	291	5510	
DPQ050	DPQ_L	7	Refused	0	5510	
DPQ050	DPQ_L	9	Don't know	3	5513	
DPQ050	DPQ_L	.	Missing	824	6337	
DPQ060	DPQ_L	0	Not at all	3971	3971	
DPQ060	DPQ_L	1	Several days	1054	5025	
DPQ060	DPQ_L	2	More than half the days	268	5293	
DPQ060	DPQ_L	3	Nearly every day	212	5505	
DPQ060	DPQ_L	7	Refused	3	5508	
DPQ060	DPQ_L	9	Don't know	2	5510	
DPQ060	DPQ_L	.	Missing	827	6337	
DPQ070	DPQ_L	0	Not at all	4036	4036	
DPQ070	DPQ_L	1	Several days	989	5025	
DPQ070	DPQ_L	2	More than half the days	277	5302	
DPQ070	DPQ_L	3	Nearly every day	203	5505	
DPQ070	DPQ_L	7	Refused	2	5507	
DPQ070	DPQ_L	9	Don't know	1	5508	
DPQ070	DPQ_L	.	Missing	829	6337	
DPQ080	DPQ_L	0	Not at all	4748	4748	
DPQ080	DPQ_L	1	Several days	511	5259	
DPQ080	DPQ_L	2	More than half the days	129	5388	
DPQ080	DPQ_L	3	Nearly every day	108	5496	
DPQ080	DPQ_L	7	Refused	4	5500	
DPQ080	DPQ_L	9	Don't know	8	5508	
DPQ080	DPQ_L	.	Missing	829	6337	
DPQ090	DPQ_L	0	Not at all	5207	5207	
DPQ090	DPQ_L	1	Several days	209	5416	
DPQ090	DPQ_L	2	More than half the days	57	5473	
DPQ090	DPQ_L	3	Nearly every day	28	5501	
DPQ090	DPQ_L	7	Refused	0	5501	
DPQ090	DPQ_L	9	Don't know	5	5506	
DPQ090	DPQ_L	.	Missing	831	6337	
DPQ100	DPQ_L	0	Not at all difficult	2573	2573	
DPQ100	DPQ_L	1	Somewhat difficult	1306	3879	
DPQ100	DPQ_L	2	Very difficult	207	4086	
DPQ100	DPQ_L	3	Extremely difficult	74	4160	
DPQ100	DPQ_L	7	Refused	4	4164	
DPQ100	DPQ_L	9	Don't know	3	4167	
DPQ100	DPQ_L	.	Missing	2170	6337	
OCD150	OCQ_L	1	Working at a job or business,	4247	4247	OCQ180
OCD150	OCQ_L	2	With a job or business but not at work,	262	4509	OCQ210
OCD150	OCQ_L	3	Looking for work, or	361	4870	End of Section
OCD150	OCQ_L	4	Not working at a job or business?	3613	8483	OCQ383
OCD150	OCQ_L	7	Refused	0	8483	End of Section
OCD150	OCQ_L	9	Don't know	2	8485	End of Section
OCD150	OCQ_L	.	Missing	16	8501	
OCQ180	OCQ_L	6 to 78	Range of Values	4092	4092	
OCQ180	OCQ_L	5	1-5 Hours	71	4163	
OCQ180	OCQ_L	80	80 Hours or more	62	4225	
OCQ180	OCQ_L	77777	Refused	3	4228	
OCQ180	OCQ_L	99999	Don't know	19	4247	
OCQ180	OCQ_L	.	Missing	4254	8501	
OCQ210	OCQ_L	1	Yes	510	510	
OCQ210	OCQ_L	2	No	929	1439	
OCQ210	OCQ_L	7	Refused	1	1440	
OCQ210	OCQ_L	9	Don't know	1	1441	
OCQ210	OCQ_L	.	Missing	7060	8501	
OCQ215	OCQ_L	1 to 7	Range of Values	4502	4502	
OCQ215	OCQ_L	77	Refused	2	4504	
OCQ215	OCQ_L	99	Don't know	5	4509	
OCQ215	OCQ_L	.	Missing	3992	8501	
OCQ383	OCQ_L	1	Taking care of house or family	321	321	
OCQ383	OCQ_L	2	Going to school	293	614	
OCQ383	OCQ_L	3	Retired	1988	2602	
OCQ383	OCQ_L	4	Unable to work for health reasons/Disabled	705	3307	
OCQ383	OCQ_L	5	Can't find work/On layoff	74	3381	
OCQ383	OCQ_L	6	Seasonal/Contract work	34	3415	
OCQ383	OCQ_L	7	Other	196	3611	
OCQ383	OCQ_L	77	Refused	1	3612	
OCQ383	OCQ_L	99	Don't know	2	3614	
OCQ383	OCQ_L	.	Missing	4887	8501	
OHQ845	OHQ_L	1	Excellent,	2634	2634	
OHQ845	OHQ_L	2	Very good,	2950	5584	
OHQ845	OHQ_L	3	Good,	3539	9123	
OHQ845	OHQ_L	4	Fair, or	1656	10779	
OHQ845	OHQ_L	5	Poor?	944	11723	
OHQ845	OHQ_L	7	Refused	3	11726	
OHQ845	OHQ_L	9	Don't know	13	11739	
OHQ845	OHQ_L	.	Missing	5	11744	
OHQ620	OHQ_L	1	Very often	300	300	
OHQ620	OHQ_L	2	Fairly often	390	690	
OHQ620	OHQ_L	3	Occasionally	1811	2501	
OHQ620	OHQ_L	4	Hardly ever, or	3531	6032	
OHQ620	OHQ_L	5	Never?	5697	11729	
OHQ620	OHQ_L	7	Refused	4	11733	
OHQ620	OHQ_L	9	Don't know	6	11739	
OHQ620	OHQ_L	.	Missing	5	11744	
OHQ630	OHQ_L	1	Very often,	214	214	
OHQ630	OHQ_L	2	Fairly often,	250	464	
OHQ630	OHQ_L	3	Occasionally,	685	1149	
OHQ630	OHQ_L	4	Hardly ever, or	1389	2538	
OHQ630	OHQ_L	5	Never?	5254	7792	
OHQ630	OHQ_L	7	Refused	3	7795	
OHQ630	OHQ_L	9	Don't know	10	7805	
OHQ630	OHQ_L	.	Missing	3939	11744	
OHQ640	OHQ_L	1	Very often,	64	64	
OHQ640	OHQ_L	2	Fairly often,	92	156	
OHQ640	OHQ_L	3	Occasionally,	227	383	
OHQ640	OHQ_L	4	Hardly ever, or	671	1054	
OHQ640	OHQ_L	5	Never?	6738	7792	
OHQ640	OHQ_L	7	Refused	5	7797	
OHQ640	OHQ_L	9	Don't know	8	7805	
OHQ640	OHQ_L	.	Missing	3939	11744	
OHQ660	OHQ_L	1	Very often	361	361	
OHQ660	OHQ_L	2	Fairly often	300	661	
OHQ660	OHQ_L	3	Occasionally	862	1523	
OHQ660	OHQ_L	4	Hardly ever, or	1319	2842	
OHQ660	OHQ_L	5	Never?	4953	7795	
OHQ660	OHQ_L	7	Refused	3	7798	
OHQ660	OHQ_L	9	Don't know	6	7804	
OHQ660	OHQ_L	.	Missing	3940	11744	
OHQ670	OHQ_L	1	Very often	318	318	
OHQ670	OHQ_L	2	Fairly often	297	615	
OHQ670	OHQ_L	3	Occasionally	925	1540	
OHQ670	OHQ_L	4	Hardly ever, or	1482	3022	
OHQ670	OHQ_L	5	Never?	4776	7798	
OHQ670	OHQ_L	7	Refused	3	7801	
OHQ670	OHQ_L	9	Don't know	4	7805	
OHQ670	OHQ_L	.	Missing	3939	11744	
OHQ680	OHQ_L	1	Very often	414	414	
OHQ680	OHQ_L	2	Fairly often	279	693	
OHQ680	OHQ_L	3	Occasionally	646	1339	
OHQ680	OHQ_L	4	Hardly ever, or	1025	2364	
OHQ680	OHQ_L	5	Never?	5436	7800	
OHQ680	OHQ_L	7	Refused	3	7803	
OHQ680	OHQ_L	9	Don't know	1	7804	
OHQ680	OHQ_L	.	Missing	3940	11744	
PUQ100	PUQMEC_L	1	Yes	569	569	
PUQ100	PUQMEC_L	2	No	7434	8003	
PUQ100	PUQMEC_L	7	Refused	0	8003	
PUQ100	PUQMEC_L	9	Don't know	28	8031	
PUQ100	PUQMEC_L	.	Missing	37	8068	
PUQ110	PUQMEC_L	1	Yes	364	364	
PUQ110	PUQMEC_L	2	No	7589	7953	
PUQ110	PUQMEC_L	7	Refused	0	7953	
PUQ110	PUQMEC_L	9	Don't know	78	8031	
PUQ110	PUQMEC_L	.	Missing	37	8068	
PAD790Q	PAQ_L	0 to 180	Range of Values	8086	8086	
PAD790Q	PAQ_L	7777	Refused	10	8096	PAD810Q
PAD790Q	PAQ_L	9999	Don't know	39	8135	PAD810Q
PAD790Q	PAQ_L	.	Missing	18	8153	
PAD790U	PAQ_L	D	Day	985	985	
PAD790U	PAQ_L	M	Month	472	1457	
PAD790U	PAQ_L	W	Week	4851	6308	
PAD790U	PAQ_L	Y	Year	82	6390	
PAD790U	PAQ_L	&lt; blank &gt;	Missing	1763	8153	
PAD800	PAQ_L	1 to 720	Range of Values	6371	6371	
PAD800	PAQ_L	7777	Refused	0	6371	
PAD800	PAQ_L	9999	Don't know	19	6390	
PAD800	PAQ_L	.	Missing	1763	8153	
PAD810Q	PAQ_L	0 to 200	Range of Values	8099	8099	
PAD810Q	PAQ_L	7777	Refused	4	8103	PAD680
PAD810Q	PAQ_L	9999	Don't know	36	8139	PAD680
PAD810Q	PAQ_L	.	Missing	14	8153	
PAD810U	PAQ_L	D	Day	235	235	
PAD810U	PAQ_L	M	Month	711	946	
PAD810U	PAQ_L	W	Week	2590	3536	
PAD810U	PAQ_L	Y	Year	150	3686	
PAD810U	PAQ_L	&lt; blank &gt;	Missing	4467	8153	
PAD820	PAQ_L	1 to 900	Range of Values	3673	3673	
PAD820	PAQ_L	7777	Refused	1	3674	
PAD820	PAQ_L	9999	Don't know	13	3687	
PAD820	PAQ_L	.	Missing	4466	8153	
PAD680	PAQ_L	0 to 1380	Range of Values	8065	8065	
PAD680	PAQ_L	7777	Refused	6	8071	
PAD680	PAQ_L	9999	Don't know	67	8138	
PAD680	PAQ_L	.	Missing	15	8153	
PAQ706	PAQY_L	0	0 days	204	204	
PAQ706	PAQY_L	1	1 day	103	307	
PAQ706	PAQY_L	2	2 days	184	491	
PAQ706	PAQY_L	3	3 days	258	749	
PAQ706	PAQY_L	4	4 days	282	1031	
PAQ706	PAQY_L	5	5 days	551	1582	
PAQ706	PAQY_L	6	6 days	246	1828	
PAQ706	PAQY_L	7	7 days	1201	3029	
PAQ706	PAQY_L	77	Refused	2	3031	
PAQ706	PAQY_L	99	Don't know	10	3041	
PAQ706	PAQY_L	.	Missing	68	3109	
PAQ711	PAQY_L	0 to 8	Range of Values	2915	2915	
PAQ711	PAQY_L	9	9 or more hours	110	3025	
PAQ711	PAQY_L	77	Refused	2	3027	
PAQ711	PAQY_L	99	Don't know	14	3041	
PAQ711	PAQY_L	.	Missing	68	3109	
RXQ033	RXQ_RX_L	1	Yes	6255	6255	
RXQ033	RXQ_RX_L	2	No	5638	11893	End of Section
RXQ033	RXQ_RX_L	7	Refused	8	11901	End of Section
RXQ033	RXQ_RX_L	9	Don't know	7	11908	End of Section
RXQ033	RXQ_RX_L	.	Missing	25	11933	
RXQ050	RXQ_RX_L	1	1,	1621	1621	
RXQ050	RXQ_RX_L	2	2,	1183	2804	
RXQ050	RXQ_RX_L	3	3,	835	3639	
RXQ050	RXQ_RX_L	4	4, or	690	4329	
RXQ050	RXQ_RX_L	5	5 or more?	1917	6246	
RXQ050	RXQ_RX_L	7	Refused	4	6250	
RXQ050	RXQ_RX_L	9	Don't know	5	6255	
RXQ050	RXQ_RX_L	.	Missing	5678	11933	
RXQ510	RXQASA_L	1	Yes	2049	2049	
RXQ510	RXQASA_L	2	No	3654	5703	RXQ520
RXQ510	RXQASA_L	7	Refused	0	5703	RXQ520
RXQ510	RXQASA_L	9	Don't know	9	5712	RXQ520
RXQ510	RXQASA_L	.	Missing	13	5725	
RXQ515	RXQASA_L	1	Yes	1300	1300	End of Section
RXQ515	RXQASA_L	2	No	641	1941	End of Section
RXQ515	RXQASA_L	3	Sometimes	51	1992	End of Section
RXQ515	RXQASA_L	4	Stopped aspirin use due to side effects	55	2047	End of Section
RXQ515	RXQASA_L	7	7	1	2048	
RXQ515	RXQASA_L	9	Don't know	1	2049	
RXQ515	RXQASA_L	.	Missing	3676	5725	
RXQ520	RXQASA_L	1	Yes	203	203	
RXQ520	RXQASA_L	2	No	3459	3662	
RXQ520	RXQASA_L	7	Refused	0	3662	
RXQ520	RXQASA_L	9	Don't know	1	3663	
RXQ520	RXQASA_L	.	Missing	2062	5725	
RHQ010	RHQ_L	6 to 19	Range of Values	3336	3336	
RHQ010	RHQ_L	0	Hasn't started yet	28	3364	End of Section
RHQ010	RHQ_L	20	20 years or older	5	3369	
RHQ010	RHQ_L	777	Refused	2	3371	
RHQ010	RHQ_L	999	Don't know	9	3380	
RHQ010	RHQ_L	.	Missing	537	3917	
RHQ031	RHQ_L	1	Yes	1496	1496	
RHQ031	RHQ_L	2	No	1854	3350	RHD043
RHQ031	RHQ_L	7	Refused	1	3351	RHQ060
RHQ031	RHQ_L	9	Don't know	4	3355	RHQ060
RHQ031	RHQ_L	.	Missing	562	3917	
RHD043	RHQ_L	1	Pregnancy	6	6	
RHD043	RHQ_L	2	Breast feeding	6	12	
RHD043	RHQ_L	3	Hysterectomy	502	514	
RHD043	RHQ_L	7	Menopause/Change of life	1136	1650	
RHD043	RHQ_L	9	Other	177	1827	
RHD043	RHQ_L	77	Refused	3	1830	
RHD043	RHQ_L	99	Don't know	4	1834	
RHD043	RHQ_L	.	Missing	2083	3917	
RHQ060	RHQ_L	20 to 59	Range of Values	1774	1774	
RHQ060	RHQ_L	19	19 years or under	30	1804	
RHQ060	RHQ_L	60	60 years or older	29	1833	
RHQ060	RHQ_L	777	Refused	0	1833	
RHQ060	RHQ_L	999	Don't know	6	1839	
RHQ060	RHQ_L	.	Missing	2078	3917	
RHQ078	RHQ_L	1	Yes	76	76	
RHQ078	RHQ_L	2	No	1587	1663	
RHQ078	RHQ_L	7	Refused	0	1663	
RHQ078	RHQ_L	9	Don't know	0	1663	
RHQ078	RHQ_L	.	Missing	2254	3917	
RHQ131	RHQ_L	1	Yes	1114	1114	
RHQ131	RHQ_L	2	No	429	1543	RHD280
RHQ131	RHQ_L	7	Refused	0	1543	RHD280
RHQ131	RHQ_L	9	Don't know	0	1543	RHD280
RHQ131	RHQ_L	.	Missing	2374	3917	
RHD143	RHQ_L	1	Yes	30	30	
RHD143	RHQ_L	2	No	536	566	
RHD143	RHQ_L	7	Refused	0	566	
RHD143	RHQ_L	9	Don't know	1	567	
RHD143	RHQ_L	.	Missing	3350	3917	
RHD167	RHQ_L	0 to 4	Range of Values	1047	1047	
RHD167	RHQ_L	5	5 or more	67	1114	
RHD167	RHQ_L	77	Refused	0	1114	
RHD167	RHQ_L	99	Don't know	0	1114	
RHD167	RHQ_L	.	Missing	2803	3917	
RHQ200	RHQ_L	1	Yes	28	28	
RHQ200	RHQ_L	2	No	498	526	
RHQ200	RHQ_L	7	Refused	0	526	
RHQ200	RHQ_L	9	Don't know	0	526	
RHQ200	RHQ_L	.	Missing	3391	3917	
RHD280	RHQ_L	1	Yes	653	653	
RHD280	RHQ_L	2	No	2198	2851	
RHD280	RHQ_L	7	Refused	0	2851	
RHD280	RHQ_L	9	Don't know	2	2853	
RHD280	RHQ_L	.	Missing	1064	3917	
RHQ305	RHQ_L	1	Yes	359	359	
RHQ305	RHQ_L	2	No	2485	2844	
RHQ305	RHQ_L	7	Refused	2	2846	
RHQ305	RHQ_L	9	Don't know	4	2850	
RHQ305	RHQ_L	.	Missing	1067	3917	
RHQ332	RHQ_L	22 to 59	Range of Values	308	308	
RHQ332	RHQ_L	19	19 years or under	1	309	
RHQ332	RHQ_L	60	60 years or older	46	355	
RHQ332	RHQ_L	777	Refused	0	355	
RHQ332	RHQ_L	999	Don't know	4	359	
RHQ332	RHQ_L	.	Missing	3558	3917	
SLQ300	SLQ_L	Usual sleep time on weekdays or workdays	Value was recorded	8346	8346	
SLQ300	SLQ_L	77777	Refused	6	8352	
SLQ300	SLQ_L	99999	Don't know	82	8434	
SLQ300	SLQ_L	&lt; blank &gt;	Missing	67	8501	
SLQ310	SLQ_L	Usual wake time on weekdays or workdays	Value was recorded	8383	8383	
SLQ310	SLQ_L	77777	Refused	6	8389	
SLQ310	SLQ_L	99999	Don't know	45	8434	
SLQ310	SLQ_L	&lt; blank &gt;	Missing	67	8501	
SLD012	SLQ_L	3 to 13.5	Range of Values	8318	8318	
SLD012	SLQ_L	2	Less then 3 hours	33	8351	
SLD012	SLQ_L	14	14 hours or more	37	8388	
SLD012	SLQ_L	.	Missing	113	8501	
SLQ320	SLQ_L	Usual sleep time on weekends	Value was recorded	8344	8344	
SLQ320	SLQ_L	77777	Refused	10	8354	
SLQ320	SLQ_L	99999	Don't know	78	8432	
SLQ320	SLQ_L	&lt; blank &gt;	Missing	69	8501	
SLQ330	SLQ_L	Usual wake time on weekends	Value was recorded	8374	8374	
SLQ330	SLQ_L	77777	Refused	8	8382	
SLQ330	SLQ_L	99999	Don't know	49	8431	
SLQ330	SLQ_L	&lt; blank &gt;	Missing	70	8501	
SLD013	SLQ_L	3 to 13.5	Range of Values	8302	8302	
SLD013	SLQ_L	2	Less then 3 hours	33	8335	
SLD013	SLQ_L	14	14 hours or more	52	8387	
SLD013	SLQ_L	.	Missing	114	8501	
SMQ020	SMQ_L	1	Yes	3243	3243	
SMQ020	SMQ_L	2	No	4878	8121	SMAQUEX2
SMQ020	SMQ_L	7	Refused	7	8128	SMAQUEX2
SMQ020	SMQ_L	9	Don't know	7	8135	SMAQUEX2
SMQ020	SMQ_L	.	Missing	880	9015	
SMQ040	SMQ_L	1	Every day	952	952	
SMQ040	SMQ_L	2	Some days	238	1190	
SMQ040	SMQ_L	3	Not at all	2053	3243	
SMQ040	SMQ_L	7	Refused	0	3243	SMAQUEX2
SMQ040	SMQ_L	9	Don't know	0	3243	SMAQUEX2
SMQ040	SMQ_L	.	Missing	5772	9015	
SMD641	SMQ_L	0 to 30	Range of Values	268	268	
SMD641	SMQ_L	77	Refused	0	268	
SMD641	SMQ_L	99	Don't know	5	273	
SMD641	SMQ_L	.	Missing	8742	9015	
SMD650	SMQ_L	2 to 90	Range of Values	1080	1080	
SMD650	SMQ_L	1	1 cigarette or less	94	1174	
SMD650	SMQ_L	95	95 cigarettes or more	2	1176	
SMD650	SMQ_L	777	Refused	0	1176	
SMD650	SMQ_L	999	Don't know	9	1185	
SMD650	SMQ_L	.	Missing	7830	9015	
SMD100MN	SMQ_L	0	Non-menthol	712	712	
SMD100MN	SMQ_L	1	Menthol	460	1172	
SMD100MN	SMQ_L	7	Refused	0	1172	
SMD100MN	SMQ_L	9	Don't know	3	1175	
SMD100MN	SMQ_L	.	Missing	7840	9015	
SMQ621	SMQ_L	1	I have never smoked, not even a puff	720	720	SMAQUEX2
SMQ621	SMQ_L	2	1 or more puffs but never a whole cigarette	28	748	SMAQUEX2
SMQ621	SMQ_L	3	1 cigarette	6	754	
SMQ621	SMQ_L	4	2 to 5 cigarettes	4	758	
SMQ621	SMQ_L	5	6 to 15 cigarettes	4	762	
SMQ621	SMQ_L	6	16 to 25 cigarettes	5	767	
SMQ621	SMQ_L	7	26 to 99 cigarettes	2	769	
SMQ621	SMQ_L	8	100 or more cigarettes	2	771	
SMQ621	SMQ_L	77	Refused	0	771	SMAQUEX2
SMQ621	SMQ_L	99	Don't know	1	772	SMAQUEX2
SMQ621	SMQ_L	.	Missing	8243	9015	
SMD630	SMQ_L	9 to 16	Range of Values	23	23	
SMD630	SMQ_L	6	6 years or less	0	23	
SMD630	SMQ_L	77	Refused	0	23	
SMD630	SMQ_L	99	Don't know	0	23	
SMD630	SMQ_L	.	Missing	8992	9015	
SMAQUEX2	SMQ_L	1	Home Interview (18+ Yrs)	8153	8153	
SMAQUEX2	SMQ_L	2	ACASI (12 - 17 Yrs)	862	9015	
SMAQUEX2	SMQ_L	.	Missing	0	9015	
SMD460	SMQFAM_L	0	No one in household is a smoker	7998	7998	End of Section
SMD460	SMQFAM_L	1	1 household member is a smoker	1800	9798	
SMD460	SMQFAM_L	2	2 or more household members are smokers	804	10602	
SMD460	SMQFAM_L	777	Refused	19	10621	End of Section
SMD460	SMQFAM_L	999	Don't know	3	10624	End of Section
SMD460	SMQFAM_L	.	Missing	1309	11933	
SMD470	SMQFAM_L	0	No one smokes inside the house	1663	1663	
SMD470	SMQFAM_L	1	1 household member smokes inside the house	643	2306	
SMD470	SMQFAM_L	2	2 or more household members smoke inside the house	297	2603	
SMD470	SMQFAM_L	777	Refused	0	2603	
SMD470	SMQFAM_L	999	Don't know	1	2604	
SMD470	SMQFAM_L	.	Missing	9329	11933	
SMQ681	SMQRTU_L	1	Yes	935	935	
SMQ681	SMQRTU_L	2	No	5330	6265	SMQ846
SMQ681	SMQRTU_L	7	Refused	1	6266	SMQ846
SMQ681	SMQRTU_L	9	Don't know	2	6268	SMQ846
SMQ681	SMQRTU_L	.	Missing	931	7199	
SMQ690A	SMQRTU_L	1	Cigarettes	788	788	
SMQ690A	SMQRTU_L	77	Refused	1	789	
SMQ690A	SMQRTU_L	99	Don't know	3	792	
SMQ690A	SMQRTU_L	.	Missing	6407	7199	
SMQ710	SMQRTU_L	1 to 5	Range of Values	786	786	
SMQ710	SMQRTU_L	7	Refused	1	787	
SMQ710	SMQRTU_L	9	Don't know	1	788	
SMQ710	SMQRTU_L	.	Missing	6411	7199	
SMQ720	SMQRTU_L	1 to 35	Range of Values	772	772	
SMQ720	SMQRTU_L	40	40 or more	14	786	
SMQ720	SMQRTU_L	777	Refused	1	787	
SMQ720	SMQRTU_L	999	Don't know	1	788	
SMQ720	SMQRTU_L	.	Missing	6411	7199	
SMQ725	SMQRTU_L	1	Today	665	665	
SMQ725	SMQRTU_L	2	Yesterday	77	742	
SMQ725	SMQRTU_L	3	3 to 5 days ago	41	783	
SMQ725	SMQRTU_L	7	Refused	0	783	
SMQ725	SMQRTU_L	9	Don't know	1	784	
SMQ725	SMQRTU_L	.	Missing	6415	7199	
SMQ690B	SMQRTU_L	2	Pipes	25	25	
SMQ690B	SMQRTU_L	.	Missing	7174	7199	
SMQ740	SMQRTU_L	1 to 5	Range of Values	25	25	
SMQ740	SMQRTU_L	7	Refused	0	25	
SMQ740	SMQRTU_L	9	Don't know	0	25	
SMQ740	SMQRTU_L	.	Missing	7174	7199	
SMQ690C	SMQRTU_L	3	Cigars or little cigars or cigarillos	122	122	
SMQ690C	SMQRTU_L	.	Missing	7077	7199	
SMQ770	SMQRTU_L	1 to 5	Range of Values	122	122	
SMQ770	SMQRTU_L	7	Refused	0	122	
SMQ770	SMQRTU_L	9	Don't know	0	122	
SMQ770	SMQRTU_L	.	Missing	7077	7199	
SMQ690G	SMQRTU_L	7	Water pipes or Hookahs	46	46	
SMQ690G	SMQRTU_L	.	Missing	7153	7199	
SMQ845	SMQRTU_L	1 to 5	Range of Values	45	45	
SMQ845	SMQRTU_L	7	Refused	0	45	
SMQ845	SMQRTU_L	9	Don't know	1	46	
SMQ845	SMQRTU_L	.	Missing	7153	7199	
SMQ846	SMQRTU_L	1	Yes	400	400	
SMQ846	SMQRTU_L	2	No	5863	6263	SMQ851
SMQ846	SMQRTU_L	7	Refused	1	6264	SMQ851
SMQ846	SMQRTU_L	9	Don't know	4	6268	SMQ851
SMQ846	SMQRTU_L	.	Missing	931	7199	
SMQ849	SMQRTU_L	1 to 5	Range of Values	399	399	
SMQ849	SMQRTU_L	7	Refused	0	399	
SMQ849	SMQRTU_L	9	Don't know	1	400	
SMQ849	SMQRTU_L	.	Missing	6799	7199	
SMQ851	SMQRTU_L	1	Yes	92	92	
SMQ851	SMQRTU_L	2	No	6167	6259	SMQ863
SMQ851	SMQRTU_L	7	Refused	2	6261	SMQ863
SMQ851	SMQRTU_L	9	Don't know	2	6263	SMQ863
SMQ851	SMQRTU_L	.	Missing	936	7199	
SMQ690D	SMQRTU_L	4	Chewing tobacco	30	30	
SMQ690D	SMQRTU_L	77	Refused	2	32	
SMQ690D	SMQRTU_L	99	Don't know	9	41	
SMQ690D	SMQRTU_L	.	Missing	7158	7199	
SMQ690E	SMQRTU_L	5	Snuff	8	8	
SMQ690E	SMQRTU_L	.	Missing	7191	7199	
SMQ690K	SMQRTU_L	11	Other smokeless	51	51	
SMQ690K	SMQRTU_L	.	Missing	7148	7199	
SMQ863	SMQRTU_L	1	Yes	86	86	
SMQ863	SMQRTU_L	2	No	5397	5483	SMDANY
SMQ863	SMQRTU_L	7	Refused	2	5485	SMDANY
SMQ863	SMQRTU_L	9	Don't know	0	5485	SMDANY
SMQ863	SMQRTU_L	.	Missing	1714	7199	
SMQ690F	SMQRTU_L	6	Nicotine patches, gum, or other nicotine replacement therapy product	86	86	
SMQ690F	SMQRTU_L	.	Missing	7113	7199	
SMDANY	SMQRTU_L	1	Yes	1282	1282	
SMDANY	SMQRTU_L	2	No	4969	6251	
SMDANY	SMQRTU_L	7	Refused	1	6252	
SMDANY	SMQRTU_L	9	Don't know	0	6252	
SMDANY	SMQRTU_L	.	Missing	947	7199	
WTSVOC2Y	VTQ_L	11386.962716 to 543590.56928	Range of Values	2960	2960	
WTSVOC2Y	VTQ_L	0	No Lab Result	658	3618	End of Section
WTSVOC2Y	VTQ_L	.	Missing	0	3618	
VTQ231A	VTQ_L	1	Yes	252	252	
VTQ231A	VTQ_L	2	No	2665	2917	
VTQ231A	VTQ_L	7	Refused	0	2917	
VTQ231A	VTQ_L	9	Don't know	40	2957	
VTQ231A	VTQ_L	.	Missing	661	3618	
VTQ233A	VTQ_L	1	Yes	473	473	
VTQ233A	VTQ_L	2	No	2482	2955	
VTQ233A	VTQ_L	7	Refused	0	2955	
VTQ233A	VTQ_L	9	Don't know	2	2957	
VTQ233A	VTQ_L	.	Missing	661	3618	
VTQ233B	VTQ_L	1	Today	252	252	
VTQ233B	VTQ_L	2	Yesterday	157	409	
VTQ233B	VTQ_L	3	More than 2 days	63	472	
VTQ233B	VTQ_L	7	Refused	0	472	
VTQ233B	VTQ_L	9	Don't know	1	473	
VTQ233B	VTQ_L	.	Missing	3145	3618	
VTQ244A	VTQ_L	1	Yes	638	638	
VTQ244A	VTQ_L	2	No	2311	2949	VTQ261A
VTQ244A	VTQ_L	7	Refused	0	2949	VTQ261A
VTQ244A	VTQ_L	9	Don't know	8	2957	VTQ261A
VTQ244A	VTQ_L	.	Missing	661	3618	
VTD244B	VTQ_L	1 to 48	Range of Values	628	628	
VTD244B	VTQ_L	0	Less than one hour	10	638	
VTD244B	VTQ_L	77	Refused	0	638	
VTD244B	VTQ_L	99	Don't know	0	638	
VTD244B	VTQ_L	.	Missing	2980	3618	
VTQ261A	VTQ_L	1	Yes	50	50	
VTQ261A	VTQ_L	2	No	2899	2949	VTQ271A
VTQ261A	VTQ_L	7	Refused	0	2949	VTQ271A
VTQ261A	VTQ_L	9	Don't know	8	2957	VTQ271A
VTQ261A	VTQ_L	.	Missing	661	3618	
VTD261B	VTQ_L	1 to 48	Range of Values	49	49	
VTD261B	VTQ_L	0	Less than one hour	0	49	
VTD261B	VTQ_L	77	Refused	0	49	
VTD261B	VTQ_L	99	Don't know	0	49	
VTD261B	VTQ_L	.	Missing	3569	3618	
VTQ271A	VTQ_L	1	Yes	2286	2286	
VTQ271A	VTQ_L	2	No	666	2952	VTQ281A
VTQ271A	VTQ_L	7	Refused	0	2952	VTQ281A
VTQ271A	VTQ_L	9	Don't know	5	2957	VTQ281A
VTQ271A	VTQ_L	.	Missing	661	3618	
VTD271B	VTQ_L	1 to 48	Range of Values	2285	2285	
VTD271B	VTQ_L	0	Less than one hour	0	2285	
VTD271B	VTQ_L	77	Refused	0	2285	
VTD271B	VTQ_L	99	Don't know	0	2285	
VTD271B	VTQ_L	.	Missing	1333	3618	
VTQ281A	VTQ_L	1	Yes	80	80	
VTQ281A	VTQ_L	2	No	2872	2952	End of Section
VTQ281A	VTQ_L	7	Refused	0	2952	End of Section
VTQ281A	VTQ_L	9	Don't know	4	2956	End of Section
VTQ281A	VTQ_L	.	Missing	662	3618	
VTD281B	VTQ_L	1 to 48	Range of Values	80	80	
VTD281B	VTQ_L	0	Less than one hour	0	80	
VTD281B	VTQ_L	77	Refused	0	80	
VTD281B	VTQ_L	99	Don't know	0	80	
VTD281B	VTQ_L	.	Missing	3538	3618	
WHD010	WHQ_L	40 to 83	Range of Values	8414	8414	
WHD010	WHQ_L	7777	Refused	2	8416	
WHD010	WHQ_L	9999	Don't know	70	8486	
WHD010	WHQ_L	.	Missing	15	8501	
WHD020	WHQ_L	63 to 530	Range of Values	8358	8358	
WHD020	WHQ_L	7777	Refused	40	8398	
WHD020	WHQ_L	9999	Don't know	88	8486	
WHD020	WHQ_L	.	Missing	15	8501	
WHD050	WHQ_L	67 to 530	Range of Values	8272	8272	
WHD050	WHQ_L	7777	Refused	33	8305	
WHD050	WHQ_L	9999	Don't know	181	8486	
WHD050	WHQ_L	.	Missing	15	8501	
WHQ070	WHQ_L	1	Yes	3855	3855	
WHQ070	WHQ_L	2	No	4627	8482	
WHQ070	WHQ_L	7	Refused	1	8483	
WHQ070	WHQ_L	9	Don't know	3	8486	
WHQ070	WHQ_L	.	Missing	15	8501	
